"PBI ID","PBI Title","Product","Task ID","Task Title","Task Assignee","Link Classification","Test Case ID","Test Case Title","Suite Path","Suite ID","Outcome","Tester Clean","Note"
"2804487","[PERF] Costpoint: 2026.3: Feat 1532912 MU Phase 2 - ORA","Costpoint","2702871","[PERF] Costpoint: 2026.3: Feat 1532912 MU Phase 2 - ORA - Scripting","Almar Matira","Tests (correct)","2709583","[QTR] CJOBS_009_PJMPYCST","2026.3 MUPH2 Feature Flag = ON - ORA","2728339","Failed","Almar Matira",""
"2804489","[PERF] Costpoint: 2026.3: Feat 1532912 MU Phase 2 - MSS","Costpoint","2728596","[PERF] Costpoint: 2026.3: Feat 1532912 MU Phase 2 MSS: - Scripting","Almar Matira","Tests (correct)","2709583","[QTR] CJOBS_009_PJMPYCST","2026.3 MUPH2 Feature Flag = ON - ORA","2728339","Failed","Almar Matira",""
"2712978","[PERF] Costpoint: 2026.3: MSS: Quarterly Release Performance Test","Costpoint","2728643","[PERF] Costpoint: 2026.3: Quarterly Release Performance MSS - Test Execution","Almar Matira","Tests (correct)","2709600","[QTR] CJOBS_013_PJRPROJ","2026.3 Quarterly Relase Test - MSS","2728644","Failed","Almar Matira",""
"2712978","[PERF] Costpoint: 2026.3: MSS: Quarterly Release Performance Test","Costpoint","2728643","[PERF] Costpoint: 2026.3: Quarterly Release Performance MSS - Test Execution","Almar Matira","Tests (correct)","2709570","[QTR] CJOBS_002_PJPLDRAT","2026.3 MUPH2 Feature Flag = ON - MSS","2728645","Failed","Almar Matira",""
"2712978","[PERF] Costpoint: 2026.3: MSS: Quarterly Release Performance Test","Costpoint","2728643","[PERF] Costpoint: 2026.3: Quarterly Release Performance MSS - Test Execution","Almar Matira","Tests (correct)","2709600","[QTR] CJOBS_013_PJRPROJ","2026.3 MUPH2 Feature Flag = ON - MSS","2728645","Blocked","Almar Matira",""
"2737376","[PERF] Costpoint: 2026.3: Consulting: Parsons Timesheet Performance Test","Costpoint","2737378","[PERF] Costpoint: 2026.3: Parsons Timesheet Performance Test - Test Execution","Almar Matira","Tests (correct)","2743974","Parsons Weekly Timesheet - Friday Submission 5 Line","2026.3 Parsons Timesheet Performance (1 hour window)","2740680","Failed","Almar Matira",""
"2737376","[PERF] Costpoint: 2026.3: Consulting: Parsons Timesheet Performance Test","Costpoint","2737378","[PERF] Costpoint: 2026.3: Parsons Timesheet Performance Test - Test Execution","Almar Matira","Tests (correct)","2743974","Parsons Weekly Timesheet - Friday Submission 5 Line","2026.3 Parsons Timesheet Performance (1vu every 3 seconds) - Run 2","2832677","Failed","Almar Matira",""
"2737376","[PERF] Costpoint: 2026.3: Consulting: Parsons Timesheet Performance Test","Costpoint","2737394","[PERF] Costpoint: 2026.3: Parsons Timesheet Performance Test - Scripting","Almar Matira","Tests (correct)","2743974","Parsons Weekly Timesheet - Friday Submission 5 Line","2026.3 Parsons Timesheet Performance (1 hour window)","2740680","Failed","Almar Matira",""
"2737376","[PERF] Costpoint: 2026.3: Consulting: Parsons Timesheet Performance Test","Costpoint","2737394","[PERF] Costpoint: 2026.3: Parsons Timesheet Performance Test - Scripting","Almar Matira","Tests (correct)","2743974","Parsons Weekly Timesheet - Friday Submission 5 Line","2026.3 Parsons Timesheet Performance (1vu every 3 seconds) - Run 2","2832677","Failed","Almar Matira",""
"2740867","[PERF] Costpoint: 2026.3: Oracle 26ai OnPremise Performance Test","Costpoint","2745746","[PERF] Costpoint: 2026.3: Oracle 26ai Performance Test - Scripting","Almar Matira","Tests (correct)","2709600","[QTR] CJOBS_013_PJRPROJ","2026.3 MUPH2 Feature Flag = ON - MSS","2728645","Blocked","Almar Matira",""
"2740867","[PERF] Costpoint: 2026.3: Oracle 26ai OnPremise Performance Test","Costpoint","2745746","[PERF] Costpoint: 2026.3: Oracle 26ai Performance Test - Scripting","Almar Matira","Tests (correct)","2709600","[QTR] CJOBS_013_PJRPROJ","2026.3 Quarterly Relase Test - MSS","2728644","Failed","Almar Matira",""
"2740867","[PERF] Costpoint: 2026.3: Oracle 26ai OnPremise Performance Test","Costpoint","2745746","[PERF] Costpoint: 2026.3: Oracle 26ai Performance Test - Scripting","Almar Matira","Tests (correct)","2709600","[QTR] CJOBS_013_PJRPROJ","2026.3 DeltekDev Rollback","2804481","Blocked","Almar Matira",""
"2740867","[PERF] Costpoint: 2026.3: Oracle 26ai OnPremise Performance Test","Costpoint","2745746","[PERF] Costpoint: 2026.3: Oracle 26ai Performance Test - Scripting","Almar Matira","Tests (correct)","2709600","[QTR] CJOBS_013_PJRPROJ","2026.4 MU | OFF = 2308013 (Ph1), OFF = 1532912 (Ph2) - MSS","2855635","Blocked","Almar Matira",""
"2740867","[PERF] Costpoint: 2026.3: Oracle 26ai OnPremise Performance Test","Costpoint","2745746","[PERF] Costpoint: 2026.3: Oracle 26ai Performance Test - Scripting","Almar Matira","Tests (correct)","2709600","[QTR] CJOBS_013_PJRPROJ","2026.4 MU | OFF = 2308013 (Ph1), OFF = 1532912 (Ph2) - ORA","2855633","Blocked","Almar Matira",""
"2740867","[PERF] Costpoint: 2026.3: Oracle 26ai OnPremise Performance Test","Costpoint","2745746","[PERF] Costpoint: 2026.3: Oracle 26ai Performance Test - Scripting","Almar Matira","Tests (correct)","2709600","[QTR] CJOBS_013_PJRPROJ","2026.4 MU | ON = 2308013 (Ph1), OFF = 1532912 (Ph2) - MSS","2855632","Blocked","Almar Matira",""
"2740867","[PERF] Costpoint: 2026.3: Oracle 26ai OnPremise Performance Test","Costpoint","2745746","[PERF] Costpoint: 2026.3: Oracle 26ai Performance Test - Scripting","Almar Matira","Tests (correct)","2709600","[QTR] CJOBS_013_PJRPROJ","2026.4 MU | ON = 2308013 (Ph1), ON = 1532912 (Ph2) - MSS","2855629","Blocked","Almar Matira",""
"2740867","[PERF] Costpoint: 2026.3: Oracle 26ai OnPremise Performance Test","Costpoint","2745746","[PERF] Costpoint: 2026.3: Oracle 26ai Performance Test - Scripting","Almar Matira","Tests (correct)","2709600","[QTR] CJOBS_013_PJRPROJ","2026.4 MU | ON = 2308013 (Ph1), ON = 1532912 (Ph2) - ORA","2855625","Blocked","Almar Matira",""
"2804478","[PERF] Costpoint: 2026.3: Oracle 19c OnPremise Performance Test","Costpoint","2806743","[PERF] Costpoint: 2026.3: Oracle 19c OnPremise Performance Test - Scripting","Almar Matira","Tests (correct)","2709570","[QTR] CJOBS_002_PJPLDRAT","2026.3 MUPH2 Feature Flag = ON - MSS","2728645","Failed","Almar Matira",""
"2804478","[PERF] Costpoint: 2026.3: Oracle 19c OnPremise Performance Test","Costpoint","2806743","[PERF] Costpoint: 2026.3: Oracle 19c OnPremise Performance Test - Scripting","Almar Matira","Tests (correct)","2709583","[QTR] CJOBS_009_PJMPYCST","2026.3 MUPH2 Feature Flag = ON - ORA","2728339","Failed","Almar Matira",""
"2804478","[PERF] Costpoint: 2026.3: Oracle 19c OnPremise Performance Test","Costpoint","2806743","[PERF] Costpoint: 2026.3: Oracle 19c OnPremise Performance Test - Scripting","Almar Matira","Tests (correct)","2709589","[QTR] CJOBS_011_PJPUPPSR","2026.3 MUPH2 Feature Flag = ON - ORA","2728339","Failed","Almar Matira",""
"2804478","[PERF] Costpoint: 2026.3: Oracle 19c OnPremise Performance Test","Costpoint","2806743","[PERF] Costpoint: 2026.3: Oracle 19c OnPremise Performance Test - Scripting","Almar Matira","Tests (correct)","2709600","[QTR] CJOBS_013_PJRPROJ","2026.3 MUPH2 Feature Flag = ON - MSS","2728645","Blocked","Almar Matira",""
"2804478","[PERF] Costpoint: 2026.3: Oracle 19c OnPremise Performance Test","Costpoint","2806743","[PERF] Costpoint: 2026.3: Oracle 19c OnPremise Performance Test - Scripting","Almar Matira","Tests (correct)","2709600","[QTR] CJOBS_013_PJRPROJ","2026.3 Quarterly Relase Test - MSS","2728644","Failed","Almar Matira",""
"2804478","[PERF] Costpoint: 2026.3: Oracle 19c OnPremise Performance Test","Costpoint","2806743","[PERF] Costpoint: 2026.3: Oracle 19c OnPremise Performance Test - Scripting","Almar Matira","Tests (correct)","2709600","[QTR] CJOBS_013_PJRPROJ","2026.3 DeltekDev Rollback","2804481","Blocked","Almar Matira",""
"2804478","[PERF] Costpoint: 2026.3: Oracle 19c OnPremise Performance Test","Costpoint","2806743","[PERF] Costpoint: 2026.3: Oracle 19c OnPremise Performance Test - Scripting","Almar Matira","Tests (correct)","2709600","[QTR] CJOBS_013_PJRPROJ","2026.4 MU | OFF = 2308013 (Ph1), OFF = 1532912 (Ph2) - MSS","2855635","Blocked","Almar Matira",""
"2804478","[PERF] Costpoint: 2026.3: Oracle 19c OnPremise Performance Test","Costpoint","2806743","[PERF] Costpoint: 2026.3: Oracle 19c OnPremise Performance Test - Scripting","Almar Matira","Tests (correct)","2709600","[QTR] CJOBS_013_PJRPROJ","2026.4 MU | OFF = 2308013 (Ph1), OFF = 1532912 (Ph2) - ORA","2855633","Blocked","Almar Matira",""
"2804478","[PERF] Costpoint: 2026.3: Oracle 19c OnPremise Performance Test","Costpoint","2806743","[PERF] Costpoint: 2026.3: Oracle 19c OnPremise Performance Test - Scripting","Almar Matira","Tests (correct)","2709600","[QTR] CJOBS_013_PJRPROJ","2026.4 MU | ON = 2308013 (Ph1), OFF = 1532912 (Ph2) - MSS","2855632","Blocked","Almar Matira",""
"2804478","[PERF] Costpoint: 2026.3: Oracle 19c OnPremise Performance Test","Costpoint","2806743","[PERF] Costpoint: 2026.3: Oracle 19c OnPremise Performance Test - Scripting","Almar Matira","Tests (correct)","2709600","[QTR] CJOBS_013_PJRPROJ","2026.4 MU | ON = 2308013 (Ph1), ON = 1532912 (Ph2) - MSS","2855629","Blocked","Almar Matira",""
"2804478","[PERF] Costpoint: 2026.3: Oracle 19c OnPremise Performance Test","Costpoint","2806743","[PERF] Costpoint: 2026.3: Oracle 19c OnPremise Performance Test - Scripting","Almar Matira","Tests (correct)","2709600","[QTR] CJOBS_013_PJRPROJ","2026.4 MU | ON = 2308013 (Ph1), ON = 1532912 (Ph2) - ORA","2855625","Blocked","Almar Matira",""
"2804487","[PERF] Costpoint: 2026.3: Feat 1532912 MU Phase 2 - ORA","Costpoint","2814206","[PERF] Costpoint: 2026.3: Feat 1532912 MU Phase 2 - ORA: Test Execution","Almar Matira","Tests (correct)","2709583","[QTR] CJOBS_009_PJMPYCST","2026.3 MUPH2 Feature Flag = ON - ORA","2728339","Failed","Almar Matira",""
"2804487","[PERF] Costpoint: 2026.3: Feat 1532912 MU Phase 2 - ORA","Costpoint","2814206","[PERF] Costpoint: 2026.3: Feat 1532912 MU Phase 2 - ORA: Test Execution","Almar Matira","Tests (correct)","2709589","[QTR] CJOBS_011_PJPUPPSR","2026.3 MUPH2 Feature Flag = ON - ORA","2728339","Failed","Almar Matira",""
"2804489","[PERF] Costpoint: 2026.3: Feat 1532912 MU Phase 2 - MSS","Costpoint","2823391","[PERF] Costpoint: 2026.3: Feat 1532912 MU Phase 2 MSS: - Test Execution","Almar Matira","Tests (correct)","2709570","[QTR] CJOBS_002_PJPLDRAT","2026.3 MUPH2 Feature Flag = ON - MSS","2728645","Failed","Almar Matira",""
"2804489","[PERF] Costpoint: 2026.3: Feat 1532912 MU Phase 2 - MSS","Costpoint","2823391","[PERF] Costpoint: 2026.3: Feat 1532912 MU Phase 2 MSS: - Test Execution","Almar Matira","Tests (correct)","2709600","[QTR] CJOBS_013_PJRPROJ","2026.3 MUPH2 Feature Flag = ON - MSS","2728645","Blocked","Almar Matira",""
"2814213","[PERF] Costpoint: LR to JMeter Conversion","Costpoint","2826651","[PERF] Costpoint: 2026.3: LR to JMeter Conversion - Scripting","Almar Matira","Tests (correct)","2709570","[QTR] CJOBS_002_PJPLDRAT","2026.3 MUPH2 Feature Flag = ON - MSS","2728645","Failed","Almar Matira",""
"2814213","[PERF] Costpoint: LR to JMeter Conversion","Costpoint","2826651","[PERF] Costpoint: 2026.3: LR to JMeter Conversion - Scripting","Almar Matira","Tests (correct)","2709583","[QTR] CJOBS_009_PJMPYCST","2026.3 MUPH2 Feature Flag = ON - ORA","2728339","Failed","Almar Matira",""
"2814213","[PERF] Costpoint: LR to JMeter Conversion","Costpoint","2826651","[PERF] Costpoint: 2026.3: LR to JMeter Conversion - Scripting","Almar Matira","Tests (correct)","2709589","[QTR] CJOBS_011_PJPUPPSR","2026.3 MUPH2 Feature Flag = ON - ORA","2728339","Failed","Almar Matira",""
"2814213","[PERF] Costpoint: LR to JMeter Conversion","Costpoint","2826651","[PERF] Costpoint: 2026.3: LR to JMeter Conversion - Scripting","Almar Matira","Tests (correct)","2709600","[QTR] CJOBS_013_PJRPROJ","2026.3 MUPH2 Feature Flag = ON - MSS","2728645","Blocked","Almar Matira",""
"2814213","[PERF] Costpoint: LR to JMeter Conversion","Costpoint","2826651","[PERF] Costpoint: 2026.3: LR to JMeter Conversion - Scripting","Almar Matira","Tests (correct)","2709600","[QTR] CJOBS_013_PJRPROJ","2026.3 Quarterly Relase Test - MSS","2728644","Failed","Almar Matira",""
"2814213","[PERF] Costpoint: LR to JMeter Conversion","Costpoint","2826651","[PERF] Costpoint: 2026.3: LR to JMeter Conversion - Scripting","Almar Matira","Tests (correct)","2709600","[QTR] CJOBS_013_PJRPROJ","2026.3 DeltekDev Rollback","2804481","Blocked","Almar Matira",""
"2814213","[PERF] Costpoint: LR to JMeter Conversion","Costpoint","2826651","[PERF] Costpoint: 2026.3: LR to JMeter Conversion - Scripting","Almar Matira","Tests (correct)","2709600","[QTR] CJOBS_013_PJRPROJ","2026.4 MU | OFF = 2308013 (Ph1), OFF = 1532912 (Ph2) - MSS","2855635","Blocked","Almar Matira",""
"2814213","[PERF] Costpoint: LR to JMeter Conversion","Costpoint","2826651","[PERF] Costpoint: 2026.3: LR to JMeter Conversion - Scripting","Almar Matira","Tests (correct)","2709600","[QTR] CJOBS_013_PJRPROJ","2026.4 MU | OFF = 2308013 (Ph1), OFF = 1532912 (Ph2) - ORA","2855633","Blocked","Almar Matira",""
"2814213","[PERF] Costpoint: LR to JMeter Conversion","Costpoint","2826651","[PERF] Costpoint: 2026.3: LR to JMeter Conversion - Scripting","Almar Matira","Tests (correct)","2709600","[QTR] CJOBS_013_PJRPROJ","2026.4 MU | ON = 2308013 (Ph1), OFF = 1532912 (Ph2) - MSS","2855632","Blocked","Almar Matira",""
"2814213","[PERF] Costpoint: LR to JMeter Conversion","Costpoint","2826651","[PERF] Costpoint: 2026.3: LR to JMeter Conversion - Scripting","Almar Matira","Tests (correct)","2709600","[QTR] CJOBS_013_PJRPROJ","2026.4 MU | ON = 2308013 (Ph1), ON = 1532912 (Ph2) - MSS","2855629","Blocked","Almar Matira",""
"2814213","[PERF] Costpoint: LR to JMeter Conversion","Costpoint","2826651","[PERF] Costpoint: 2026.3: LR to JMeter Conversion - Scripting","Almar Matira","Tests (correct)","2709600","[QTR] CJOBS_013_PJRPROJ","2026.4 MU | ON = 2308013 (Ph1), ON = 1532912 (Ph2) - ORA","2855625","Blocked","Almar Matira",""
"2712978","[PERF] Costpoint: 2026.3: MSS: Quarterly Release Performance Test","Costpoint","2834241","[PERF] Costpoint: 2026.3: Quarterly Release Performance MSS - Scripting","Almar Matira","Tests (correct)","2709570","[QTR] CJOBS_002_PJPLDRAT","2026.3 MUPH2 Feature Flag = ON - MSS","2728645","Failed","Almar Matira",""
"2712978","[PERF] Costpoint: 2026.3: MSS: Quarterly Release Performance Test","Costpoint","2834241","[PERF] Costpoint: 2026.3: Quarterly Release Performance MSS - Scripting","Almar Matira","Tests (correct)","2709583","[QTR] CJOBS_009_PJMPYCST","2026.3 MUPH2 Feature Flag = ON - ORA","2728339","Failed","Almar Matira",""
"2712978","[PERF] Costpoint: 2026.3: MSS: Quarterly Release Performance Test","Costpoint","2834241","[PERF] Costpoint: 2026.3: Quarterly Release Performance MSS - Scripting","Almar Matira","Tests (correct)","2709589","[QTR] CJOBS_011_PJPUPPSR","2026.3 MUPH2 Feature Flag = ON - ORA","2728339","Failed","Almar Matira",""
"2712978","[PERF] Costpoint: 2026.3: MSS: Quarterly Release Performance Test","Costpoint","2834241","[PERF] Costpoint: 2026.3: Quarterly Release Performance MSS - Scripting","Almar Matira","Tests (correct)","2709600","[QTR] CJOBS_013_PJRPROJ","2026.3 MUPH2 Feature Flag = ON - MSS","2728645","Blocked","Almar Matira",""
"2712978","[PERF] Costpoint: 2026.3: MSS: Quarterly Release Performance Test","Costpoint","2834241","[PERF] Costpoint: 2026.3: Quarterly Release Performance MSS - Scripting","Almar Matira","Tests (correct)","2709600","[QTR] CJOBS_013_PJRPROJ","2026.3 Quarterly Relase Test - MSS","2728644","Failed","Almar Matira",""
"2712978","[PERF] Costpoint: 2026.3: MSS: Quarterly Release Performance Test","Costpoint","2834241","[PERF] Costpoint: 2026.3: Quarterly Release Performance MSS - Scripting","Almar Matira","Tests (correct)","2709600","[QTR] CJOBS_013_PJRPROJ","2026.3 DeltekDev Rollback","2804481","Blocked","Almar Matira",""
"2712978","[PERF] Costpoint: 2026.3: MSS: Quarterly Release Performance Test","Costpoint","2834241","[PERF] Costpoint: 2026.3: Quarterly Release Performance MSS - Scripting","Almar Matira","Tests (correct)","2709600","[QTR] CJOBS_013_PJRPROJ","2026.4 MU | OFF = 2308013 (Ph1), OFF = 1532912 (Ph2) - MSS","2855635","Blocked","Almar Matira",""
"2712978","[PERF] Costpoint: 2026.3: MSS: Quarterly Release Performance Test","Costpoint","2834241","[PERF] Costpoint: 2026.3: Quarterly Release Performance MSS - Scripting","Almar Matira","Tests (correct)","2709600","[QTR] CJOBS_013_PJRPROJ","2026.4 MU | OFF = 2308013 (Ph1), OFF = 1532912 (Ph2) - ORA","2855633","Blocked","Almar Matira",""
"2712978","[PERF] Costpoint: 2026.3: MSS: Quarterly Release Performance Test","Costpoint","2834241","[PERF] Costpoint: 2026.3: Quarterly Release Performance MSS - Scripting","Almar Matira","Tests (correct)","2709600","[QTR] CJOBS_013_PJRPROJ","2026.4 MU | ON = 2308013 (Ph1), OFF = 1532912 (Ph2) - MSS","2855632","Blocked","Almar Matira",""
"2712978","[PERF] Costpoint: 2026.3: MSS: Quarterly Release Performance Test","Costpoint","2834241","[PERF] Costpoint: 2026.3: Quarterly Release Performance MSS - Scripting","Almar Matira","Tests (correct)","2709600","[QTR] CJOBS_013_PJRPROJ","2026.4 MU | ON = 2308013 (Ph1), ON = 1532912 (Ph2) - MSS","2855629","Blocked","Almar Matira",""
"2712978","[PERF] Costpoint: 2026.3: MSS: Quarterly Release Performance Test","Costpoint","2834241","[PERF] Costpoint: 2026.3: Quarterly Release Performance MSS - Scripting","Almar Matira","Tests (correct)","2709600","[QTR] CJOBS_013_PJRPROJ","2026.4 MU | ON = 2308013 (Ph1), ON = 1532912 (Ph2) - ORA","2855625","Blocked","Almar Matira",""
"2855586","[PERF] Costpoint: 2026.4: Feature 1532912 Compute Revenue Performance - Multicurrency - Revenue for Billing Currency PSR Phase 2 (ORA)","Costpoint","2855587","[PERF] Costpoint: 2026.4: Feature 1532912 Compute Revenue Performance - Multicurrency - Revenue for Billing Currency PSR Phase 2 (ORA) - Test Execution","Almar Matira","Tests (correct)","2709600","[QTR] CJOBS_013_PJRPROJ","2026.4 MU | ON = 2308013 (Ph1), ON = 1532912 (Ph2) - ORA","2855625","Blocked","Almar Matira",""
"2855586","[PERF] Costpoint: 2026.4: Feature 1532912 Compute Revenue Performance - Multicurrency - Revenue for Billing Currency PSR Phase 2 (ORA)","Costpoint","2855587","[PERF] Costpoint: 2026.4: Feature 1532912 Compute Revenue Performance - Multicurrency - Revenue for Billing Currency PSR Phase 2 (ORA) - Test Execution","Almar Matira","Tests (correct)","2709600","[QTR] CJOBS_013_PJRPROJ","2026.4 MU | OFF = 2308013 (Ph1), OFF = 1532912 (Ph2) - ORA","2855633","Blocked","Almar Matira",""
"2855589","[PERF] Costpoint: 2026.4: Feature 1532912 Compute Revenue Performance - Multicurrency - Revenue for Billing Currency PSR Phase 2 (MSS)","Costpoint","2855591","[PERF] [PERF] Costpoint: 2026.4: Feature 1532912 Compute Revenue Performance - Multicurrency - Revenue for Billing Currency PSR Phase 2 (MSS) - Test Execution","Almar Matira","Tests (correct)","2709600","[QTR] CJOBS_013_PJRPROJ","2026.4 MU | ON = 2308013 (Ph1), ON = 1532912 (Ph2) - MSS","2855629","Blocked","Almar Matira",""
"2855589","[PERF] Costpoint: 2026.4: Feature 1532912 Compute Revenue Performance - Multicurrency - Revenue for Billing Currency PSR Phase 2 (MSS)","Costpoint","2855591","[PERF] [PERF] Costpoint: 2026.4: Feature 1532912 Compute Revenue Performance - Multicurrency - Revenue for Billing Currency PSR Phase 2 (MSS) - Test Execution","Almar Matira","Tests (correct)","2709600","[QTR] CJOBS_013_PJRPROJ","2026.4 MU | ON = 2308013 (Ph1), OFF = 1532912 (Ph2) - MSS","2855632","Blocked","Almar Matira",""
"2855589","[PERF] Costpoint: 2026.4: Feature 1532912 Compute Revenue Performance - Multicurrency - Revenue for Billing Currency PSR Phase 2 (MSS)","Costpoint","2855591","[PERF] [PERF] Costpoint: 2026.4: Feature 1532912 Compute Revenue Performance - Multicurrency - Revenue for Billing Currency PSR Phase 2 (MSS) - Test Execution","Almar Matira","Tests (correct)","2709600","[QTR] CJOBS_013_PJRPROJ","2026.4 MU | OFF = 2308013 (Ph1), OFF = 1532912 (Ph2) - MSS","2855635","Blocked","Almar Matira",""
"2748618","[PERF] Acumen Touchstone:8.11: 2026.3: SQL: Performance Test","Acumen","2748629","[PERF] Acumen Touchstone 8.11: 2026.R3: SQL: - Scripting","Joseph Estrella","Tests (correct)","2783722","ATS_002_Accessing the Views in Touchstone","ATS812_SQL_1usr","2781304","Failed","Joseph Estrella",""
"2748614","[PERF] Acumen Touchstone:8.12: 2026.3: SQL: Performance Test","Acumen","2748631","[PERF] Acumen Touchstone:8.12: 2026.R3: SQL: - Scripting","Joseph Estrella","Tests (correct)","2783722","ATS_002_Accessing the Views in Touchstone","ATS812_SQL_1usr","2781304","Failed","Joseph Estrella",""
"2748612","[PERF] Acumen Touchstone:8.12: 2026.3: ORA: Performance Test","Acumen","2748633","[PERF] Acumen Touchstone:8.12: 2026.R3: ORA: - Scripting","Joseph Estrella","Tests (correct)","2783722","ATS_002_Accessing the Views in Touchstone","ATS812_SQL_1usr","2781304","Failed","Joseph Estrella",""
"2748611","[PERF] Acumen Touchstone:8.11: 2026.3: ORA: Performance Test","Acumen","2748634","[PERF] Acumen Touchstone:8.11: 2026.R3: ORA: - Scripting","Joseph Estrella","Tests (correct)","2783722","ATS_002_Accessing the Views in Touchstone","ATS812_SQL_1usr","2781304","Failed","Joseph Estrella",""
"2748595","[PERF] Cobra: 8.8: 2026.3: ORA Quarterly Release Performance Test","Cobra","2748642","[PERF] Cobra: 8.8: 2026.3: ORA Quarterly Release: - Scripting","Joseph Estrella","Child (MISTAKE - should be Tests)","2817254","CBRA_API_01","API_ORA","2817150","Unspecified","Joseph Estrella",""
"2748595","[PERF] Cobra: 8.8: 2026.3: ORA Quarterly Release Performance Test","Cobra","2748642","[PERF] Cobra: 8.8: 2026.3: ORA Quarterly Release: - Scripting","Joseph Estrella","Child (MISTAKE - should be Tests)","2817254","CBRA_API_01","Cobra88_ORA_1usr","2832479","Passed","Joseph Estrella",""
"2748595","[PERF] Cobra: 8.8: 2026.3: ORA Quarterly Release Performance Test","Cobra","2748642","[PERF] Cobra: 8.8: 2026.3: ORA Quarterly Release: - Scripting","Joseph Estrella","Child (MISTAKE - should be Tests)","2817255","CBRA_API_02","API_ORA","2817150","Unspecified","Joseph Estrella",""
"2748595","[PERF] Cobra: 8.8: 2026.3: ORA Quarterly Release Performance Test","Cobra","2748642","[PERF] Cobra: 8.8: 2026.3: ORA Quarterly Release: - Scripting","Joseph Estrella","Child (MISTAKE - should be Tests)","2817255","CBRA_API_02","Cobra88_ORA_1usr","2832479","Passed","Joseph Estrella",""
"2748595","[PERF] Cobra: 8.8: 2026.3: ORA Quarterly Release Performance Test","Cobra","2748642","[PERF] Cobra: 8.8: 2026.3: ORA Quarterly Release: - Scripting","Joseph Estrella","Child (MISTAKE - should be Tests)","2817256","CBRA_API_03","API_ORA","2817150","Unspecified","Joseph Estrella",""
"2748595","[PERF] Cobra: 8.8: 2026.3: ORA Quarterly Release Performance Test","Cobra","2748642","[PERF] Cobra: 8.8: 2026.3: ORA Quarterly Release: - Scripting","Joseph Estrella","Child (MISTAKE - should be Tests)","2817256","CBRA_API_03","Cobra88_ORA_1usr","2832479","Passed","Joseph Estrella",""
"2748595","[PERF] Cobra: 8.8: 2026.3: ORA Quarterly Release Performance Test","Cobra","2748642","[PERF] Cobra: 8.8: 2026.3: ORA Quarterly Release: - Scripting","Joseph Estrella","Child (MISTAKE - should be Tests)","2817257","CBRA_API_04","API_ORA","2817150","Unspecified","Joseph Estrella",""
"2748595","[PERF] Cobra: 8.8: 2026.3: ORA Quarterly Release Performance Test","Cobra","2748642","[PERF] Cobra: 8.8: 2026.3: ORA Quarterly Release: - Scripting","Joseph Estrella","Child (MISTAKE - should be Tests)","2817257","CBRA_API_04","Cobra88_ORA_1usr","2832479","Passed","Joseph Estrella",""
"2748595","[PERF] Cobra: 8.8: 2026.3: ORA Quarterly Release Performance Test","Cobra","2748642","[PERF] Cobra: 8.8: 2026.3: ORA Quarterly Release: - Scripting","Joseph Estrella","Child (MISTAKE - should be Tests)","2817258","CBRA_API_05","API_ORA","2817150","Unspecified","Joseph Estrella",""
"2748595","[PERF] Cobra: 8.8: 2026.3: ORA Quarterly Release Performance Test","Cobra","2748642","[PERF] Cobra: 8.8: 2026.3: ORA Quarterly Release: - Scripting","Joseph Estrella","Child (MISTAKE - should be Tests)","2817258","CBRA_API_05","Cobra88_ORA_1usr","2832479","Passed","Joseph Estrella",""
"2748595","[PERF] Cobra: 8.8: 2026.3: ORA Quarterly Release Performance Test","Cobra","2748642","[PERF] Cobra: 8.8: 2026.3: ORA Quarterly Release: - Scripting","Joseph Estrella","Child (MISTAKE - should be Tests)","2817259","CBRA_API_06","API_ORA","2817150","Unspecified","Joseph Estrella",""
"2748595","[PERF] Cobra: 8.8: 2026.3: ORA Quarterly Release Performance Test","Cobra","2748642","[PERF] Cobra: 8.8: 2026.3: ORA Quarterly Release: - Scripting","Joseph Estrella","Child (MISTAKE - should be Tests)","2817259","CBRA_API_06","Cobra88_ORA_1usr","2832479","Passed","Joseph Estrella",""
"2748595","[PERF] Cobra: 8.8: 2026.3: ORA Quarterly Release Performance Test","Cobra","2748642","[PERF] Cobra: 8.8: 2026.3: ORA Quarterly Release: - Scripting","Joseph Estrella","Child (MISTAKE - should be Tests)","2817260","CBRA_API_07","API_ORA","2817150","Unspecified","Joseph Estrella",""
"2748595","[PERF] Cobra: 8.8: 2026.3: ORA Quarterly Release Performance Test","Cobra","2748642","[PERF] Cobra: 8.8: 2026.3: ORA Quarterly Release: - Scripting","Joseph Estrella","Child (MISTAKE - should be Tests)","2817260","CBRA_API_07","Cobra88_ORA_1usr","2832479","Passed","Joseph Estrella",""
"2748595","[PERF] Cobra: 8.8: 2026.3: ORA Quarterly Release Performance Test","Cobra","2748642","[PERF] Cobra: 8.8: 2026.3: ORA Quarterly Release: - Scripting","Joseph Estrella","Child (MISTAKE - should be Tests)","2817261","CBRA_API_08","API_ORA","2817150","Unspecified","Joseph Estrella",""
"2748595","[PERF] Cobra: 8.8: 2026.3: ORA Quarterly Release Performance Test","Cobra","2748642","[PERF] Cobra: 8.8: 2026.3: ORA Quarterly Release: - Scripting","Joseph Estrella","Child (MISTAKE - should be Tests)","2817261","CBRA_API_08","Cobra88_ORA_1usr","2832479","Passed","Joseph Estrella",""
"2748595","[PERF] Cobra: 8.8: 2026.3: ORA Quarterly Release Performance Test","Cobra","2748642","[PERF] Cobra: 8.8: 2026.3: ORA Quarterly Release: - Scripting","Joseph Estrella","Child (MISTAKE - should be Tests)","2817262","CBRA_API_09","API_ORA","2817150","Unspecified","Joseph Estrella",""
"2748595","[PERF] Cobra: 8.8: 2026.3: ORA Quarterly Release Performance Test","Cobra","2748642","[PERF] Cobra: 8.8: 2026.3: ORA Quarterly Release: - Scripting","Joseph Estrella","Child (MISTAKE - should be Tests)","2817262","CBRA_API_09","Cobra88_ORA_1usr","2832479","Failed","Joseph Estrella",""
"2748595","[PERF] Cobra: 8.8: 2026.3: ORA Quarterly Release Performance Test","Cobra","2748642","[PERF] Cobra: 8.8: 2026.3: ORA Quarterly Release: - Scripting","Joseph Estrella","Child (MISTAKE - should be Tests)","2817263","CBRA_API_10","API_ORA","2817150","Unspecified","Joseph Estrella",""
"2748595","[PERF] Cobra: 8.8: 2026.3: ORA Quarterly Release Performance Test","Cobra","2748642","[PERF] Cobra: 8.8: 2026.3: ORA Quarterly Release: - Scripting","Joseph Estrella","Child (MISTAKE - should be Tests)","2817263","CBRA_API_10","Cobra88_ORA_1usr","2832479","Passed","Joseph Estrella",""
"2748595","[PERF] Cobra: 8.8: 2026.3: ORA Quarterly Release Performance Test","Cobra","2748642","[PERF] Cobra: 8.8: 2026.3: ORA Quarterly Release: - Scripting","Joseph Estrella","Child (MISTAKE - should be Tests)","2817264","CBRA_API_11","API_ORA","2817150","Unspecified","Joseph Estrella",""
"2748595","[PERF] Cobra: 8.8: 2026.3: ORA Quarterly Release Performance Test","Cobra","2748642","[PERF] Cobra: 8.8: 2026.3: ORA Quarterly Release: - Scripting","Joseph Estrella","Child (MISTAKE - should be Tests)","2817264","CBRA_API_11","Cobra88_ORA_1usr","2832479","Passed","Joseph Estrella",""
"2748595","[PERF] Cobra: 8.8: 2026.3: ORA Quarterly Release Performance Test","Cobra","2748642","[PERF] Cobra: 8.8: 2026.3: ORA Quarterly Release: - Scripting","Joseph Estrella","Child (MISTAKE - should be Tests)","2817265","CBRA_API_12","API_ORA","2817150","Unspecified","Joseph Estrella",""
"2748595","[PERF] Cobra: 8.8: 2026.3: ORA Quarterly Release Performance Test","Cobra","2748642","[PERF] Cobra: 8.8: 2026.3: ORA Quarterly Release: - Scripting","Joseph Estrella","Child (MISTAKE - should be Tests)","2817265","CBRA_API_12","Cobra88_ORA_1usr","2832479","Passed","Joseph Estrella",""
"2748595","[PERF] Cobra: 8.8: 2026.3: ORA Quarterly Release Performance Test","Cobra","2748642","[PERF] Cobra: 8.8: 2026.3: ORA Quarterly Release: - Scripting","Joseph Estrella","Child (MISTAKE - should be Tests)","2817266","CBRA_API_13","API_ORA","2817150","Unspecified","Joseph Estrella",""
"2748595","[PERF] Cobra: 8.8: 2026.3: ORA Quarterly Release Performance Test","Cobra","2748642","[PERF] Cobra: 8.8: 2026.3: ORA Quarterly Release: - Scripting","Joseph Estrella","Child (MISTAKE - should be Tests)","2817266","CBRA_API_13","Cobra88_ORA_1usr","2832479","Passed","Joseph Estrella",""
"2748595","[PERF] Cobra: 8.8: 2026.3: ORA Quarterly Release Performance Test","Cobra","2748642","[PERF] Cobra: 8.8: 2026.3: ORA Quarterly Release: - Scripting","Joseph Estrella","Child (MISTAKE - should be Tests)","2817267","CBRA_API_14","API_ORA","2817150","Unspecified","Joseph Estrella",""
"2748595","[PERF] Cobra: 8.8: 2026.3: ORA Quarterly Release Performance Test","Cobra","2748642","[PERF] Cobra: 8.8: 2026.3: ORA Quarterly Release: - Scripting","Joseph Estrella","Child (MISTAKE - should be Tests)","2817267","CBRA_API_14","Cobra88_ORA_1usr","2832479","Passed","Joseph Estrella",""
"2748595","[PERF] Cobra: 8.8: 2026.3: ORA Quarterly Release Performance Test","Cobra","2748642","[PERF] Cobra: 8.8: 2026.3: ORA Quarterly Release: - Scripting","Joseph Estrella","Child (MISTAKE - should be Tests)","2817268","CBRA_API_15","API_ORA","2817150","Unspecified","Joseph Estrella",""
"2748595","[PERF] Cobra: 8.8: 2026.3: ORA Quarterly Release Performance Test","Cobra","2748642","[PERF] Cobra: 8.8: 2026.3: ORA Quarterly Release: - Scripting","Joseph Estrella","Child (MISTAKE - should be Tests)","2817268","CBRA_API_15","Cobra88_ORA_1usr","2832479","Passed","Joseph Estrella",""
"2748595","[PERF] Cobra: 8.8: 2026.3: ORA Quarterly Release Performance Test","Cobra","2748642","[PERF] Cobra: 8.8: 2026.3: ORA Quarterly Release: - Scripting","Joseph Estrella","Child (MISTAKE - should be Tests)","2817269","CBRA_API_16","API_ORA","2817150","Unspecified","Joseph Estrella",""
"2748595","[PERF] Cobra: 8.8: 2026.3: ORA Quarterly Release Performance Test","Cobra","2748642","[PERF] Cobra: 8.8: 2026.3: ORA Quarterly Release: - Scripting","Joseph Estrella","Child (MISTAKE - should be Tests)","2817269","CBRA_API_16","Cobra88_ORA_1usr","2832479","Passed","Joseph Estrella",""
"2748595","[PERF] Cobra: 8.8: 2026.3: ORA Quarterly Release Performance Test","Cobra","2748642","[PERF] Cobra: 8.8: 2026.3: ORA Quarterly Release: - Scripting","Joseph Estrella","Child (MISTAKE - should be Tests)","2817270","CBRA_API_17","API_ORA","2817150","Unspecified","Joseph Estrella",""
"2748595","[PERF] Cobra: 8.8: 2026.3: ORA Quarterly Release Performance Test","Cobra","2748642","[PERF] Cobra: 8.8: 2026.3: ORA Quarterly Release: - Scripting","Joseph Estrella","Child (MISTAKE - should be Tests)","2817270","CBRA_API_17","Cobra88_ORA_1usr","2832479","Passed","Joseph Estrella",""
"2748595","[PERF] Cobra: 8.8: 2026.3: ORA Quarterly Release Performance Test","Cobra","2748642","[PERF] Cobra: 8.8: 2026.3: ORA Quarterly Release: - Scripting","Joseph Estrella","Child (MISTAKE - should be Tests)","2817271","CBRA_API_18","API_ORA","2817150","Unspecified","Joseph Estrella",""
"2748595","[PERF] Cobra: 8.8: 2026.3: ORA Quarterly Release Performance Test","Cobra","2748642","[PERF] Cobra: 8.8: 2026.3: ORA Quarterly Release: - Scripting","Joseph Estrella","Child (MISTAKE - should be Tests)","2817271","CBRA_API_18","Cobra88_ORA_1usr","2832479","Passed","Joseph Estrella",""
"2748595","[PERF] Cobra: 8.8: 2026.3: ORA Quarterly Release Performance Test","Cobra","2748642","[PERF] Cobra: 8.8: 2026.3: ORA Quarterly Release: - Scripting","Joseph Estrella","Child (MISTAKE - should be Tests)","2817272","CBRA_API_19","API_ORA","2817150","Unspecified","Joseph Estrella",""
"2748595","[PERF] Cobra: 8.8: 2026.3: ORA Quarterly Release Performance Test","Cobra","2748642","[PERF] Cobra: 8.8: 2026.3: ORA Quarterly Release: - Scripting","Joseph Estrella","Child (MISTAKE - should be Tests)","2817272","CBRA_API_19","Cobra88_ORA_1usr","2832479","Passed","Joseph Estrella",""
"2748595","[PERF] Cobra: 8.8: 2026.3: ORA Quarterly Release Performance Test","Cobra","2748642","[PERF] Cobra: 8.8: 2026.3: ORA Quarterly Release: - Scripting","Joseph Estrella","Child (MISTAKE - should be Tests)","2817273","CBRA_API_20","API_ORA","2817150","Unspecified","Joseph Estrella",""
"2748595","[PERF] Cobra: 8.8: 2026.3: ORA Quarterly Release Performance Test","Cobra","2748642","[PERF] Cobra: 8.8: 2026.3: ORA Quarterly Release: - Scripting","Joseph Estrella","Child (MISTAKE - should be Tests)","2817273","CBRA_API_20","Cobra88_ORA_1usr","2832479","Passed","Joseph Estrella",""
"2748595","[PERF] Cobra: 8.8: 2026.3: ORA Quarterly Release Performance Test","Cobra","2748642","[PERF] Cobra: 8.8: 2026.3: ORA Quarterly Release: - Scripting","Joseph Estrella","Child (MISTAKE - should be Tests)","2817274","CBRA_API_21","API_ORA","2817150","Unspecified","Joseph Estrella",""
"2748595","[PERF] Cobra: 8.8: 2026.3: ORA Quarterly Release Performance Test","Cobra","2748642","[PERF] Cobra: 8.8: 2026.3: ORA Quarterly Release: - Scripting","Joseph Estrella","Child (MISTAKE - should be Tests)","2817274","CBRA_API_21","Cobra88_ORA_1usr","2832479","Passed","Joseph Estrella",""
"2748595","[PERF] Cobra: 8.8: 2026.3: ORA Quarterly Release Performance Test","Cobra","2748642","[PERF] Cobra: 8.8: 2026.3: ORA Quarterly Release: - Scripting","Joseph Estrella","Child (MISTAKE - should be Tests)","2817275","CBRA_API_22","API_ORA","2817150","Unspecified","Joseph Estrella",""
"2748595","[PERF] Cobra: 8.8: 2026.3: ORA Quarterly Release Performance Test","Cobra","2748642","[PERF] Cobra: 8.8: 2026.3: ORA Quarterly Release: - Scripting","Joseph Estrella","Child (MISTAKE - should be Tests)","2817275","CBRA_API_22","Cobra88_ORA_1usr","2832479","Passed","Joseph Estrella",""
"2748595","[PERF] Cobra: 8.8: 2026.3: ORA Quarterly Release Performance Test","Cobra","2748642","[PERF] Cobra: 8.8: 2026.3: ORA Quarterly Release: - Scripting","Joseph Estrella","Child (MISTAKE - should be Tests)","2817277","CBRA_GUI_01","Cobra88_ORA_1usr","2832479","Passed","Joseph Estrella",""
"2748595","[PERF] Cobra: 8.8: 2026.3: ORA Quarterly Release Performance Test","Cobra","2748642","[PERF] Cobra: 8.8: 2026.3: ORA Quarterly Release: - Scripting","Joseph Estrella","Child (MISTAKE - should be Tests)","2817277","CBRA_GUI_01","GUI_ORA","2817149","Unspecified","Joseph Estrella",""
"2748595","[PERF] Cobra: 8.8: 2026.3: ORA Quarterly Release Performance Test","Cobra","2748642","[PERF] Cobra: 8.8: 2026.3: ORA Quarterly Release: - Scripting","Joseph Estrella","Child (MISTAKE - should be Tests)","2817278","CBRA_GUI_02","Cobra88_ORA_1usr","2832479","Passed","Joseph Estrella",""
"2748595","[PERF] Cobra: 8.8: 2026.3: ORA Quarterly Release Performance Test","Cobra","2748642","[PERF] Cobra: 8.8: 2026.3: ORA Quarterly Release: - Scripting","Joseph Estrella","Child (MISTAKE - should be Tests)","2817278","CBRA_GUI_02","GUI_ORA","2817149","Unspecified","Joseph Estrella",""
"2748595","[PERF] Cobra: 8.8: 2026.3: ORA Quarterly Release Performance Test","Cobra","2748642","[PERF] Cobra: 8.8: 2026.3: ORA Quarterly Release: - Scripting","Joseph Estrella","Child (MISTAKE - should be Tests)","2817279","CBRA_GUI_03","Cobra88_ORA_1usr","2832479","Passed","Joseph Estrella",""
"2748595","[PERF] Cobra: 8.8: 2026.3: ORA Quarterly Release Performance Test","Cobra","2748642","[PERF] Cobra: 8.8: 2026.3: ORA Quarterly Release: - Scripting","Joseph Estrella","Child (MISTAKE - should be Tests)","2817279","CBRA_GUI_03","GUI_ORA","2817149","Unspecified","Joseph Estrella",""
"2748595","[PERF] Cobra: 8.8: 2026.3: ORA Quarterly Release Performance Test","Cobra","2748642","[PERF] Cobra: 8.8: 2026.3: ORA Quarterly Release: - Scripting","Joseph Estrella","Child (MISTAKE - should be Tests)","2817280","CBRA_GUI_04","Cobra88_ORA_1usr","2832479","Passed","Joseph Estrella",""
"2748595","[PERF] Cobra: 8.8: 2026.3: ORA Quarterly Release Performance Test","Cobra","2748642","[PERF] Cobra: 8.8: 2026.3: ORA Quarterly Release: - Scripting","Joseph Estrella","Child (MISTAKE - should be Tests)","2817280","CBRA_GUI_04","GUI_ORA","2817149","Unspecified","Joseph Estrella",""
"2748595","[PERF] Cobra: 8.8: 2026.3: ORA Quarterly Release Performance Test","Cobra","2748642","[PERF] Cobra: 8.8: 2026.3: ORA Quarterly Release: - Scripting","Joseph Estrella","Child (MISTAKE - should be Tests)","2817281","CBRA_GUI_05","Cobra88_ORA_1usr","2832479","Passed","Joseph Estrella",""
"2748595","[PERF] Cobra: 8.8: 2026.3: ORA Quarterly Release Performance Test","Cobra","2748642","[PERF] Cobra: 8.8: 2026.3: ORA Quarterly Release: - Scripting","Joseph Estrella","Child (MISTAKE - should be Tests)","2817281","CBRA_GUI_05","GUI_ORA","2817149","Unspecified","Joseph Estrella",""
"2748595","[PERF] Cobra: 8.8: 2026.3: ORA Quarterly Release Performance Test","Cobra","2748642","[PERF] Cobra: 8.8: 2026.3: ORA Quarterly Release: - Scripting","Joseph Estrella","Child (MISTAKE - should be Tests)","2817282","CBRA_GUI_06","Cobra88_ORA_1usr","2832479","Passed","Joseph Estrella",""
"2748595","[PERF] Cobra: 8.8: 2026.3: ORA Quarterly Release Performance Test","Cobra","2748642","[PERF] Cobra: 8.8: 2026.3: ORA Quarterly Release: - Scripting","Joseph Estrella","Child (MISTAKE - should be Tests)","2817282","CBRA_GUI_06","GUI_ORA","2817149","Unspecified","Joseph Estrella",""
"2748595","[PERF] Cobra: 8.8: 2026.3: ORA Quarterly Release Performance Test","Cobra","2748642","[PERF] Cobra: 8.8: 2026.3: ORA Quarterly Release: - Scripting","Joseph Estrella","Child (MISTAKE - should be Tests)","2817283","CBRA_GUI_07","Cobra88_ORA_1usr","2832479","Passed","Joseph Estrella",""
"2748595","[PERF] Cobra: 8.8: 2026.3: ORA Quarterly Release Performance Test","Cobra","2748642","[PERF] Cobra: 8.8: 2026.3: ORA Quarterly Release: - Scripting","Joseph Estrella","Child (MISTAKE - should be Tests)","2817283","CBRA_GUI_07","GUI_ORA","2817149","Unspecified","Joseph Estrella",""
"2748595","[PERF] Cobra: 8.8: 2026.3: ORA Quarterly Release Performance Test","Cobra","2748642","[PERF] Cobra: 8.8: 2026.3: ORA Quarterly Release: - Scripting","Joseph Estrella","Child (MISTAKE - should be Tests)","2817284","CBRA_GUI_08","Cobra88_ORA_1usr","2832479","Passed","Joseph Estrella",""
"2748595","[PERF] Cobra: 8.8: 2026.3: ORA Quarterly Release Performance Test","Cobra","2748642","[PERF] Cobra: 8.8: 2026.3: ORA Quarterly Release: - Scripting","Joseph Estrella","Child (MISTAKE - should be Tests)","2817284","CBRA_GUI_08","GUI_ORA","2817149","Unspecified","Joseph Estrella",""
"2748595","[PERF] Cobra: 8.8: 2026.3: ORA Quarterly Release Performance Test","Cobra","2748642","[PERF] Cobra: 8.8: 2026.3: ORA Quarterly Release: - Scripting","Joseph Estrella","Child (MISTAKE - should be Tests)","2817285","CBRA_GUI_09","Cobra88_ORA_1usr","2832479","Passed","Joseph Estrella",""
"2748595","[PERF] Cobra: 8.8: 2026.3: ORA Quarterly Release Performance Test","Cobra","2748642","[PERF] Cobra: 8.8: 2026.3: ORA Quarterly Release: - Scripting","Joseph Estrella","Child (MISTAKE - should be Tests)","2817285","CBRA_GUI_09","GUI_ORA","2817149","Unspecified","Joseph Estrella",""
"2748595","[PERF] Cobra: 8.8: 2026.3: ORA Quarterly Release Performance Test","Cobra","2748642","[PERF] Cobra: 8.8: 2026.3: ORA Quarterly Release: - Scripting","Joseph Estrella","Child (MISTAKE - should be Tests)","2817286","CBRA_GUI_10","Cobra88_ORA_1usr","2832479","Passed","Joseph Estrella",""
"2748595","[PERF] Cobra: 8.8: 2026.3: ORA Quarterly Release Performance Test","Cobra","2748642","[PERF] Cobra: 8.8: 2026.3: ORA Quarterly Release: - Scripting","Joseph Estrella","Child (MISTAKE - should be Tests)","2817286","CBRA_GUI_10","GUI_ORA","2817149","Unspecified","Joseph Estrella",""
"2748595","[PERF] Cobra: 8.8: 2026.3: ORA Quarterly Release Performance Test","Cobra","2748642","[PERF] Cobra: 8.8: 2026.3: ORA Quarterly Release: - Scripting","Joseph Estrella","Child (MISTAKE - should be Tests)","2817287","CBRA_GUI_11","Cobra88_ORA_1usr","2832479","Passed","Joseph Estrella",""
"2748595","[PERF] Cobra: 8.8: 2026.3: ORA Quarterly Release Performance Test","Cobra","2748642","[PERF] Cobra: 8.8: 2026.3: ORA Quarterly Release: - Scripting","Joseph Estrella","Child (MISTAKE - should be Tests)","2817287","CBRA_GUI_11","GUI_ORA","2817149","Unspecified","Joseph Estrella",""
"2748595","[PERF] Cobra: 8.8: 2026.3: ORA Quarterly Release Performance Test","Cobra","2748642","[PERF] Cobra: 8.8: 2026.3: ORA Quarterly Release: - Scripting","Joseph Estrella","Child (MISTAKE - should be Tests)","2817288","CBRA_GUI_12","Cobra88_ORA_1usr","2832479","Passed","Joseph Estrella",""
"2748595","[PERF] Cobra: 8.8: 2026.3: ORA Quarterly Release Performance Test","Cobra","2748642","[PERF] Cobra: 8.8: 2026.3: ORA Quarterly Release: - Scripting","Joseph Estrella","Child (MISTAKE - should be Tests)","2817288","CBRA_GUI_12","GUI_ORA","2817149","Unspecified","Joseph Estrella",""
"2748595","[PERF] Cobra: 8.8: 2026.3: ORA Quarterly Release Performance Test","Cobra","2748642","[PERF] Cobra: 8.8: 2026.3: ORA Quarterly Release: - Scripting","Joseph Estrella","Child (MISTAKE - should be Tests)","2817289","CBRA_GUI_13","Cobra88_ORA_1usr","2832479","Passed","Joseph Estrella",""
"2748595","[PERF] Cobra: 8.8: 2026.3: ORA Quarterly Release Performance Test","Cobra","2748642","[PERF] Cobra: 8.8: 2026.3: ORA Quarterly Release: - Scripting","Joseph Estrella","Child (MISTAKE - should be Tests)","2817289","CBRA_GUI_13","GUI_ORA","2817149","Unspecified","Joseph Estrella",""
"2748595","[PERF] Cobra: 8.8: 2026.3: ORA Quarterly Release Performance Test","Cobra","2748642","[PERF] Cobra: 8.8: 2026.3: ORA Quarterly Release: - Scripting","Joseph Estrella","Child (MISTAKE - should be Tests)","2817290","CBRA_PROCESS_01","Cobra88_ORA_1usr","2832479","Passed","Joseph Estrella",""
"2748595","[PERF] Cobra: 8.8: 2026.3: ORA Quarterly Release Performance Test","Cobra","2748642","[PERF] Cobra: 8.8: 2026.3: ORA Quarterly Release: - Scripting","Joseph Estrella","Child (MISTAKE - should be Tests)","2817290","CBRA_PROCESS_01","Process_ORA","2817148","Unspecified","Joseph Estrella",""
"2748595","[PERF] Cobra: 8.8: 2026.3: ORA Quarterly Release Performance Test","Cobra","2748642","[PERF] Cobra: 8.8: 2026.3: ORA Quarterly Release: - Scripting","Joseph Estrella","Child (MISTAKE - should be Tests)","2817291","CBRA_PROCESS_02","Cobra88_ORA_1usr","2832479","Passed","Joseph Estrella",""
"2748595","[PERF] Cobra: 8.8: 2026.3: ORA Quarterly Release Performance Test","Cobra","2748642","[PERF] Cobra: 8.8: 2026.3: ORA Quarterly Release: - Scripting","Joseph Estrella","Child (MISTAKE - should be Tests)","2817291","CBRA_PROCESS_02","Process_ORA","2817148","Unspecified","Joseph Estrella",""
"2748595","[PERF] Cobra: 8.8: 2026.3: ORA Quarterly Release Performance Test","Cobra","2748642","[PERF] Cobra: 8.8: 2026.3: ORA Quarterly Release: - Scripting","Joseph Estrella","Child (MISTAKE - should be Tests)","2817292","CBRA_PROCESS_03","Cobra88_ORA_1usr","2832479","Passed","Joseph Estrella",""
"2748595","[PERF] Cobra: 8.8: 2026.3: ORA Quarterly Release Performance Test","Cobra","2748642","[PERF] Cobra: 8.8: 2026.3: ORA Quarterly Release: - Scripting","Joseph Estrella","Child (MISTAKE - should be Tests)","2817292","CBRA_PROCESS_03","Process_ORA","2817148","Unspecified","Joseph Estrella",""
"2748595","[PERF] Cobra: 8.8: 2026.3: ORA Quarterly Release Performance Test","Cobra","2748642","[PERF] Cobra: 8.8: 2026.3: ORA Quarterly Release: - Scripting","Joseph Estrella","Child (MISTAKE - should be Tests)","2817293","CBRA_PROCESS_04","Cobra88_ORA_1usr","2832479","Passed","Joseph Estrella",""
"2748595","[PERF] Cobra: 8.8: 2026.3: ORA Quarterly Release Performance Test","Cobra","2748642","[PERF] Cobra: 8.8: 2026.3: ORA Quarterly Release: - Scripting","Joseph Estrella","Child (MISTAKE - should be Tests)","2817293","CBRA_PROCESS_04","Process_ORA","2817148","Unspecified","Joseph Estrella",""
"2748595","[PERF] Cobra: 8.8: 2026.3: ORA Quarterly Release Performance Test","Cobra","2748642","[PERF] Cobra: 8.8: 2026.3: ORA Quarterly Release: - Scripting","Joseph Estrella","Child (MISTAKE - should be Tests)","2817294","CBRA_PROCESS_05","Cobra88_ORA_1usr","2832479","Passed","Joseph Estrella",""
"2748595","[PERF] Cobra: 8.8: 2026.3: ORA Quarterly Release Performance Test","Cobra","2748642","[PERF] Cobra: 8.8: 2026.3: ORA Quarterly Release: - Scripting","Joseph Estrella","Child (MISTAKE - should be Tests)","2817294","CBRA_PROCESS_05","Process_ORA","2817148","Unspecified","Joseph Estrella",""
"2748595","[PERF] Cobra: 8.8: 2026.3: ORA Quarterly Release Performance Test","Cobra","2748642","[PERF] Cobra: 8.8: 2026.3: ORA Quarterly Release: - Scripting","Joseph Estrella","Child (MISTAKE - should be Tests)","2817295","CBRA_PROCESS_06","Cobra88_ORA_1usr","2832479","Passed","Joseph Estrella",""
"2748595","[PERF] Cobra: 8.8: 2026.3: ORA Quarterly Release Performance Test","Cobra","2748642","[PERF] Cobra: 8.8: 2026.3: ORA Quarterly Release: - Scripting","Joseph Estrella","Child (MISTAKE - should be Tests)","2817295","CBRA_PROCESS_06","Process_ORA","2817148","Unspecified","Joseph Estrella",""
"2748595","[PERF] Cobra: 8.8: 2026.3: ORA Quarterly Release Performance Test","Cobra","2748642","[PERF] Cobra: 8.8: 2026.3: ORA Quarterly Release: - Scripting","Joseph Estrella","Child (MISTAKE - should be Tests)","2817296","CBRA_PROCESS_07","Cobra88_ORA_1usr","2832479","Passed","Joseph Estrella",""
"2748595","[PERF] Cobra: 8.8: 2026.3: ORA Quarterly Release Performance Test","Cobra","2748642","[PERF] Cobra: 8.8: 2026.3: ORA Quarterly Release: - Scripting","Joseph Estrella","Child (MISTAKE - should be Tests)","2817296","CBRA_PROCESS_07","Process_ORA","2817148","Unspecified","Joseph Estrella",""
"2748595","[PERF] Cobra: 8.8: 2026.3: ORA Quarterly Release Performance Test","Cobra","2748642","[PERF] Cobra: 8.8: 2026.3: ORA Quarterly Release: - Scripting","Joseph Estrella","Child (MISTAKE - should be Tests)","2817297","CBRA_PROCESS_08","Cobra88_ORA_1usr","2832479","Passed","Joseph Estrella",""
"2748595","[PERF] Cobra: 8.8: 2026.3: ORA Quarterly Release Performance Test","Cobra","2748642","[PERF] Cobra: 8.8: 2026.3: ORA Quarterly Release: - Scripting","Joseph Estrella","Child (MISTAKE - should be Tests)","2817297","CBRA_PROCESS_08","Process_ORA","2817148","Unspecified","Joseph Estrella",""
"2748595","[PERF] Cobra: 8.8: 2026.3: ORA Quarterly Release Performance Test","Cobra","2748642","[PERF] Cobra: 8.8: 2026.3: ORA Quarterly Release: - Scripting","Joseph Estrella","Child (MISTAKE - should be Tests)","2817298","CBRA_PROCESS_09","Cobra88_ORA_1usr","2832479","Passed","Joseph Estrella",""
"2748595","[PERF] Cobra: 8.8: 2026.3: ORA Quarterly Release Performance Test","Cobra","2748642","[PERF] Cobra: 8.8: 2026.3: ORA Quarterly Release: - Scripting","Joseph Estrella","Child (MISTAKE - should be Tests)","2817298","CBRA_PROCESS_09","Process_ORA","2817148","Unspecified","Joseph Estrella",""
"2748595","[PERF] Cobra: 8.8: 2026.3: ORA Quarterly Release Performance Test","Cobra","2748642","[PERF] Cobra: 8.8: 2026.3: ORA Quarterly Release: - Scripting","Joseph Estrella","Child (MISTAKE - should be Tests)","2817299","CBRA_PROCESS_10","Cobra88_ORA_1usr","2832479","Passed","Joseph Estrella",""
"2748595","[PERF] Cobra: 8.8: 2026.3: ORA Quarterly Release Performance Test","Cobra","2748642","[PERF] Cobra: 8.8: 2026.3: ORA Quarterly Release: - Scripting","Joseph Estrella","Child (MISTAKE - should be Tests)","2817299","CBRA_PROCESS_10","Process_ORA","2817148","Unspecified","Joseph Estrella",""
"2748595","[PERF] Cobra: 8.8: 2026.3: ORA Quarterly Release Performance Test","Cobra","2748642","[PERF] Cobra: 8.8: 2026.3: ORA Quarterly Release: - Scripting","Joseph Estrella","Child (MISTAKE - should be Tests)","2817300","CBRA_PROCESS_11","Cobra88_ORA_1usr","2832479","Passed","Joseph Estrella",""
"2748595","[PERF] Cobra: 8.8: 2026.3: ORA Quarterly Release Performance Test","Cobra","2748642","[PERF] Cobra: 8.8: 2026.3: ORA Quarterly Release: - Scripting","Joseph Estrella","Child (MISTAKE - should be Tests)","2817300","CBRA_PROCESS_11","Process_ORA","2817148","Unspecified","Joseph Estrella",""
"2748595","[PERF] Cobra: 8.8: 2026.3: ORA Quarterly Release Performance Test","Cobra","2748642","[PERF] Cobra: 8.8: 2026.3: ORA Quarterly Release: - Scripting","Joseph Estrella","Child (MISTAKE - should be Tests)","2817301","CBRA_PROCESS_12","Cobra88_ORA_1usr","2832479","Passed","Joseph Estrella",""
"2748595","[PERF] Cobra: 8.8: 2026.3: ORA Quarterly Release Performance Test","Cobra","2748642","[PERF] Cobra: 8.8: 2026.3: ORA Quarterly Release: - Scripting","Joseph Estrella","Child (MISTAKE - should be Tests)","2817301","CBRA_PROCESS_12","Process_ORA","2817148","Unspecified","Joseph Estrella",""
"2748595","[PERF] Cobra: 8.8: 2026.3: ORA Quarterly Release Performance Test","Cobra","2748642","[PERF] Cobra: 8.8: 2026.3: ORA Quarterly Release: - Scripting","Joseph Estrella","Child (MISTAKE - should be Tests)","2817302","CBRA_PROCESS_13","Cobra88_ORA_1usr","2832479","Passed","Joseph Estrella",""
"2748595","[PERF] Cobra: 8.8: 2026.3: ORA Quarterly Release Performance Test","Cobra","2748642","[PERF] Cobra: 8.8: 2026.3: ORA Quarterly Release: - Scripting","Joseph Estrella","Child (MISTAKE - should be Tests)","2817302","CBRA_PROCESS_13","Process_ORA","2817148","Unspecified","Joseph Estrella",""
"2748595","[PERF] Cobra: 8.8: 2026.3: ORA Quarterly Release Performance Test","Cobra","2748642","[PERF] Cobra: 8.8: 2026.3: ORA Quarterly Release: - Scripting","Joseph Estrella","Child (MISTAKE - should be Tests)","2817303","CBRA_PROCESS_14","Cobra88_ORA_1usr","2832479","Passed","Joseph Estrella",""
"2748595","[PERF] Cobra: 8.8: 2026.3: ORA Quarterly Release Performance Test","Cobra","2748642","[PERF] Cobra: 8.8: 2026.3: ORA Quarterly Release: - Scripting","Joseph Estrella","Child (MISTAKE - should be Tests)","2817303","CBRA_PROCESS_14","Process_ORA","2817148","Unspecified","Joseph Estrella",""
"2748595","[PERF] Cobra: 8.8: 2026.3: ORA Quarterly Release Performance Test","Cobra","2748642","[PERF] Cobra: 8.8: 2026.3: ORA Quarterly Release: - Scripting","Joseph Estrella","Child (MISTAKE - should be Tests)","2817304","CBRA_PROCESS_15","Cobra88_ORA_1usr","2832479","Passed","Joseph Estrella",""
"2748595","[PERF] Cobra: 8.8: 2026.3: ORA Quarterly Release Performance Test","Cobra","2748642","[PERF] Cobra: 8.8: 2026.3: ORA Quarterly Release: - Scripting","Joseph Estrella","Child (MISTAKE - should be Tests)","2817304","CBRA_PROCESS_15","Process_ORA","2817148","Unspecified","Joseph Estrella",""
"2748595","[PERF] Cobra: 8.8: 2026.3: ORA Quarterly Release Performance Test","Cobra","2748642","[PERF] Cobra: 8.8: 2026.3: ORA Quarterly Release: - Scripting","Joseph Estrella","Child (MISTAKE - should be Tests)","2817305","CBRA_PROCESS_16","Cobra88_ORA_1usr","2832479","Passed","Joseph Estrella",""
"2748595","[PERF] Cobra: 8.8: 2026.3: ORA Quarterly Release Performance Test","Cobra","2748642","[PERF] Cobra: 8.8: 2026.3: ORA Quarterly Release: - Scripting","Joseph Estrella","Child (MISTAKE - should be Tests)","2817305","CBRA_PROCESS_16","Process_ORA","2817148","Unspecified","Joseph Estrella",""
"2748595","[PERF] Cobra: 8.8: 2026.3: ORA Quarterly Release Performance Test","Cobra","2748642","[PERF] Cobra: 8.8: 2026.3: ORA Quarterly Release: - Scripting","Joseph Estrella","Child (MISTAKE - should be Tests)","2817306","CBRA_PROCESS_17","Cobra88_ORA_1usr","2832479","Passed","Joseph Estrella",""
"2748595","[PERF] Cobra: 8.8: 2026.3: ORA Quarterly Release Performance Test","Cobra","2748642","[PERF] Cobra: 8.8: 2026.3: ORA Quarterly Release: - Scripting","Joseph Estrella","Child (MISTAKE - should be Tests)","2817306","CBRA_PROCESS_17","Process_ORA","2817148","Unspecified","Joseph Estrella",""
"2748595","[PERF] Cobra: 8.8: 2026.3: ORA Quarterly Release Performance Test","Cobra","2748642","[PERF] Cobra: 8.8: 2026.3: ORA Quarterly Release: - Scripting","Joseph Estrella","Child (MISTAKE - should be Tests)","2817307","CBRA_PROCESS_18","Cobra88_ORA_1usr","2832479","Passed","Joseph Estrella",""
"2748595","[PERF] Cobra: 8.8: 2026.3: ORA Quarterly Release Performance Test","Cobra","2748642","[PERF] Cobra: 8.8: 2026.3: ORA Quarterly Release: - Scripting","Joseph Estrella","Child (MISTAKE - should be Tests)","2817307","CBRA_PROCESS_18","Process_ORA","2817148","Unspecified","Joseph Estrella",""
"2748595","[PERF] Cobra: 8.8: 2026.3: ORA Quarterly Release Performance Test","Cobra","2748642","[PERF] Cobra: 8.8: 2026.3: ORA Quarterly Release: - Scripting","Joseph Estrella","Child (MISTAKE - should be Tests)","2817308","CBRA_PROCESS_19","Cobra88_ORA_1usr","2832479","Passed","Joseph Estrella",""
"2748595","[PERF] Cobra: 8.8: 2026.3: ORA Quarterly Release Performance Test","Cobra","2748642","[PERF] Cobra: 8.8: 2026.3: ORA Quarterly Release: - Scripting","Joseph Estrella","Child (MISTAKE - should be Tests)","2817308","CBRA_PROCESS_19","Process_ORA","2817148","Unspecified","Joseph Estrella",""
"2748595","[PERF] Cobra: 8.8: 2026.3: ORA Quarterly Release Performance Test","Cobra","2748642","[PERF] Cobra: 8.8: 2026.3: ORA Quarterly Release: - Scripting","Joseph Estrella","Child (MISTAKE - should be Tests)","2817309","CBRA_PROCESS_20","Cobra88_ORA_1usr","2832479","Passed","Joseph Estrella",""
"2748595","[PERF] Cobra: 8.8: 2026.3: ORA Quarterly Release Performance Test","Cobra","2748642","[PERF] Cobra: 8.8: 2026.3: ORA Quarterly Release: - Scripting","Joseph Estrella","Child (MISTAKE - should be Tests)","2817309","CBRA_PROCESS_20","Process_ORA","2817148","Unspecified","Joseph Estrella",""
"2748595","[PERF] Cobra: 8.8: 2026.3: ORA Quarterly Release Performance Test","Cobra","2748642","[PERF] Cobra: 8.8: 2026.3: ORA Quarterly Release: - Scripting","Joseph Estrella","Child (MISTAKE - should be Tests)","2817310","CBRA_PROCESS_21","Cobra88_ORA_1usr","2832479","Passed","Joseph Estrella",""
"2748595","[PERF] Cobra: 8.8: 2026.3: ORA Quarterly Release Performance Test","Cobra","2748642","[PERF] Cobra: 8.8: 2026.3: ORA Quarterly Release: - Scripting","Joseph Estrella","Child (MISTAKE - should be Tests)","2817310","CBRA_PROCESS_21","Process_ORA","2817148","Unspecified","Joseph Estrella",""
"2748595","[PERF] Cobra: 8.8: 2026.3: ORA Quarterly Release Performance Test","Cobra","2748642","[PERF] Cobra: 8.8: 2026.3: ORA Quarterly Release: - Scripting","Joseph Estrella","Child (MISTAKE - should be Tests)","2817311","CBRA_PROCESS_22","Cobra88_ORA_1usr","2832479","Passed","Joseph Estrella",""
"2748595","[PERF] Cobra: 8.8: 2026.3: ORA Quarterly Release Performance Test","Cobra","2748642","[PERF] Cobra: 8.8: 2026.3: ORA Quarterly Release: - Scripting","Joseph Estrella","Child (MISTAKE - should be Tests)","2817311","CBRA_PROCESS_22","Process_ORA","2817148","Unspecified","Joseph Estrella",""
"2748595","[PERF] Cobra: 8.8: 2026.3: ORA Quarterly Release Performance Test","Cobra","2748642","[PERF] Cobra: 8.8: 2026.3: ORA Quarterly Release: - Scripting","Joseph Estrella","Child (MISTAKE - should be Tests)","2817312","CBRA_PROCESS_23","Cobra88_ORA_1usr","2832479","Passed","Joseph Estrella",""
"2748595","[PERF] Cobra: 8.8: 2026.3: ORA Quarterly Release Performance Test","Cobra","2748642","[PERF] Cobra: 8.8: 2026.3: ORA Quarterly Release: - Scripting","Joseph Estrella","Child (MISTAKE - should be Tests)","2817312","CBRA_PROCESS_23","Process_ORA","2817148","Unspecified","Joseph Estrella",""
"2748595","[PERF] Cobra: 8.8: 2026.3: ORA Quarterly Release Performance Test","Cobra","2748642","[PERF] Cobra: 8.8: 2026.3: ORA Quarterly Release: - Scripting","Joseph Estrella","Child (MISTAKE - should be Tests)","2817313","CBRA_PROCESS_24","Cobra88_ORA_1usr","2832479","Passed","Joseph Estrella",""
"2748595","[PERF] Cobra: 8.8: 2026.3: ORA Quarterly Release Performance Test","Cobra","2748642","[PERF] Cobra: 8.8: 2026.3: ORA Quarterly Release: - Scripting","Joseph Estrella","Child (MISTAKE - should be Tests)","2817313","CBRA_PROCESS_24","Process_ORA","2817148","Unspecified","Joseph Estrella",""
"2748595","[PERF] Cobra: 8.8: 2026.3: ORA Quarterly Release Performance Test","Cobra","2748642","[PERF] Cobra: 8.8: 2026.3: ORA Quarterly Release: - Scripting","Joseph Estrella","Child (MISTAKE - should be Tests)","2817314","CBRA_PROCESS_25","Cobra88_ORA_1usr","2832479","Passed","Joseph Estrella",""
"2748595","[PERF] Cobra: 8.8: 2026.3: ORA Quarterly Release Performance Test","Cobra","2748642","[PERF] Cobra: 8.8: 2026.3: ORA Quarterly Release: - Scripting","Joseph Estrella","Child (MISTAKE - should be Tests)","2817314","CBRA_PROCESS_25","Process_ORA","2817148","Unspecified","Joseph Estrella",""
"2748595","[PERF] Cobra: 8.8: 2026.3: ORA Quarterly Release Performance Test","Cobra","2748642","[PERF] Cobra: 8.8: 2026.3: ORA Quarterly Release: - Scripting","Joseph Estrella","Child (MISTAKE - should be Tests)","2817315","CBRA_PROCESS_26","Cobra88_ORA_1usr","2832479","Passed","Joseph Estrella",""
"2748595","[PERF] Cobra: 8.8: 2026.3: ORA Quarterly Release Performance Test","Cobra","2748642","[PERF] Cobra: 8.8: 2026.3: ORA Quarterly Release: - Scripting","Joseph Estrella","Child (MISTAKE - should be Tests)","2817315","CBRA_PROCESS_26","Process_ORA","2817148","Unspecified","Joseph Estrella",""
"2748595","[PERF] Cobra: 8.8: 2026.3: ORA Quarterly Release Performance Test","Cobra","2748642","[PERF] Cobra: 8.8: 2026.3: ORA Quarterly Release: - Scripting","Joseph Estrella","Child (MISTAKE - should be Tests)","2817316","CBRA_PROCESS_27","Cobra88_ORA_1usr","2832479","Passed","Joseph Estrella",""
"2748595","[PERF] Cobra: 8.8: 2026.3: ORA Quarterly Release Performance Test","Cobra","2748642","[PERF] Cobra: 8.8: 2026.3: ORA Quarterly Release: - Scripting","Joseph Estrella","Child (MISTAKE - should be Tests)","2817316","CBRA_PROCESS_27","Process_ORA","2817148","Unspecified","Joseph Estrella",""
"2748595","[PERF] Cobra: 8.8: 2026.3: ORA Quarterly Release Performance Test","Cobra","2748642","[PERF] Cobra: 8.8: 2026.3: ORA Quarterly Release: - Scripting","Joseph Estrella","Child (MISTAKE - should be Tests)","2817317","CBRA_PROCESS_28","Cobra88_ORA_1usr","2832479","Passed","Joseph Estrella",""
"2748595","[PERF] Cobra: 8.8: 2026.3: ORA Quarterly Release Performance Test","Cobra","2748642","[PERF] Cobra: 8.8: 2026.3: ORA Quarterly Release: - Scripting","Joseph Estrella","Child (MISTAKE - should be Tests)","2817317","CBRA_PROCESS_28","Process_ORA","2817148","Unspecified","Joseph Estrella",""
"2748595","[PERF] Cobra: 8.8: 2026.3: ORA Quarterly Release Performance Test","Cobra","2748642","[PERF] Cobra: 8.8: 2026.3: ORA Quarterly Release: - Scripting","Joseph Estrella","Child (MISTAKE - should be Tests)","2817318","CBRA_PROCESS_29","Cobra88_ORA_1usr","2832479","Passed","Joseph Estrella",""
"2748595","[PERF] Cobra: 8.8: 2026.3: ORA Quarterly Release Performance Test","Cobra","2748642","[PERF] Cobra: 8.8: 2026.3: ORA Quarterly Release: - Scripting","Joseph Estrella","Child (MISTAKE - should be Tests)","2817318","CBRA_PROCESS_29","Process_ORA","2817148","Unspecified","Joseph Estrella",""
"2748595","[PERF] Cobra: 8.8: 2026.3: ORA Quarterly Release Performance Test","Cobra","2748642","[PERF] Cobra: 8.8: 2026.3: ORA Quarterly Release: - Scripting","Joseph Estrella","Child (MISTAKE - should be Tests)","2817319","CBRA_PROCESS_30","Cobra88_ORA_1usr","2832479","Passed","Joseph Estrella",""
"2748595","[PERF] Cobra: 8.8: 2026.3: ORA Quarterly Release Performance Test","Cobra","2748642","[PERF] Cobra: 8.8: 2026.3: ORA Quarterly Release: - Scripting","Joseph Estrella","Child (MISTAKE - should be Tests)","2817319","CBRA_PROCESS_30","Process_ORA","2817148","Unspecified","Joseph Estrella",""
"2748595","[PERF] Cobra: 8.8: 2026.3: ORA Quarterly Release Performance Test","Cobra","2748642","[PERF] Cobra: 8.8: 2026.3: ORA Quarterly Release: - Scripting","Joseph Estrella","Child (MISTAKE - should be Tests)","2817320","CBRA_PROCESS_31","Cobra88_ORA_1usr","2832479","Passed","Joseph Estrella",""
"2748595","[PERF] Cobra: 8.8: 2026.3: ORA Quarterly Release Performance Test","Cobra","2748642","[PERF] Cobra: 8.8: 2026.3: ORA Quarterly Release: - Scripting","Joseph Estrella","Child (MISTAKE - should be Tests)","2817320","CBRA_PROCESS_31","Process_ORA","2817148","Unspecified","Joseph Estrella",""
"2748595","[PERF] Cobra: 8.8: 2026.3: ORA Quarterly Release Performance Test","Cobra","2748642","[PERF] Cobra: 8.8: 2026.3: ORA Quarterly Release: - Scripting","Joseph Estrella","Child (MISTAKE - should be Tests)","2817321","CBRA_PROCESS_32","Cobra88_ORA_1usr","2832479","Passed","Joseph Estrella",""
"2748595","[PERF] Cobra: 8.8: 2026.3: ORA Quarterly Release Performance Test","Cobra","2748642","[PERF] Cobra: 8.8: 2026.3: ORA Quarterly Release: - Scripting","Joseph Estrella","Child (MISTAKE - should be Tests)","2817321","CBRA_PROCESS_32","Process_ORA","2817148","Unspecified","Joseph Estrella",""
"2748595","[PERF] Cobra: 8.8: 2026.3: ORA Quarterly Release Performance Test","Cobra","2748642","[PERF] Cobra: 8.8: 2026.3: ORA Quarterly Release: - Scripting","Joseph Estrella","Child (MISTAKE - should be Tests)","2817322","CBRA_PROCESS_33","Cobra88_ORA_1usr","2832479","Passed","Joseph Estrella",""
"2748595","[PERF] Cobra: 8.8: 2026.3: ORA Quarterly Release Performance Test","Cobra","2748642","[PERF] Cobra: 8.8: 2026.3: ORA Quarterly Release: - Scripting","Joseph Estrella","Child (MISTAKE - should be Tests)","2817322","CBRA_PROCESS_33","Process_ORA","2817148","Unspecified","Joseph Estrella",""
"2748614","[PERF] Acumen Touchstone:8.12: 2026.3: SQL: Performance Test","Acumen","2748663","[PERF] Acumen Touchstone:8.12: 2026.R3: SQL:  - Test Execution","Joseph Estrella","Tests (correct)","2783722","ATS_002_Accessing the Views in Touchstone","ATS812_SQL_1usr","2781304","Failed","Joseph Estrella",""
"2748595","[PERF] Cobra: 8.8: 2026.3: ORA Quarterly Release Performance Test","Cobra","2748667","[PERF] Cobra: 8.8: 2026.3: ORA Quarterly Release: - Test Execution","Joseph Estrella","Tests (correct)","2817262","CBRA_API_09","Cobra88_ORA_1usr","2832479","Failed","Joseph Estrella",""
"2817140","[PERF] Cobra: 8.8: 2026.3: SQL Quarterly Release Performance Test","Cobra","2817143","[PERF] Cobra: 8.8: 2026.3: SQL Quarterly Release: - Scripting","Joseph Estrella","Child (MISTAKE - should be Tests)","2817352","CBRA_PROCESS_01","Cobra88_SQL_1usr","2832480","Passed","Joseph Estrella",""
"2817140","[PERF] Cobra: 8.8: 2026.3: SQL Quarterly Release Performance Test","Cobra","2817143","[PERF] Cobra: 8.8: 2026.3: SQL Quarterly Release: - Scripting","Joseph Estrella","Child (MISTAKE - should be Tests)","2817353","CBRA_PROCESS_02","Cobra88_SQL_1usr","2832480","Passed","Joseph Estrella",""
"2817140","[PERF] Cobra: 8.8: 2026.3: SQL Quarterly Release Performance Test","Cobra","2817143","[PERF] Cobra: 8.8: 2026.3: SQL Quarterly Release: - Scripting","Joseph Estrella","Child (MISTAKE - should be Tests)","2817353","CBRA_PROCESS_02","Process_SQL","2817336","Unspecified","Joseph Estrella",""
"2817140","[PERF] Cobra: 8.8: 2026.3: SQL Quarterly Release Performance Test","Cobra","2817143","[PERF] Cobra: 8.8: 2026.3: SQL Quarterly Release: - Scripting","Joseph Estrella","Child (MISTAKE - should be Tests)","2817354","CBRA_PROCESS_03","Cobra88_SQL_1usr","2832480","Passed","Joseph Estrella",""
"2817140","[PERF] Cobra: 8.8: 2026.3: SQL Quarterly Release Performance Test","Cobra","2817143","[PERF] Cobra: 8.8: 2026.3: SQL Quarterly Release: - Scripting","Joseph Estrella","Child (MISTAKE - should be Tests)","2817354","CBRA_PROCESS_03","Process_SQL","2817336","Unspecified","Joseph Estrella",""
"2817140","[PERF] Cobra: 8.8: 2026.3: SQL Quarterly Release Performance Test","Cobra","2817143","[PERF] Cobra: 8.8: 2026.3: SQL Quarterly Release: - Scripting","Joseph Estrella","Child (MISTAKE - should be Tests)","2817355","CBRA_PROCESS_04","Cobra88_SQL_1usr","2832480","Passed","Joseph Estrella",""
"2817140","[PERF] Cobra: 8.8: 2026.3: SQL Quarterly Release Performance Test","Cobra","2817143","[PERF] Cobra: 8.8: 2026.3: SQL Quarterly Release: - Scripting","Joseph Estrella","Child (MISTAKE - should be Tests)","2817355","CBRA_PROCESS_04","Process_SQL","2817336","Unspecified","Joseph Estrella",""
"2817140","[PERF] Cobra: 8.8: 2026.3: SQL Quarterly Release Performance Test","Cobra","2817143","[PERF] Cobra: 8.8: 2026.3: SQL Quarterly Release: - Scripting","Joseph Estrella","Child (MISTAKE - should be Tests)","2817356","CBRA_PROCESS_05","Cobra88_SQL_1usr","2832480","Passed","Joseph Estrella",""
"2817140","[PERF] Cobra: 8.8: 2026.3: SQL Quarterly Release Performance Test","Cobra","2817143","[PERF] Cobra: 8.8: 2026.3: SQL Quarterly Release: - Scripting","Joseph Estrella","Child (MISTAKE - should be Tests)","2817356","CBRA_PROCESS_05","Process_SQL","2817336","Unspecified","Joseph Estrella",""
"2817140","[PERF] Cobra: 8.8: 2026.3: SQL Quarterly Release Performance Test","Cobra","2817143","[PERF] Cobra: 8.8: 2026.3: SQL Quarterly Release: - Scripting","Joseph Estrella","Child (MISTAKE - should be Tests)","2817357","CBRA_PROCESS_06","Cobra88_SQL_1usr","2832480","Passed","Joseph Estrella",""
"2817140","[PERF] Cobra: 8.8: 2026.3: SQL Quarterly Release Performance Test","Cobra","2817143","[PERF] Cobra: 8.8: 2026.3: SQL Quarterly Release: - Scripting","Joseph Estrella","Child (MISTAKE - should be Tests)","2817357","CBRA_PROCESS_06","Process_SQL","2817336","Unspecified","Joseph Estrella",""
"2817140","[PERF] Cobra: 8.8: 2026.3: SQL Quarterly Release Performance Test","Cobra","2817143","[PERF] Cobra: 8.8: 2026.3: SQL Quarterly Release: - Scripting","Joseph Estrella","Child (MISTAKE - should be Tests)","2817358","CBRA_PROCESS_07","Cobra88_SQL_1usr","2832480","Passed","Joseph Estrella",""
"2817140","[PERF] Cobra: 8.8: 2026.3: SQL Quarterly Release Performance Test","Cobra","2817143","[PERF] Cobra: 8.8: 2026.3: SQL Quarterly Release: - Scripting","Joseph Estrella","Child (MISTAKE - should be Tests)","2817358","CBRA_PROCESS_07","Process_SQL","2817336","Unspecified","Joseph Estrella",""
"2817140","[PERF] Cobra: 8.8: 2026.3: SQL Quarterly Release Performance Test","Cobra","2817143","[PERF] Cobra: 8.8: 2026.3: SQL Quarterly Release: - Scripting","Joseph Estrella","Child (MISTAKE - should be Tests)","2817359","CBRA_PROCESS_08","Cobra88_SQL_1usr","2832480","Passed","Joseph Estrella",""
"2817140","[PERF] Cobra: 8.8: 2026.3: SQL Quarterly Release Performance Test","Cobra","2817143","[PERF] Cobra: 8.8: 2026.3: SQL Quarterly Release: - Scripting","Joseph Estrella","Child (MISTAKE - should be Tests)","2817359","CBRA_PROCESS_08","Process_SQL","2817336","Unspecified","Joseph Estrella",""
"2817140","[PERF] Cobra: 8.8: 2026.3: SQL Quarterly Release Performance Test","Cobra","2817143","[PERF] Cobra: 8.8: 2026.3: SQL Quarterly Release: - Scripting","Joseph Estrella","Child (MISTAKE - should be Tests)","2817360","CBRA_PROCESS_09","Cobra88_SQL_1usr","2832480","Passed","Joseph Estrella",""
"2817140","[PERF] Cobra: 8.8: 2026.3: SQL Quarterly Release Performance Test","Cobra","2817143","[PERF] Cobra: 8.8: 2026.3: SQL Quarterly Release: - Scripting","Joseph Estrella","Child (MISTAKE - should be Tests)","2817360","CBRA_PROCESS_09","Process_SQL","2817336","Unspecified","Joseph Estrella",""
"2817140","[PERF] Cobra: 8.8: 2026.3: SQL Quarterly Release Performance Test","Cobra","2817143","[PERF] Cobra: 8.8: 2026.3: SQL Quarterly Release: - Scripting","Joseph Estrella","Child (MISTAKE - should be Tests)","2817361","CBRA_PROCESS_10","Cobra88_SQL_1usr","2832480","Passed","Joseph Estrella",""
"2817140","[PERF] Cobra: 8.8: 2026.3: SQL Quarterly Release Performance Test","Cobra","2817143","[PERF] Cobra: 8.8: 2026.3: SQL Quarterly Release: - Scripting","Joseph Estrella","Child (MISTAKE - should be Tests)","2817361","CBRA_PROCESS_10","Process_SQL","2817336","Unspecified","Joseph Estrella",""
"2817140","[PERF] Cobra: 8.8: 2026.3: SQL Quarterly Release Performance Test","Cobra","2817143","[PERF] Cobra: 8.8: 2026.3: SQL Quarterly Release: - Scripting","Joseph Estrella","Child (MISTAKE - should be Tests)","2817362","CBRA_PROCESS_11","Cobra88_SQL_1usr","2832480","Passed","Joseph Estrella",""
"2817140","[PERF] Cobra: 8.8: 2026.3: SQL Quarterly Release Performance Test","Cobra","2817143","[PERF] Cobra: 8.8: 2026.3: SQL Quarterly Release: - Scripting","Joseph Estrella","Child (MISTAKE - should be Tests)","2817362","CBRA_PROCESS_11","Process_SQL","2817336","Unspecified","Joseph Estrella",""
"2817140","[PERF] Cobra: 8.8: 2026.3: SQL Quarterly Release Performance Test","Cobra","2817143","[PERF] Cobra: 8.8: 2026.3: SQL Quarterly Release: - Scripting","Joseph Estrella","Child (MISTAKE - should be Tests)","2817363","CBRA_PROCESS_12","Cobra88_SQL_1usr","2832480","Passed","Joseph Estrella",""
"2817140","[PERF] Cobra: 8.8: 2026.3: SQL Quarterly Release Performance Test","Cobra","2817143","[PERF] Cobra: 8.8: 2026.3: SQL Quarterly Release: - Scripting","Joseph Estrella","Child (MISTAKE - should be Tests)","2817363","CBRA_PROCESS_12","Process_SQL","2817336","Unspecified","Joseph Estrella",""
"2817140","[PERF] Cobra: 8.8: 2026.3: SQL Quarterly Release Performance Test","Cobra","2817143","[PERF] Cobra: 8.8: 2026.3: SQL Quarterly Release: - Scripting","Joseph Estrella","Child (MISTAKE - should be Tests)","2817364","CBRA_PROCESS_13","Cobra88_SQL_1usr","2832480","Passed","Joseph Estrella",""
"2817140","[PERF] Cobra: 8.8: 2026.3: SQL Quarterly Release Performance Test","Cobra","2817143","[PERF] Cobra: 8.8: 2026.3: SQL Quarterly Release: - Scripting","Joseph Estrella","Child (MISTAKE - should be Tests)","2817364","CBRA_PROCESS_13","Process_SQL","2817336","Unspecified","Joseph Estrella",""
"2817140","[PERF] Cobra: 8.8: 2026.3: SQL Quarterly Release Performance Test","Cobra","2817143","[PERF] Cobra: 8.8: 2026.3: SQL Quarterly Release: - Scripting","Joseph Estrella","Child (MISTAKE - should be Tests)","2817365","CBRA_PROCESS_14","Cobra88_SQL_1usr","2832480","Passed","Joseph Estrella",""
"2817140","[PERF] Cobra: 8.8: 2026.3: SQL Quarterly Release Performance Test","Cobra","2817143","[PERF] Cobra: 8.8: 2026.3: SQL Quarterly Release: - Scripting","Joseph Estrella","Child (MISTAKE - should be Tests)","2817365","CBRA_PROCESS_14","Process_SQL","2817336","Unspecified","Joseph Estrella",""
"2817140","[PERF] Cobra: 8.8: 2026.3: SQL Quarterly Release Performance Test","Cobra","2817143","[PERF] Cobra: 8.8: 2026.3: SQL Quarterly Release: - Scripting","Joseph Estrella","Child (MISTAKE - should be Tests)","2817366","CBRA_PROCESS_15","Cobra88_SQL_1usr","2832480","Passed","Joseph Estrella",""
"2817140","[PERF] Cobra: 8.8: 2026.3: SQL Quarterly Release Performance Test","Cobra","2817143","[PERF] Cobra: 8.8: 2026.3: SQL Quarterly Release: - Scripting","Joseph Estrella","Child (MISTAKE - should be Tests)","2817366","CBRA_PROCESS_15","Process_SQL","2817336","Unspecified","Joseph Estrella",""
"2817140","[PERF] Cobra: 8.8: 2026.3: SQL Quarterly Release Performance Test","Cobra","2817143","[PERF] Cobra: 8.8: 2026.3: SQL Quarterly Release: - Scripting","Joseph Estrella","Child (MISTAKE - should be Tests)","2817367","CBRA_PROCESS_16","Cobra88_SQL_1usr","2832480","Passed","Joseph Estrella",""
"2817140","[PERF] Cobra: 8.8: 2026.3: SQL Quarterly Release Performance Test","Cobra","2817143","[PERF] Cobra: 8.8: 2026.3: SQL Quarterly Release: - Scripting","Joseph Estrella","Child (MISTAKE - should be Tests)","2817367","CBRA_PROCESS_16","Process_SQL","2817336","Unspecified","Joseph Estrella",""
"2817140","[PERF] Cobra: 8.8: 2026.3: SQL Quarterly Release Performance Test","Cobra","2817143","[PERF] Cobra: 8.8: 2026.3: SQL Quarterly Release: - Scripting","Joseph Estrella","Child (MISTAKE - should be Tests)","2817368","CBRA_PROCESS_17","Cobra88_SQL_1usr","2832480","Passed","Joseph Estrella",""
"2817140","[PERF] Cobra: 8.8: 2026.3: SQL Quarterly Release Performance Test","Cobra","2817143","[PERF] Cobra: 8.8: 2026.3: SQL Quarterly Release: - Scripting","Joseph Estrella","Child (MISTAKE - should be Tests)","2817368","CBRA_PROCESS_17","Process_SQL","2817336","Unspecified","Joseph Estrella",""
"2817140","[PERF] Cobra: 8.8: 2026.3: SQL Quarterly Release Performance Test","Cobra","2817143","[PERF] Cobra: 8.8: 2026.3: SQL Quarterly Release: - Scripting","Joseph Estrella","Child (MISTAKE - should be Tests)","2817369","CBRA_PROCESS_18","Cobra88_SQL_1usr","2832480","Passed","Joseph Estrella",""
"2817140","[PERF] Cobra: 8.8: 2026.3: SQL Quarterly Release Performance Test","Cobra","2817143","[PERF] Cobra: 8.8: 2026.3: SQL Quarterly Release: - Scripting","Joseph Estrella","Child (MISTAKE - should be Tests)","2817369","CBRA_PROCESS_18","Process_SQL","2817336","Unspecified","Joseph Estrella",""
"2817140","[PERF] Cobra: 8.8: 2026.3: SQL Quarterly Release Performance Test","Cobra","2817143","[PERF] Cobra: 8.8: 2026.3: SQL Quarterly Release: - Scripting","Joseph Estrella","Child (MISTAKE - should be Tests)","2817370","CBRA_PROCESS_19","Cobra88_SQL_1usr","2832480","Passed","Joseph Estrella",""
"2817140","[PERF] Cobra: 8.8: 2026.3: SQL Quarterly Release Performance Test","Cobra","2817143","[PERF] Cobra: 8.8: 2026.3: SQL Quarterly Release: - Scripting","Joseph Estrella","Child (MISTAKE - should be Tests)","2817370","CBRA_PROCESS_19","Process_SQL","2817336","Unspecified","Joseph Estrella",""
"2817140","[PERF] Cobra: 8.8: 2026.3: SQL Quarterly Release Performance Test","Cobra","2817143","[PERF] Cobra: 8.8: 2026.3: SQL Quarterly Release: - Scripting","Joseph Estrella","Child (MISTAKE - should be Tests)","2817371","CBRA_PROCESS_20","Cobra88_SQL_1usr","2832480","Passed","Joseph Estrella",""
"2817140","[PERF] Cobra: 8.8: 2026.3: SQL Quarterly Release Performance Test","Cobra","2817143","[PERF] Cobra: 8.8: 2026.3: SQL Quarterly Release: - Scripting","Joseph Estrella","Child (MISTAKE - should be Tests)","2817371","CBRA_PROCESS_20","Process_SQL","2817336","Unspecified","Joseph Estrella",""
"2817140","[PERF] Cobra: 8.8: 2026.3: SQL Quarterly Release Performance Test","Cobra","2817143","[PERF] Cobra: 8.8: 2026.3: SQL Quarterly Release: - Scripting","Joseph Estrella","Child (MISTAKE - should be Tests)","2817372","CBRA_PROCESS_21","Cobra88_SQL_1usr","2832480","Passed","Joseph Estrella",""
"2817140","[PERF] Cobra: 8.8: 2026.3: SQL Quarterly Release Performance Test","Cobra","2817143","[PERF] Cobra: 8.8: 2026.3: SQL Quarterly Release: - Scripting","Joseph Estrella","Child (MISTAKE - should be Tests)","2817372","CBRA_PROCESS_21","Process_SQL","2817336","Unspecified","Joseph Estrella",""
"2817140","[PERF] Cobra: 8.8: 2026.3: SQL Quarterly Release Performance Test","Cobra","2817143","[PERF] Cobra: 8.8: 2026.3: SQL Quarterly Release: - Scripting","Joseph Estrella","Child (MISTAKE - should be Tests)","2817373","CBRA_PROCESS_22","Cobra88_SQL_1usr","2832480","Passed","Joseph Estrella",""
"2817140","[PERF] Cobra: 8.8: 2026.3: SQL Quarterly Release Performance Test","Cobra","2817143","[PERF] Cobra: 8.8: 2026.3: SQL Quarterly Release: - Scripting","Joseph Estrella","Child (MISTAKE - should be Tests)","2817373","CBRA_PROCESS_22","Process_SQL","2817336","Unspecified","Joseph Estrella",""
"2817140","[PERF] Cobra: 8.8: 2026.3: SQL Quarterly Release Performance Test","Cobra","2817143","[PERF] Cobra: 8.8: 2026.3: SQL Quarterly Release: - Scripting","Joseph Estrella","Child (MISTAKE - should be Tests)","2817374","CBRA_PROCESS_23","Cobra88_SQL_1usr","2832480","Passed","Joseph Estrella",""
"2817140","[PERF] Cobra: 8.8: 2026.3: SQL Quarterly Release Performance Test","Cobra","2817143","[PERF] Cobra: 8.8: 2026.3: SQL Quarterly Release: - Scripting","Joseph Estrella","Child (MISTAKE - should be Tests)","2817374","CBRA_PROCESS_23","Process_SQL","2817336","Unspecified","Joseph Estrella",""
"2817140","[PERF] Cobra: 8.8: 2026.3: SQL Quarterly Release Performance Test","Cobra","2817143","[PERF] Cobra: 8.8: 2026.3: SQL Quarterly Release: - Scripting","Joseph Estrella","Child (MISTAKE - should be Tests)","2817375","CBRA_PROCESS_24","Cobra88_SQL_1usr","2832480","Passed","Joseph Estrella",""
"2817140","[PERF] Cobra: 8.8: 2026.3: SQL Quarterly Release Performance Test","Cobra","2817143","[PERF] Cobra: 8.8: 2026.3: SQL Quarterly Release: - Scripting","Joseph Estrella","Child (MISTAKE - should be Tests)","2817375","CBRA_PROCESS_24","Process_SQL","2817336","Unspecified","Joseph Estrella",""
"2817140","[PERF] Cobra: 8.8: 2026.3: SQL Quarterly Release Performance Test","Cobra","2817143","[PERF] Cobra: 8.8: 2026.3: SQL Quarterly Release: - Scripting","Joseph Estrella","Child (MISTAKE - should be Tests)","2817376","CBRA_PROCESS_25","Cobra88_SQL_1usr","2832480","Passed","Joseph Estrella",""
"2817140","[PERF] Cobra: 8.8: 2026.3: SQL Quarterly Release Performance Test","Cobra","2817143","[PERF] Cobra: 8.8: 2026.3: SQL Quarterly Release: - Scripting","Joseph Estrella","Child (MISTAKE - should be Tests)","2817376","CBRA_PROCESS_25","Process_SQL","2817336","Unspecified","Joseph Estrella",""
"2817140","[PERF] Cobra: 8.8: 2026.3: SQL Quarterly Release Performance Test","Cobra","2817143","[PERF] Cobra: 8.8: 2026.3: SQL Quarterly Release: - Scripting","Joseph Estrella","Child (MISTAKE - should be Tests)","2817377","CBRA_PROCESS_26","Cobra88_SQL_1usr","2832480","Passed","Joseph Estrella",""
"2817140","[PERF] Cobra: 8.8: 2026.3: SQL Quarterly Release Performance Test","Cobra","2817143","[PERF] Cobra: 8.8: 2026.3: SQL Quarterly Release: - Scripting","Joseph Estrella","Child (MISTAKE - should be Tests)","2817377","CBRA_PROCESS_26","Process_SQL","2817336","Unspecified","Joseph Estrella",""
"2817140","[PERF] Cobra: 8.8: 2026.3: SQL Quarterly Release Performance Test","Cobra","2817143","[PERF] Cobra: 8.8: 2026.3: SQL Quarterly Release: - Scripting","Joseph Estrella","Child (MISTAKE - should be Tests)","2817378","CBRA_PROCESS_27","Cobra88_SQL_1usr","2832480","Passed","Joseph Estrella",""
"2817140","[PERF] Cobra: 8.8: 2026.3: SQL Quarterly Release Performance Test","Cobra","2817143","[PERF] Cobra: 8.8: 2026.3: SQL Quarterly Release: - Scripting","Joseph Estrella","Child (MISTAKE - should be Tests)","2817378","CBRA_PROCESS_27","Process_SQL","2817336","Unspecified","Joseph Estrella",""
"2817140","[PERF] Cobra: 8.8: 2026.3: SQL Quarterly Release Performance Test","Cobra","2817143","[PERF] Cobra: 8.8: 2026.3: SQL Quarterly Release: - Scripting","Joseph Estrella","Child (MISTAKE - should be Tests)","2817379","CBRA_PROCESS_28","Cobra88_SQL_1usr","2832480","Passed","Joseph Estrella",""
"2817140","[PERF] Cobra: 8.8: 2026.3: SQL Quarterly Release Performance Test","Cobra","2817143","[PERF] Cobra: 8.8: 2026.3: SQL Quarterly Release: - Scripting","Joseph Estrella","Child (MISTAKE - should be Tests)","2817379","CBRA_PROCESS_28","Process_SQL","2817336","Unspecified","Joseph Estrella",""
"2817140","[PERF] Cobra: 8.8: 2026.3: SQL Quarterly Release Performance Test","Cobra","2817143","[PERF] Cobra: 8.8: 2026.3: SQL Quarterly Release: - Scripting","Joseph Estrella","Child (MISTAKE - should be Tests)","2817380","CBRA_PROCESS_29","Cobra88_SQL_1usr","2832480","Passed","Joseph Estrella",""
"2817140","[PERF] Cobra: 8.8: 2026.3: SQL Quarterly Release Performance Test","Cobra","2817143","[PERF] Cobra: 8.8: 2026.3: SQL Quarterly Release: - Scripting","Joseph Estrella","Child (MISTAKE - should be Tests)","2817380","CBRA_PROCESS_29","Process_SQL","2817336","Unspecified","Joseph Estrella",""
"2817140","[PERF] Cobra: 8.8: 2026.3: SQL Quarterly Release Performance Test","Cobra","2817143","[PERF] Cobra: 8.8: 2026.3: SQL Quarterly Release: - Scripting","Joseph Estrella","Child (MISTAKE - should be Tests)","2817381","CBRA_PROCESS_30","Cobra88_SQL_1usr","2832480","Passed","Joseph Estrella",""
"2817140","[PERF] Cobra: 8.8: 2026.3: SQL Quarterly Release Performance Test","Cobra","2817143","[PERF] Cobra: 8.8: 2026.3: SQL Quarterly Release: - Scripting","Joseph Estrella","Child (MISTAKE - should be Tests)","2817381","CBRA_PROCESS_30","Process_SQL","2817336","Unspecified","Joseph Estrella",""
"2817140","[PERF] Cobra: 8.8: 2026.3: SQL Quarterly Release Performance Test","Cobra","2817143","[PERF] Cobra: 8.8: 2026.3: SQL Quarterly Release: - Scripting","Joseph Estrella","Child (MISTAKE - should be Tests)","2817382","CBRA_PROCESS_31","Cobra88_SQL_1usr","2832480","Passed","Joseph Estrella",""
"2817140","[PERF] Cobra: 8.8: 2026.3: SQL Quarterly Release Performance Test","Cobra","2817143","[PERF] Cobra: 8.8: 2026.3: SQL Quarterly Release: - Scripting","Joseph Estrella","Child (MISTAKE - should be Tests)","2817382","CBRA_PROCESS_31","Process_SQL","2817336","Unspecified","Joseph Estrella",""
"2817140","[PERF] Cobra: 8.8: 2026.3: SQL Quarterly Release Performance Test","Cobra","2817143","[PERF] Cobra: 8.8: 2026.3: SQL Quarterly Release: - Scripting","Joseph Estrella","Child (MISTAKE - should be Tests)","2817383","CBRA_PROCESS_32","Cobra88_SQL_1usr","2832480","Passed","Joseph Estrella",""
"2817140","[PERF] Cobra: 8.8: 2026.3: SQL Quarterly Release Performance Test","Cobra","2817143","[PERF] Cobra: 8.8: 2026.3: SQL Quarterly Release: - Scripting","Joseph Estrella","Child (MISTAKE - should be Tests)","2817383","CBRA_PROCESS_32","Process_SQL","2817336","Unspecified","Joseph Estrella",""
"2817140","[PERF] Cobra: 8.8: 2026.3: SQL Quarterly Release Performance Test","Cobra","2817143","[PERF] Cobra: 8.8: 2026.3: SQL Quarterly Release: - Scripting","Joseph Estrella","Child (MISTAKE - should be Tests)","2817384","CBRA_PROCESS_33","Cobra88_SQL_1usr","2832480","Passed","Joseph Estrella",""
"2817140","[PERF] Cobra: 8.8: 2026.3: SQL Quarterly Release Performance Test","Cobra","2817143","[PERF] Cobra: 8.8: 2026.3: SQL Quarterly Release: - Scripting","Joseph Estrella","Child (MISTAKE - should be Tests)","2817384","CBRA_PROCESS_33","Process_SQL","2817336","Unspecified","Joseph Estrella",""
"2817140","[PERF] Cobra: 8.8: 2026.3: SQL Quarterly Release Performance Test","Cobra","2817143","[PERF] Cobra: 8.8: 2026.3: SQL Quarterly Release: - Scripting","Joseph Estrella","Child (MISTAKE - should be Tests)","2817385","CBRA_GUI_01","GUI_SQL","2817335","Unspecified","Joseph Estrella",""
"2817140","[PERF] Cobra: 8.8: 2026.3: SQL Quarterly Release Performance Test","Cobra","2817143","[PERF] Cobra: 8.8: 2026.3: SQL Quarterly Release: - Scripting","Joseph Estrella","Child (MISTAKE - should be Tests)","2817385","CBRA_GUI_01","Cobra88_SQL_1usr","2832480","Passed","Joseph Estrella",""
"2817140","[PERF] Cobra: 8.8: 2026.3: SQL Quarterly Release Performance Test","Cobra","2817143","[PERF] Cobra: 8.8: 2026.3: SQL Quarterly Release: - Scripting","Joseph Estrella","Child (MISTAKE - should be Tests)","2817386","CBRA_GUI_02","GUI_SQL","2817335","Unspecified","Joseph Estrella",""
"2817140","[PERF] Cobra: 8.8: 2026.3: SQL Quarterly Release Performance Test","Cobra","2817143","[PERF] Cobra: 8.8: 2026.3: SQL Quarterly Release: - Scripting","Joseph Estrella","Child (MISTAKE - should be Tests)","2817386","CBRA_GUI_02","Cobra88_SQL_1usr","2832480","Passed","Joseph Estrella",""
"2817140","[PERF] Cobra: 8.8: 2026.3: SQL Quarterly Release Performance Test","Cobra","2817143","[PERF] Cobra: 8.8: 2026.3: SQL Quarterly Release: - Scripting","Joseph Estrella","Child (MISTAKE - should be Tests)","2817387","CBRA_GUI_03","GUI_SQL","2817335","Unspecified","Joseph Estrella",""
"2817140","[PERF] Cobra: 8.8: 2026.3: SQL Quarterly Release Performance Test","Cobra","2817143","[PERF] Cobra: 8.8: 2026.3: SQL Quarterly Release: - Scripting","Joseph Estrella","Child (MISTAKE - should be Tests)","2817387","CBRA_GUI_03","Cobra88_SQL_1usr","2832480","Passed","Joseph Estrella",""
"2817140","[PERF] Cobra: 8.8: 2026.3: SQL Quarterly Release Performance Test","Cobra","2817143","[PERF] Cobra: 8.8: 2026.3: SQL Quarterly Release: - Scripting","Joseph Estrella","Child (MISTAKE - should be Tests)","2817388","CBRA_GUI_04","GUI_SQL","2817335","Unspecified","Joseph Estrella",""
"2817140","[PERF] Cobra: 8.8: 2026.3: SQL Quarterly Release Performance Test","Cobra","2817143","[PERF] Cobra: 8.8: 2026.3: SQL Quarterly Release: - Scripting","Joseph Estrella","Child (MISTAKE - should be Tests)","2817388","CBRA_GUI_04","Cobra88_SQL_1usr","2832480","Passed","Joseph Estrella",""
"2817140","[PERF] Cobra: 8.8: 2026.3: SQL Quarterly Release Performance Test","Cobra","2817143","[PERF] Cobra: 8.8: 2026.3: SQL Quarterly Release: - Scripting","Joseph Estrella","Child (MISTAKE - should be Tests)","2817389","CBRA_GUI_05","GUI_SQL","2817335","Unspecified","Joseph Estrella",""
"2817140","[PERF] Cobra: 8.8: 2026.3: SQL Quarterly Release Performance Test","Cobra","2817143","[PERF] Cobra: 8.8: 2026.3: SQL Quarterly Release: - Scripting","Joseph Estrella","Child (MISTAKE - should be Tests)","2817389","CBRA_GUI_05","Cobra88_SQL_1usr","2832480","Passed","Joseph Estrella",""
"2817140","[PERF] Cobra: 8.8: 2026.3: SQL Quarterly Release Performance Test","Cobra","2817143","[PERF] Cobra: 8.8: 2026.3: SQL Quarterly Release: - Scripting","Joseph Estrella","Child (MISTAKE - should be Tests)","2817390","CBRA_GUI_06","GUI_SQL","2817335","Unspecified","Joseph Estrella",""
"2817140","[PERF] Cobra: 8.8: 2026.3: SQL Quarterly Release Performance Test","Cobra","2817143","[PERF] Cobra: 8.8: 2026.3: SQL Quarterly Release: - Scripting","Joseph Estrella","Child (MISTAKE - should be Tests)","2817390","CBRA_GUI_06","Cobra88_SQL_1usr","2832480","Passed","Joseph Estrella",""
"2817140","[PERF] Cobra: 8.8: 2026.3: SQL Quarterly Release Performance Test","Cobra","2817143","[PERF] Cobra: 8.8: 2026.3: SQL Quarterly Release: - Scripting","Joseph Estrella","Child (MISTAKE - should be Tests)","2817391","CBRA_GUI_07","GUI_SQL","2817335","Unspecified","Joseph Estrella",""
"2817140","[PERF] Cobra: 8.8: 2026.3: SQL Quarterly Release Performance Test","Cobra","2817143","[PERF] Cobra: 8.8: 2026.3: SQL Quarterly Release: - Scripting","Joseph Estrella","Child (MISTAKE - should be Tests)","2817391","CBRA_GUI_07","Cobra88_SQL_1usr","2832480","Passed","Joseph Estrella",""
"2817140","[PERF] Cobra: 8.8: 2026.3: SQL Quarterly Release Performance Test","Cobra","2817143","[PERF] Cobra: 8.8: 2026.3: SQL Quarterly Release: - Scripting","Joseph Estrella","Child (MISTAKE - should be Tests)","2817392","CBRA_GUI_08","GUI_SQL","2817335","Unspecified","Joseph Estrella",""
"2817140","[PERF] Cobra: 8.8: 2026.3: SQL Quarterly Release Performance Test","Cobra","2817143","[PERF] Cobra: 8.8: 2026.3: SQL Quarterly Release: - Scripting","Joseph Estrella","Child (MISTAKE - should be Tests)","2817392","CBRA_GUI_08","Cobra88_SQL_1usr","2832480","Passed","Joseph Estrella",""
"2817140","[PERF] Cobra: 8.8: 2026.3: SQL Quarterly Release Performance Test","Cobra","2817143","[PERF] Cobra: 8.8: 2026.3: SQL Quarterly Release: - Scripting","Joseph Estrella","Child (MISTAKE - should be Tests)","2817393","CBRA_GUI_09","GUI_SQL","2817335","Unspecified","Joseph Estrella",""
"2817140","[PERF] Cobra: 8.8: 2026.3: SQL Quarterly Release Performance Test","Cobra","2817143","[PERF] Cobra: 8.8: 2026.3: SQL Quarterly Release: - Scripting","Joseph Estrella","Child (MISTAKE - should be Tests)","2817393","CBRA_GUI_09","Cobra88_SQL_1usr","2832480","Passed","Joseph Estrella",""
"2817140","[PERF] Cobra: 8.8: 2026.3: SQL Quarterly Release Performance Test","Cobra","2817143","[PERF] Cobra: 8.8: 2026.3: SQL Quarterly Release: - Scripting","Joseph Estrella","Child (MISTAKE - should be Tests)","2817394","CBRA_GUI_10","GUI_SQL","2817335","Unspecified","Joseph Estrella",""
"2817140","[PERF] Cobra: 8.8: 2026.3: SQL Quarterly Release Performance Test","Cobra","2817143","[PERF] Cobra: 8.8: 2026.3: SQL Quarterly Release: - Scripting","Joseph Estrella","Child (MISTAKE - should be Tests)","2817394","CBRA_GUI_10","Cobra88_SQL_1usr","2832480","Passed","Joseph Estrella",""
"2817140","[PERF] Cobra: 8.8: 2026.3: SQL Quarterly Release Performance Test","Cobra","2817143","[PERF] Cobra: 8.8: 2026.3: SQL Quarterly Release: - Scripting","Joseph Estrella","Child (MISTAKE - should be Tests)","2817395","CBRA_GUI_11","GUI_SQL","2817335","Unspecified","Joseph Estrella",""
"2817140","[PERF] Cobra: 8.8: 2026.3: SQL Quarterly Release Performance Test","Cobra","2817143","[PERF] Cobra: 8.8: 2026.3: SQL Quarterly Release: - Scripting","Joseph Estrella","Child (MISTAKE - should be Tests)","2817395","CBRA_GUI_11","Cobra88_SQL_1usr","2832480","Passed","Joseph Estrella",""
"2817140","[PERF] Cobra: 8.8: 2026.3: SQL Quarterly Release Performance Test","Cobra","2817143","[PERF] Cobra: 8.8: 2026.3: SQL Quarterly Release: - Scripting","Joseph Estrella","Child (MISTAKE - should be Tests)","2817396","CBRA_GUI_12","GUI_SQL","2817335","Unspecified","Joseph Estrella",""
"2817140","[PERF] Cobra: 8.8: 2026.3: SQL Quarterly Release Performance Test","Cobra","2817143","[PERF] Cobra: 8.8: 2026.3: SQL Quarterly Release: - Scripting","Joseph Estrella","Child (MISTAKE - should be Tests)","2817396","CBRA_GUI_12","Cobra88_SQL_1usr","2832480","Passed","Joseph Estrella",""
"2817140","[PERF] Cobra: 8.8: 2026.3: SQL Quarterly Release Performance Test","Cobra","2817143","[PERF] Cobra: 8.8: 2026.3: SQL Quarterly Release: - Scripting","Joseph Estrella","Child (MISTAKE - should be Tests)","2817397","CBRA_GUI_13","GUI_SQL","2817335","Unspecified","Joseph Estrella",""
"2817140","[PERF] Cobra: 8.8: 2026.3: SQL Quarterly Release Performance Test","Cobra","2817143","[PERF] Cobra: 8.8: 2026.3: SQL Quarterly Release: - Scripting","Joseph Estrella","Child (MISTAKE - should be Tests)","2817397","CBRA_GUI_13","Cobra88_SQL_1usr","2832480","Passed","Joseph Estrella",""
"2817140","[PERF] Cobra: 8.8: 2026.3: SQL Quarterly Release Performance Test","Cobra","2817143","[PERF] Cobra: 8.8: 2026.3: SQL Quarterly Release: - Scripting","Joseph Estrella","Child (MISTAKE - should be Tests)","2817398","CBRA_API_01","API_SQL","2817334","Unspecified","Joseph Estrella",""
"2817140","[PERF] Cobra: 8.8: 2026.3: SQL Quarterly Release Performance Test","Cobra","2817143","[PERF] Cobra: 8.8: 2026.3: SQL Quarterly Release: - Scripting","Joseph Estrella","Child (MISTAKE - should be Tests)","2817398","CBRA_API_01","Cobra88_SQL_1usr","2832480","Passed","Joseph Estrella",""
"2817140","[PERF] Cobra: 8.8: 2026.3: SQL Quarterly Release Performance Test","Cobra","2817143","[PERF] Cobra: 8.8: 2026.3: SQL Quarterly Release: - Scripting","Joseph Estrella","Child (MISTAKE - should be Tests)","2817399","CBRA_API_02","API_SQL","2817334","Unspecified","Joseph Estrella",""
"2817140","[PERF] Cobra: 8.8: 2026.3: SQL Quarterly Release Performance Test","Cobra","2817143","[PERF] Cobra: 8.8: 2026.3: SQL Quarterly Release: - Scripting","Joseph Estrella","Child (MISTAKE - should be Tests)","2817399","CBRA_API_02","Cobra88_SQL_1usr","2832480","Passed","Joseph Estrella",""
"2817140","[PERF] Cobra: 8.8: 2026.3: SQL Quarterly Release Performance Test","Cobra","2817143","[PERF] Cobra: 8.8: 2026.3: SQL Quarterly Release: - Scripting","Joseph Estrella","Child (MISTAKE - should be Tests)","2817400","CBRA_API_03","API_SQL","2817334","Unspecified","Joseph Estrella",""
"2817140","[PERF] Cobra: 8.8: 2026.3: SQL Quarterly Release Performance Test","Cobra","2817143","[PERF] Cobra: 8.8: 2026.3: SQL Quarterly Release: - Scripting","Joseph Estrella","Child (MISTAKE - should be Tests)","2817400","CBRA_API_03","Cobra88_SQL_1usr","2832480","Passed","Joseph Estrella",""
"2817140","[PERF] Cobra: 8.8: 2026.3: SQL Quarterly Release Performance Test","Cobra","2817143","[PERF] Cobra: 8.8: 2026.3: SQL Quarterly Release: - Scripting","Joseph Estrella","Child (MISTAKE - should be Tests)","2817401","CBRA_API_04","API_SQL","2817334","Unspecified","Joseph Estrella",""
"2817140","[PERF] Cobra: 8.8: 2026.3: SQL Quarterly Release Performance Test","Cobra","2817143","[PERF] Cobra: 8.8: 2026.3: SQL Quarterly Release: - Scripting","Joseph Estrella","Child (MISTAKE - should be Tests)","2817401","CBRA_API_04","Cobra88_SQL_1usr","2832480","Passed","Joseph Estrella",""
"2817140","[PERF] Cobra: 8.8: 2026.3: SQL Quarterly Release Performance Test","Cobra","2817143","[PERF] Cobra: 8.8: 2026.3: SQL Quarterly Release: - Scripting","Joseph Estrella","Child (MISTAKE - should be Tests)","2817402","CBRA_API_05","API_SQL","2817334","Unspecified","Joseph Estrella",""
"2817140","[PERF] Cobra: 8.8: 2026.3: SQL Quarterly Release Performance Test","Cobra","2817143","[PERF] Cobra: 8.8: 2026.3: SQL Quarterly Release: - Scripting","Joseph Estrella","Child (MISTAKE - should be Tests)","2817402","CBRA_API_05","Cobra88_SQL_1usr","2832480","Passed","Joseph Estrella",""
"2817140","[PERF] Cobra: 8.8: 2026.3: SQL Quarterly Release Performance Test","Cobra","2817143","[PERF] Cobra: 8.8: 2026.3: SQL Quarterly Release: - Scripting","Joseph Estrella","Child (MISTAKE - should be Tests)","2817403","CBRA_API_06","API_SQL","2817334","Unspecified","Joseph Estrella",""
"2817140","[PERF] Cobra: 8.8: 2026.3: SQL Quarterly Release Performance Test","Cobra","2817143","[PERF] Cobra: 8.8: 2026.3: SQL Quarterly Release: - Scripting","Joseph Estrella","Child (MISTAKE - should be Tests)","2817403","CBRA_API_06","Cobra88_SQL_1usr","2832480","Passed","Joseph Estrella",""
"2817140","[PERF] Cobra: 8.8: 2026.3: SQL Quarterly Release Performance Test","Cobra","2817143","[PERF] Cobra: 8.8: 2026.3: SQL Quarterly Release: - Scripting","Joseph Estrella","Child (MISTAKE - should be Tests)","2817404","CBRA_API_07","API_SQL","2817334","Unspecified","Joseph Estrella",""
"2817140","[PERF] Cobra: 8.8: 2026.3: SQL Quarterly Release Performance Test","Cobra","2817143","[PERF] Cobra: 8.8: 2026.3: SQL Quarterly Release: - Scripting","Joseph Estrella","Child (MISTAKE - should be Tests)","2817404","CBRA_API_07","Cobra88_SQL_1usr","2832480","Passed","Joseph Estrella",""
"2817140","[PERF] Cobra: 8.8: 2026.3: SQL Quarterly Release Performance Test","Cobra","2817143","[PERF] Cobra: 8.8: 2026.3: SQL Quarterly Release: - Scripting","Joseph Estrella","Child (MISTAKE - should be Tests)","2817405","CBRA_API_08","API_SQL","2817334","Unspecified","Joseph Estrella",""
"2817140","[PERF] Cobra: 8.8: 2026.3: SQL Quarterly Release Performance Test","Cobra","2817143","[PERF] Cobra: 8.8: 2026.3: SQL Quarterly Release: - Scripting","Joseph Estrella","Child (MISTAKE - should be Tests)","2817405","CBRA_API_08","Cobra88_SQL_1usr","2832480","Passed","Joseph Estrella",""
"2817140","[PERF] Cobra: 8.8: 2026.3: SQL Quarterly Release Performance Test","Cobra","2817143","[PERF] Cobra: 8.8: 2026.3: SQL Quarterly Release: - Scripting","Joseph Estrella","Child (MISTAKE - should be Tests)","2817406","CBRA_API_09","API_SQL","2817334","Unspecified","Joseph Estrella",""
"2817140","[PERF] Cobra: 8.8: 2026.3: SQL Quarterly Release Performance Test","Cobra","2817143","[PERF] Cobra: 8.8: 2026.3: SQL Quarterly Release: - Scripting","Joseph Estrella","Child (MISTAKE - should be Tests)","2817406","CBRA_API_09","Cobra88_SQL_1usr","2832480","Failed","Joseph Estrella",""
"2817140","[PERF] Cobra: 8.8: 2026.3: SQL Quarterly Release Performance Test","Cobra","2817143","[PERF] Cobra: 8.8: 2026.3: SQL Quarterly Release: - Scripting","Joseph Estrella","Child (MISTAKE - should be Tests)","2817407","CBRA_API_10","API_SQL","2817334","Unspecified","Joseph Estrella",""
"2817140","[PERF] Cobra: 8.8: 2026.3: SQL Quarterly Release Performance Test","Cobra","2817143","[PERF] Cobra: 8.8: 2026.3: SQL Quarterly Release: - Scripting","Joseph Estrella","Child (MISTAKE - should be Tests)","2817407","CBRA_API_10","Cobra88_SQL_1usr","2832480","Passed","Joseph Estrella",""
"2817140","[PERF] Cobra: 8.8: 2026.3: SQL Quarterly Release Performance Test","Cobra","2817143","[PERF] Cobra: 8.8: 2026.3: SQL Quarterly Release: - Scripting","Joseph Estrella","Child (MISTAKE - should be Tests)","2817408","CBRA_API_11","API_SQL","2817334","Unspecified","Joseph Estrella",""
"2817140","[PERF] Cobra: 8.8: 2026.3: SQL Quarterly Release Performance Test","Cobra","2817143","[PERF] Cobra: 8.8: 2026.3: SQL Quarterly Release: - Scripting","Joseph Estrella","Child (MISTAKE - should be Tests)","2817408","CBRA_API_11","Cobra88_SQL_1usr","2832480","Passed","Joseph Estrella",""
"2817140","[PERF] Cobra: 8.8: 2026.3: SQL Quarterly Release Performance Test","Cobra","2817143","[PERF] Cobra: 8.8: 2026.3: SQL Quarterly Release: - Scripting","Joseph Estrella","Child (MISTAKE - should be Tests)","2817409","CBRA_API_12","API_SQL","2817334","Unspecified","Joseph Estrella",""
"2817140","[PERF] Cobra: 8.8: 2026.3: SQL Quarterly Release Performance Test","Cobra","2817143","[PERF] Cobra: 8.8: 2026.3: SQL Quarterly Release: - Scripting","Joseph Estrella","Child (MISTAKE - should be Tests)","2817409","CBRA_API_12","Cobra88_SQL_1usr","2832480","Passed","Joseph Estrella",""
"2817140","[PERF] Cobra: 8.8: 2026.3: SQL Quarterly Release Performance Test","Cobra","2817143","[PERF] Cobra: 8.8: 2026.3: SQL Quarterly Release: - Scripting","Joseph Estrella","Child (MISTAKE - should be Tests)","2817410","CBRA_API_13","API_SQL","2817334","Unspecified","Joseph Estrella",""
"2817140","[PERF] Cobra: 8.8: 2026.3: SQL Quarterly Release Performance Test","Cobra","2817143","[PERF] Cobra: 8.8: 2026.3: SQL Quarterly Release: - Scripting","Joseph Estrella","Child (MISTAKE - should be Tests)","2817410","CBRA_API_13","Cobra88_SQL_1usr","2832480","Passed","Joseph Estrella",""
"2817140","[PERF] Cobra: 8.8: 2026.3: SQL Quarterly Release Performance Test","Cobra","2817143","[PERF] Cobra: 8.8: 2026.3: SQL Quarterly Release: - Scripting","Joseph Estrella","Child (MISTAKE - should be Tests)","2817411","CBRA_API_14","API_SQL","2817334","Unspecified","Joseph Estrella",""
"2817140","[PERF] Cobra: 8.8: 2026.3: SQL Quarterly Release Performance Test","Cobra","2817143","[PERF] Cobra: 8.8: 2026.3: SQL Quarterly Release: - Scripting","Joseph Estrella","Child (MISTAKE - should be Tests)","2817411","CBRA_API_14","Cobra88_SQL_1usr","2832480","Passed","Joseph Estrella",""
"2817140","[PERF] Cobra: 8.8: 2026.3: SQL Quarterly Release Performance Test","Cobra","2817143","[PERF] Cobra: 8.8: 2026.3: SQL Quarterly Release: - Scripting","Joseph Estrella","Child (MISTAKE - should be Tests)","2817412","CBRA_API_15","API_SQL","2817334","Unspecified","Joseph Estrella",""
"2817140","[PERF] Cobra: 8.8: 2026.3: SQL Quarterly Release Performance Test","Cobra","2817143","[PERF] Cobra: 8.8: 2026.3: SQL Quarterly Release: - Scripting","Joseph Estrella","Child (MISTAKE - should be Tests)","2817412","CBRA_API_15","Cobra88_SQL_1usr","2832480","Passed","Joseph Estrella",""
"2817140","[PERF] Cobra: 8.8: 2026.3: SQL Quarterly Release Performance Test","Cobra","2817143","[PERF] Cobra: 8.8: 2026.3: SQL Quarterly Release: - Scripting","Joseph Estrella","Child (MISTAKE - should be Tests)","2817413","CBRA_API_16","API_SQL","2817334","Unspecified","Joseph Estrella",""
"2817140","[PERF] Cobra: 8.8: 2026.3: SQL Quarterly Release Performance Test","Cobra","2817143","[PERF] Cobra: 8.8: 2026.3: SQL Quarterly Release: - Scripting","Joseph Estrella","Child (MISTAKE - should be Tests)","2817413","CBRA_API_16","Cobra88_SQL_1usr","2832480","Passed","Joseph Estrella",""
"2817140","[PERF] Cobra: 8.8: 2026.3: SQL Quarterly Release Performance Test","Cobra","2817143","[PERF] Cobra: 8.8: 2026.3: SQL Quarterly Release: - Scripting","Joseph Estrella","Child (MISTAKE - should be Tests)","2817414","CBRA_API_17","API_SQL","2817334","Unspecified","Joseph Estrella",""
"2817140","[PERF] Cobra: 8.8: 2026.3: SQL Quarterly Release Performance Test","Cobra","2817143","[PERF] Cobra: 8.8: 2026.3: SQL Quarterly Release: - Scripting","Joseph Estrella","Child (MISTAKE - should be Tests)","2817414","CBRA_API_17","Cobra88_SQL_1usr","2832480","Passed","Joseph Estrella",""
"2817140","[PERF] Cobra: 8.8: 2026.3: SQL Quarterly Release Performance Test","Cobra","2817143","[PERF] Cobra: 8.8: 2026.3: SQL Quarterly Release: - Scripting","Joseph Estrella","Child (MISTAKE - should be Tests)","2817415","CBRA_API_18","API_SQL","2817334","Unspecified","Joseph Estrella",""
"2817140","[PERF] Cobra: 8.8: 2026.3: SQL Quarterly Release Performance Test","Cobra","2817143","[PERF] Cobra: 8.8: 2026.3: SQL Quarterly Release: - Scripting","Joseph Estrella","Child (MISTAKE - should be Tests)","2817415","CBRA_API_18","Cobra88_SQL_1usr","2832480","Passed","Joseph Estrella",""
"2817140","[PERF] Cobra: 8.8: 2026.3: SQL Quarterly Release Performance Test","Cobra","2817143","[PERF] Cobra: 8.8: 2026.3: SQL Quarterly Release: - Scripting","Joseph Estrella","Child (MISTAKE - should be Tests)","2817416","CBRA_API_19","API_SQL","2817334","Unspecified","Joseph Estrella",""
"2817140","[PERF] Cobra: 8.8: 2026.3: SQL Quarterly Release Performance Test","Cobra","2817143","[PERF] Cobra: 8.8: 2026.3: SQL Quarterly Release: - Scripting","Joseph Estrella","Child (MISTAKE - should be Tests)","2817416","CBRA_API_19","Cobra88_SQL_1usr","2832480","Passed","Joseph Estrella",""
"2817140","[PERF] Cobra: 8.8: 2026.3: SQL Quarterly Release Performance Test","Cobra","2817143","[PERF] Cobra: 8.8: 2026.3: SQL Quarterly Release: - Scripting","Joseph Estrella","Child (MISTAKE - should be Tests)","2817417","CBRA_API_20","API_SQL","2817334","Unspecified","Joseph Estrella",""
"2817140","[PERF] Cobra: 8.8: 2026.3: SQL Quarterly Release Performance Test","Cobra","2817143","[PERF] Cobra: 8.8: 2026.3: SQL Quarterly Release: - Scripting","Joseph Estrella","Child (MISTAKE - should be Tests)","2817417","CBRA_API_20","Cobra88_SQL_1usr","2832480","Passed","Joseph Estrella",""
"2817140","[PERF] Cobra: 8.8: 2026.3: SQL Quarterly Release Performance Test","Cobra","2817143","[PERF] Cobra: 8.8: 2026.3: SQL Quarterly Release: - Scripting","Joseph Estrella","Child (MISTAKE - should be Tests)","2817418","CBRA_API_21","API_SQL","2817334","Unspecified","Joseph Estrella",""
"2817140","[PERF] Cobra: 8.8: 2026.3: SQL Quarterly Release Performance Test","Cobra","2817143","[PERF] Cobra: 8.8: 2026.3: SQL Quarterly Release: - Scripting","Joseph Estrella","Child (MISTAKE - should be Tests)","2817418","CBRA_API_21","Cobra88_SQL_1usr","2832480","Passed","Joseph Estrella",""
"2817140","[PERF] Cobra: 8.8: 2026.3: SQL Quarterly Release Performance Test","Cobra","2817143","[PERF] Cobra: 8.8: 2026.3: SQL Quarterly Release: - Scripting","Joseph Estrella","Child (MISTAKE - should be Tests)","2817419","CBRA_API_22","API_SQL","2817334","Unspecified","Joseph Estrella",""
"2817140","[PERF] Cobra: 8.8: 2026.3: SQL Quarterly Release Performance Test","Cobra","2817143","[PERF] Cobra: 8.8: 2026.3: SQL Quarterly Release: - Scripting","Joseph Estrella","Child (MISTAKE - should be Tests)","2817419","CBRA_API_22","Cobra88_SQL_1usr","2832480","Passed","Joseph Estrella",""
"2817140","[PERF] Cobra: 8.8: 2026.3: SQL Quarterly Release Performance Test","Cobra","2817144","[PERF] Cobra: 8.8: 2026.3: SQL Quarterly Release: - Execution","Joseph Estrella","Tests (correct)","2817406","CBRA_API_09","Cobra88_SQL_1usr","2832480","Failed","Joseph Estrella",""
"2748238","[PERF] Maconomy PWC Performance Test","Maconomy","2748239","[PERF] Maconomy PWC Performance Test - Scripting","Leo Banta","Tests (correct)","2750353","Maconomy_001_SubmitTimesheet","2026.2 Time Sheet May 18","2837128","Failed","Leo Banta",""
"2748238","[PERF] Maconomy PWC Performance Test","Maconomy","2748239","[PERF] Maconomy PWC Performance Test - Scripting","Leo Banta","Tests (correct)","2750353","Maconomy_001_SubmitTimesheet","2026.2 Time Sheet May 08","2837139","Failed","Leo Banta",""
"2748238","[PERF] Maconomy PWC Performance Test","Maconomy","2748239","[PERF] Maconomy PWC Performance Test - Scripting","Leo Banta","Tests (correct)","2750353","Maconomy_001_SubmitTimesheet","2026.2 Time Sheet May 04","2837138","Failed","Leo Banta",""
"2748238","[PERF] Maconomy PWC Performance Test","Maconomy","2748239","[PERF] Maconomy PWC Performance Test - Scripting","Leo Banta","Tests (correct)","2750353","Maconomy_001_SubmitTimesheet","2026.2 Time Sheet May 06","2837083","Failed","Leo Banta",""
"2748238","[PERF] Maconomy PWC Performance Test","Maconomy","2748239","[PERF] Maconomy PWC Performance Test - Scripting","Leo Banta","Tests (correct)","2750353","Maconomy_001_SubmitTimesheet","2026.2 Time Sheet May 20","2837131","Failed","Leo Banta",""
"2748238","[PERF] Maconomy PWC Performance Test","Maconomy","2748239","[PERF] Maconomy PWC Performance Test - Scripting","Leo Banta","Tests (correct)","2750353","Maconomy_001_SubmitTimesheet","2026.2 Time Sheet Apr 29","2837078","Failed","Leo Banta",""
"2748238","[PERF] Maconomy PWC Performance Test","Maconomy","2748239","[PERF] Maconomy PWC Performance Test - Scripting","Leo Banta","Tests (correct)","2750353","Maconomy_001_SubmitTimesheet","2026.2 Time Sheet Apr 27","2837077","Failed","Leo Banta",""
"2748238","[PERF] Maconomy PWC Performance Test","Maconomy","2748239","[PERF] Maconomy PWC Performance Test - Scripting","Leo Banta","Tests (correct)","2750353","Maconomy_001_SubmitTimesheet","2026.2 Time Sheet May 07","2837076","Failed","Leo Banta",""
"2748238","[PERF] Maconomy PWC Performance Test","Maconomy","2748239","[PERF] Maconomy PWC Performance Test - Scripting","Leo Banta","Tests (correct)","2750353","Maconomy_001_SubmitTimesheet","2026.2 Time Sheet May 05","2837069","Failed","Leo Banta",""
"2839269","[PERF] Open Plan 8.9 Performance Test","OpenPlan","2839271","[PERF] Open Plan 8.9 Performance Test - Scripting","Leo Banta","Child (MISTAKE - should be Tests)","2850459","Barchart View - ORA","OP_89_ORA","2857169","Unspecified","Leo Banta",""
"2839269","[PERF] Open Plan 8.9 Performance Test","OpenPlan","2839271","[PERF] Open Plan 8.9 Performance Test - Scripting","Leo Banta","Child (MISTAKE - should be Tests)","2850459","Barchart View - ORA","Open_Plan_ORA","2850449","Unspecified","Leo Banta",""
"2839269","[PERF] Open Plan 8.9 Performance Test","OpenPlan","2839271","[PERF] Open Plan 8.9 Performance Test - Scripting","Leo Banta","Child (MISTAKE - should be Tests)","2850460","Histogram View - ORA","OP_89_ORA","2857169","Unspecified","Leo Banta",""
"2839269","[PERF] Open Plan 8.9 Performance Test","OpenPlan","2839271","[PERF] Open Plan 8.9 Performance Test - Scripting","Leo Banta","Child (MISTAKE - should be Tests)","2850460","Histogram View - ORA","Open_Plan_ORA","2850449","Unspecified","Leo Banta",""
"2839269","[PERF] Open Plan 8.9 Performance Test","OpenPlan","2839271","[PERF] Open Plan 8.9 Performance Test - Scripting","Leo Banta","Child (MISTAKE - should be Tests)","2850461","Shared Fill Down - Single Project - ORA","OP_89_ORA","2857169","Unspecified","Leo Banta",""
"2839269","[PERF] Open Plan 8.9 Performance Test","OpenPlan","2839271","[PERF] Open Plan 8.9 Performance Test - Scripting","Leo Banta","Child (MISTAKE - should be Tests)","2850461","Shared Fill Down - Single Project - ORA","Open_Plan_ORA","2850449","Unspecified","Leo Banta",""
"2839269","[PERF] Open Plan 8.9 Performance Test","OpenPlan","2839271","[PERF] Open Plan 8.9 Performance Test - Scripting","Leo Banta","Child (MISTAKE - should be Tests)","2850462","Network View (FLOWVIEW) - ORA","OP_89_ORA","2857169","Unspecified","Leo Banta",""
"2839269","[PERF] Open Plan 8.9 Performance Test","OpenPlan","2839271","[PERF] Open Plan 8.9 Performance Test - Scripting","Leo Banta","Child (MISTAKE - should be Tests)","2850462","Network View (FLOWVIEW) - ORA","Open_Plan_ORA","2850449","Unspecified","Leo Banta",""
"2839269","[PERF] Open Plan 8.9 Performance Test","OpenPlan","2839271","[PERF] Open Plan 8.9 Performance Test - Scripting","Leo Banta","Child (MISTAKE - should be Tests)","2850463","Import P6 XML - ORA","OP_89_ORA","2857169","Unspecified","Leo Banta",""
"2839269","[PERF] Open Plan 8.9 Performance Test","OpenPlan","2839271","[PERF] Open Plan 8.9 Performance Test - Scripting","Leo Banta","Child (MISTAKE - should be Tests)","2850463","Import P6 XML - ORA","Open_Plan_ORA","2850449","Unspecified","Leo Banta",""
"2839269","[PERF] Open Plan 8.9 Performance Test","OpenPlan","2839271","[PERF] Open Plan 8.9 Performance Test - Scripting","Leo Banta","Child (MISTAKE - should be Tests)","2850464","P6 Web Export with UDF Fields - ORA","OP_89_ORA","2857169","Unspecified","Leo Banta",""
"2839269","[PERF] Open Plan 8.9 Performance Test","OpenPlan","2839271","[PERF] Open Plan 8.9 Performance Test - Scripting","Leo Banta","Child (MISTAKE - should be Tests)","2850464","P6 Web Export with UDF Fields - ORA","Open_Plan_ORA","2850449","Unspecified","Leo Banta",""
"2839269","[PERF] Open Plan 8.9 Performance Test","OpenPlan","2839271","[PERF] Open Plan 8.9 Performance Test - Scripting","Leo Banta","Child (MISTAKE - should be Tests)","2850465","In-Cell Button Access to Selection Dialogs - ORA","OP_89_ORA","2857169","Unspecified","Leo Banta",""
"2839269","[PERF] Open Plan 8.9 Performance Test","OpenPlan","2839271","[PERF] Open Plan 8.9 Performance Test - Scripting","Leo Banta","Child (MISTAKE - should be Tests)","2850465","In-Cell Button Access to Selection Dialogs - ORA","Open_Plan_ORA","2850449","Unspecified","Leo Banta",""
"2839269","[PERF] Open Plan 8.9 Performance Test","OpenPlan","2839271","[PERF] Open Plan 8.9 Performance Test - Scripting","Leo Banta","Child (MISTAKE - should be Tests)","2850466","Spreadsheet Column Filtering - ORA","OP_89_ORA","2857169","Unspecified","Leo Banta",""
"2839269","[PERF] Open Plan 8.9 Performance Test","OpenPlan","2839271","[PERF] Open Plan 8.9 Performance Test - Scripting","Leo Banta","Child (MISTAKE - should be Tests)","2850466","Spreadsheet Column Filtering - ORA","Open_Plan_ORA","2850449","Unspecified","Leo Banta",""
"2839269","[PERF] Open Plan 8.9 Performance Test","OpenPlan","2839271","[PERF] Open Plan 8.9 Performance Test - Scripting","Leo Banta","Child (MISTAKE - should be Tests)","2850467","Edit Predecessors and Successors - ORA","OP_89_ORA","2857169","Unspecified","Leo Banta",""
"2839269","[PERF] Open Plan 8.9 Performance Test","OpenPlan","2839271","[PERF] Open Plan 8.9 Performance Test - Scripting","Leo Banta","Child (MISTAKE - should be Tests)","2850467","Edit Predecessors and Successors - ORA","Open_Plan_ORA","2850449","Unspecified","Leo Banta",""
"2839269","[PERF] Open Plan 8.9 Performance Test","OpenPlan","2839271","[PERF] Open Plan 8.9 Performance Test - Scripting","Leo Banta","Child (MISTAKE - should be Tests)","2850468","OP Explorer Refresh - ORA","OP_89_ORA","2857169","Unspecified","Leo Banta",""
"2839269","[PERF] Open Plan 8.9 Performance Test","OpenPlan","2839271","[PERF] Open Plan 8.9 Performance Test - Scripting","Leo Banta","Child (MISTAKE - should be Tests)","2850468","OP Explorer Refresh - ORA","Open_Plan_ORA","2850449","Unspecified","Leo Banta",""
"2839269","[PERF] Open Plan 8.9 Performance Test","OpenPlan","2839271","[PERF] Open Plan 8.9 Performance Test - Scripting","Leo Banta","Child (MISTAKE - should be Tests)","2850469","MSP Server Import - ORA","OP_89_ORA","2857169","Unspecified","Leo Banta",""
"2839269","[PERF] Open Plan 8.9 Performance Test","OpenPlan","2839271","[PERF] Open Plan 8.9 Performance Test - Scripting","Leo Banta","Child (MISTAKE - should be Tests)","2850469","MSP Server Import - ORA","Open_Plan_ORA","2850449","Unspecified","Leo Banta",""
"2839269","[PERF] Open Plan 8.9 Performance Test","OpenPlan","2839271","[PERF] Open Plan 8.9 Performance Test - Scripting","Leo Banta","Child (MISTAKE - should be Tests)","2850470","P6 Server Import - ORA","OP_89_ORA","2857169","Unspecified","Leo Banta",""
"2839269","[PERF] Open Plan 8.9 Performance Test","OpenPlan","2839271","[PERF] Open Plan 8.9 Performance Test - Scripting","Leo Banta","Child (MISTAKE - should be Tests)","2850470","P6 Server Import - ORA","Open_Plan_ORA","2850449","Unspecified","Leo Banta",""
"2839269","[PERF] Open Plan 8.9 Performance Test","OpenPlan","2839271","[PERF] Open Plan 8.9 Performance Test - Scripting","Leo Banta","Child (MISTAKE - should be Tests)","2850471","Progress and Actual Finish - ORA","OP_89_ORA","2857169","Unspecified","Leo Banta",""
"2839269","[PERF] Open Plan 8.9 Performance Test","OpenPlan","2839271","[PERF] Open Plan 8.9 Performance Test - Scripting","Leo Banta","Child (MISTAKE - should be Tests)","2850471","Progress and Actual Finish - ORA","Open_Plan_ORA","2850449","Unspecified","Leo Banta",""
"2839269","[PERF] Open Plan 8.9 Performance Test","OpenPlan","2839271","[PERF] Open Plan 8.9 Performance Test - Scripting","Leo Banta","Child (MISTAKE - should be Tests)","2850472","BK3 Import - Multi-Project - ORA","OP_89_ORA","2857169","Unspecified","Leo Banta",""
"2839269","[PERF] Open Plan 8.9 Performance Test","OpenPlan","2839271","[PERF] Open Plan 8.9 Performance Test - Scripting","Leo Banta","Child (MISTAKE - should be Tests)","2850472","BK3 Import - Multi-Project - ORA","Open_Plan_ORA","2850449","Unspecified","Leo Banta",""
"2839269","[PERF] Open Plan 8.9 Performance Test","OpenPlan","2839271","[PERF] Open Plan 8.9 Performance Test - Scripting","Leo Banta","Child (MISTAKE - should be Tests)","2850473","BK3 Import - Single Project - ORA","OP_89_ORA","2857169","Unspecified","Leo Banta",""
"2839269","[PERF] Open Plan 8.9 Performance Test","OpenPlan","2839271","[PERF] Open Plan 8.9 Performance Test - Scripting","Leo Banta","Child (MISTAKE - should be Tests)","2850473","BK3 Import - Single Project - ORA","Open_Plan_ORA","2850449","Unspecified","Leo Banta",""
"2839269","[PERF] Open Plan 8.9 Performance Test","OpenPlan","2839271","[PERF] Open Plan 8.9 Performance Test - Scripting","Leo Banta","Child (MISTAKE - should be Tests)","2850474","JIRA Import - Single Project (Initial) - ORA","OP_89_ORA","2857169","Unspecified","Leo Banta",""
"2839269","[PERF] Open Plan 8.9 Performance Test","OpenPlan","2839271","[PERF] Open Plan 8.9 Performance Test - Scripting","Leo Banta","Child (MISTAKE - should be Tests)","2850474","JIRA Import - Single Project (Initial) - ORA","Open_Plan_ORA","2850449","Unspecified","Leo Banta",""
"2839269","[PERF] Open Plan 8.9 Performance Test","OpenPlan","2839271","[PERF] Open Plan 8.9 Performance Test - Scripting","Leo Banta","Child (MISTAKE - should be Tests)","2850475","JIRA Import - Multi-Project (Initial) - ORA","OP_89_ORA","2857169","Unspecified","Leo Banta",""
"2839269","[PERF] Open Plan 8.9 Performance Test","OpenPlan","2839271","[PERF] Open Plan 8.9 Performance Test - Scripting","Leo Banta","Child (MISTAKE - should be Tests)","2850475","JIRA Import - Multi-Project (Initial) - ORA","Open_Plan_ORA","2850449","Unspecified","Leo Banta",""
"2839269","[PERF] Open Plan 8.9 Performance Test","OpenPlan","2839271","[PERF] Open Plan 8.9 Performance Test - Scripting","Leo Banta","Child (MISTAKE - should be Tests)","2850476","JIRA Full Update - Single Project - ORA","OP_89_ORA","2857169","Unspecified","Leo Banta",""
"2839269","[PERF] Open Plan 8.9 Performance Test","OpenPlan","2839271","[PERF] Open Plan 8.9 Performance Test - Scripting","Leo Banta","Child (MISTAKE - should be Tests)","2850476","JIRA Full Update - Single Project - ORA","Open_Plan_ORA","2850449","Unspecified","Leo Banta",""
"2839269","[PERF] Open Plan 8.9 Performance Test","OpenPlan","2839271","[PERF] Open Plan 8.9 Performance Test - Scripting","Leo Banta","Child (MISTAKE - should be Tests)","2850477","JIRA Full Update - Multi-Project - ORA","OP_89_ORA","2857169","Unspecified","Leo Banta",""
"2839269","[PERF] Open Plan 8.9 Performance Test","OpenPlan","2839271","[PERF] Open Plan 8.9 Performance Test - Scripting","Leo Banta","Child (MISTAKE - should be Tests)","2850477","JIRA Full Update - Multi-Project - ORA","Open_Plan_ORA","2850449","Unspecified","Leo Banta",""
"2839269","[PERF] Open Plan 8.9 Performance Test","OpenPlan","2839271","[PERF] Open Plan 8.9 Performance Test - Scripting","Leo Banta","Child (MISTAKE - should be Tests)","2850478","JIRA Status Only - Single Project - ORA","OP_89_ORA","2857169","Unspecified","Leo Banta",""
"2839269","[PERF] Open Plan 8.9 Performance Test","OpenPlan","2839271","[PERF] Open Plan 8.9 Performance Test - Scripting","Leo Banta","Child (MISTAKE - should be Tests)","2850478","JIRA Status Only - Single Project - ORA","Open_Plan_ORA","2850449","Unspecified","Leo Banta",""
"2839269","[PERF] Open Plan 8.9 Performance Test","OpenPlan","2839271","[PERF] Open Plan 8.9 Performance Test - Scripting","Leo Banta","Child (MISTAKE - should be Tests)","2850479","JIRA Status Only - Multi-Project - ORA","OP_89_ORA","2857169","Unspecified","Leo Banta",""
"2839269","[PERF] Open Plan 8.9 Performance Test","OpenPlan","2839271","[PERF] Open Plan 8.9 Performance Test - Scripting","Leo Banta","Child (MISTAKE - should be Tests)","2850479","JIRA Status Only - Multi-Project - ORA","Open_Plan_ORA","2850449","Unspecified","Leo Banta",""
"2839269","[PERF] Open Plan 8.9 Performance Test","OpenPlan","2839271","[PERF] Open Plan 8.9 Performance Test - Scripting","Leo Banta","Child (MISTAKE - should be Tests)","2850480","Sel Relationship and Resource Tab - ORA","OP_89_ORA","2857169","Unspecified","Leo Banta",""
"2839269","[PERF] Open Plan 8.9 Performance Test","OpenPlan","2839271","[PERF] Open Plan 8.9 Performance Test - Scripting","Leo Banta","Child (MISTAKE - should be Tests)","2850480","Sel Relationship and Resource Tab - ORA","Open_Plan_ORA","2850449","Unspecified","Leo Banta",""
"2839269","[PERF] Open Plan 8.9 Performance Test","OpenPlan","2839271","[PERF] Open Plan 8.9 Performance Test - Scripting","Leo Banta","Child (MISTAKE - should be Tests)","2850481","Network View - CBB Only Rerun - ORA","OP_89_ORA","2857169","Unspecified","Leo Banta",""
"2839269","[PERF] Open Plan 8.9 Performance Test","OpenPlan","2839271","[PERF] Open Plan 8.9 Performance Test - Scripting","Leo Banta","Child (MISTAKE - should be Tests)","2850481","Network View - CBB Only Rerun - ORA","Open_Plan_ORA","2850449","Unspecified","Leo Banta",""
"2839269","[PERF] Open Plan 8.9 Performance Test","OpenPlan","2839271","[PERF] Open Plan 8.9 Performance Test - Scripting","Leo Banta","Child (MISTAKE - should be Tests)","2850482","Grouping - Barchart - ORA","OP_89_ORA","2857169","Unspecified","Leo Banta",""
"2839269","[PERF] Open Plan 8.9 Performance Test","OpenPlan","2839271","[PERF] Open Plan 8.9 Performance Test - Scripting","Leo Banta","Child (MISTAKE - should be Tests)","2850482","Grouping - Barchart - ORA","Open_Plan_ORA","2850449","Unspecified","Leo Banta",""
"2839269","[PERF] Open Plan 8.9 Performance Test","OpenPlan","2839271","[PERF] Open Plan 8.9 Performance Test - Scripting","Leo Banta","Child (MISTAKE - should be Tests)","2850483","Grouping - Barchart SQL Rerun - ORA","OP_89_ORA","2857169","Unspecified","Leo Banta",""
"2839269","[PERF] Open Plan 8.9 Performance Test","OpenPlan","2839271","[PERF] Open Plan 8.9 Performance Test - Scripting","Leo Banta","Child (MISTAKE - should be Tests)","2850483","Grouping - Barchart SQL Rerun - ORA","Open_Plan_ORA","2850449","Unspecified","Leo Banta",""
"2839269","[PERF] Open Plan 8.9 Performance Test","OpenPlan","2839271","[PERF] Open Plan 8.9 Performance Test - Scripting","Leo Banta","Child (MISTAKE - should be Tests)","2850484","Backup and Restore - ORA","OP_89_ORA","2857169","Unspecified","Leo Banta",""
"2839269","[PERF] Open Plan 8.9 Performance Test","OpenPlan","2839271","[PERF] Open Plan 8.9 Performance Test - Scripting","Leo Banta","Child (MISTAKE - should be Tests)","2850484","Backup and Restore - ORA","Open_Plan_ORA","2850449","Unspecified","Leo Banta",""
"2839269","[PERF] Open Plan 8.9 Performance Test","OpenPlan","2839271","[PERF] Open Plan 8.9 Performance Test - Scripting","Leo Banta","Child (MISTAKE - should be Tests)","2850485","Associated Views - All Projects - ORA","OP_89_ORA","2857169","Unspecified","Leo Banta",""
"2839269","[PERF] Open Plan 8.9 Performance Test","OpenPlan","2839271","[PERF] Open Plan 8.9 Performance Test - Scripting","Leo Banta","Child (MISTAKE - should be Tests)","2850485","Associated Views - All Projects - ORA","Open_Plan_ORA","2850449","Unspecified","Leo Banta",""
"2839269","[PERF] Open Plan 8.9 Performance Test","OpenPlan","2839271","[PERF] Open Plan 8.9 Performance Test - Scripting","Leo Banta","Child (MISTAKE - should be Tests)","2850486","Barchart View - SQL","Open_Plan_SQL","2850450","Unspecified","Leo Banta",""
"2839269","[PERF] Open Plan 8.9 Performance Test","OpenPlan","2839271","[PERF] Open Plan 8.9 Performance Test - Scripting","Leo Banta","Child (MISTAKE - should be Tests)","2850486","Barchart View - SQL","OP_89_SQL","2857168","Unspecified","Leo Banta",""
"2839269","[PERF] Open Plan 8.9 Performance Test","OpenPlan","2839271","[PERF] Open Plan 8.9 Performance Test - Scripting","Leo Banta","Child (MISTAKE - should be Tests)","2850487","Histogram View - SQL","Open_Plan_SQL","2850450","Unspecified","Leo Banta",""
"2839269","[PERF] Open Plan 8.9 Performance Test","OpenPlan","2839271","[PERF] Open Plan 8.9 Performance Test - Scripting","Leo Banta","Child (MISTAKE - should be Tests)","2850487","Histogram View - SQL","OP_89_SQL","2857168","Unspecified","Leo Banta",""
"2839269","[PERF] Open Plan 8.9 Performance Test","OpenPlan","2839271","[PERF] Open Plan 8.9 Performance Test - Scripting","Leo Banta","Child (MISTAKE - should be Tests)","2850488","Shared Fill Down - Single Project - SQL","Open_Plan_SQL","2850450","Unspecified","Leo Banta",""
"2839269","[PERF] Open Plan 8.9 Performance Test","OpenPlan","2839271","[PERF] Open Plan 8.9 Performance Test - Scripting","Leo Banta","Child (MISTAKE - should be Tests)","2850488","Shared Fill Down - Single Project - SQL","OP_89_SQL","2857168","Unspecified","Leo Banta",""
"2839269","[PERF] Open Plan 8.9 Performance Test","OpenPlan","2839271","[PERF] Open Plan 8.9 Performance Test - Scripting","Leo Banta","Child (MISTAKE - should be Tests)","2850489","Network View (FLOWVIEW) - SQL","Open_Plan_SQL","2850450","Unspecified","Leo Banta",""
"2839269","[PERF] Open Plan 8.9 Performance Test","OpenPlan","2839271","[PERF] Open Plan 8.9 Performance Test - Scripting","Leo Banta","Child (MISTAKE - should be Tests)","2850489","Network View (FLOWVIEW) - SQL","OP_89_SQL","2857168","Unspecified","Leo Banta",""
"2839269","[PERF] Open Plan 8.9 Performance Test","OpenPlan","2839271","[PERF] Open Plan 8.9 Performance Test - Scripting","Leo Banta","Child (MISTAKE - should be Tests)","2850490","Import P6 XML - SQL","Open_Plan_SQL","2850450","Unspecified","Leo Banta",""
"2839269","[PERF] Open Plan 8.9 Performance Test","OpenPlan","2839271","[PERF] Open Plan 8.9 Performance Test - Scripting","Leo Banta","Child (MISTAKE - should be Tests)","2850490","Import P6 XML - SQL","OP_89_SQL","2857168","Unspecified","Leo Banta",""
"2839269","[PERF] Open Plan 8.9 Performance Test","OpenPlan","2839271","[PERF] Open Plan 8.9 Performance Test - Scripting","Leo Banta","Child (MISTAKE - should be Tests)","2850491","P6 Web Export with UDF Fields - SQL","Open_Plan_SQL","2850450","Unspecified","Leo Banta",""
"2839269","[PERF] Open Plan 8.9 Performance Test","OpenPlan","2839271","[PERF] Open Plan 8.9 Performance Test - Scripting","Leo Banta","Child (MISTAKE - should be Tests)","2850491","P6 Web Export with UDF Fields - SQL","OP_89_SQL","2857168","Unspecified","Leo Banta",""
"2839269","[PERF] Open Plan 8.9 Performance Test","OpenPlan","2839271","[PERF] Open Plan 8.9 Performance Test - Scripting","Leo Banta","Child (MISTAKE - should be Tests)","2850492","In-Cell Button Access to Selection Dialogs - SQL","Open_Plan_SQL","2850450","Unspecified","Leo Banta",""
"2839269","[PERF] Open Plan 8.9 Performance Test","OpenPlan","2839271","[PERF] Open Plan 8.9 Performance Test - Scripting","Leo Banta","Child (MISTAKE - should be Tests)","2850492","In-Cell Button Access to Selection Dialogs - SQL","OP_89_SQL","2857168","Unspecified","Leo Banta",""
"2839269","[PERF] Open Plan 8.9 Performance Test","OpenPlan","2839271","[PERF] Open Plan 8.9 Performance Test - Scripting","Leo Banta","Child (MISTAKE - should be Tests)","2850493","Spreadsheet Column Filtering - SQL","Open_Plan_SQL","2850450","Unspecified","Leo Banta",""
"2839269","[PERF] Open Plan 8.9 Performance Test","OpenPlan","2839271","[PERF] Open Plan 8.9 Performance Test - Scripting","Leo Banta","Child (MISTAKE - should be Tests)","2850493","Spreadsheet Column Filtering - SQL","OP_89_SQL","2857168","Unspecified","Leo Banta",""
"2839269","[PERF] Open Plan 8.9 Performance Test","OpenPlan","2839271","[PERF] Open Plan 8.9 Performance Test - Scripting","Leo Banta","Child (MISTAKE - should be Tests)","2850494","Edit Predecessors and Successors - SQL","Open_Plan_SQL","2850450","Unspecified","Leo Banta",""
"2839269","[PERF] Open Plan 8.9 Performance Test","OpenPlan","2839271","[PERF] Open Plan 8.9 Performance Test - Scripting","Leo Banta","Child (MISTAKE - should be Tests)","2850494","Edit Predecessors and Successors - SQL","OP_89_SQL","2857168","Unspecified","Leo Banta",""
"2839269","[PERF] Open Plan 8.9 Performance Test","OpenPlan","2839271","[PERF] Open Plan 8.9 Performance Test - Scripting","Leo Banta","Child (MISTAKE - should be Tests)","2850495","OP Explorer Refresh - SQL","Open_Plan_SQL","2850450","Unspecified","Leo Banta",""
"2839269","[PERF] Open Plan 8.9 Performance Test","OpenPlan","2839271","[PERF] Open Plan 8.9 Performance Test - Scripting","Leo Banta","Child (MISTAKE - should be Tests)","2850495","OP Explorer Refresh - SQL","OP_89_SQL","2857168","Unspecified","Leo Banta",""
"2839269","[PERF] Open Plan 8.9 Performance Test","OpenPlan","2839271","[PERF] Open Plan 8.9 Performance Test - Scripting","Leo Banta","Child (MISTAKE - should be Tests)","2850496","MSP Server Import - SQL","Open_Plan_SQL","2850450","Unspecified","Leo Banta",""
"2839269","[PERF] Open Plan 8.9 Performance Test","OpenPlan","2839271","[PERF] Open Plan 8.9 Performance Test - Scripting","Leo Banta","Child (MISTAKE - should be Tests)","2850496","MSP Server Import - SQL","OP_89_SQL","2857168","Unspecified","Leo Banta",""
"2839269","[PERF] Open Plan 8.9 Performance Test","OpenPlan","2839271","[PERF] Open Plan 8.9 Performance Test - Scripting","Leo Banta","Child (MISTAKE - should be Tests)","2850497","P6 Server Import - SQL","Open_Plan_SQL","2850450","Unspecified","Leo Banta",""
"2839269","[PERF] Open Plan 8.9 Performance Test","OpenPlan","2839271","[PERF] Open Plan 8.9 Performance Test - Scripting","Leo Banta","Child (MISTAKE - should be Tests)","2850497","P6 Server Import - SQL","OP_89_SQL","2857168","Unspecified","Leo Banta",""
"2839269","[PERF] Open Plan 8.9 Performance Test","OpenPlan","2839271","[PERF] Open Plan 8.9 Performance Test - Scripting","Leo Banta","Child (MISTAKE - should be Tests)","2850498","Progress and Actual Finish - SQL","Open_Plan_SQL","2850450","Unspecified","Leo Banta",""
"2839269","[PERF] Open Plan 8.9 Performance Test","OpenPlan","2839271","[PERF] Open Plan 8.9 Performance Test - Scripting","Leo Banta","Child (MISTAKE - should be Tests)","2850498","Progress and Actual Finish - SQL","OP_89_SQL","2857168","Unspecified","Leo Banta",""
"2839269","[PERF] Open Plan 8.9 Performance Test","OpenPlan","2839271","[PERF] Open Plan 8.9 Performance Test - Scripting","Leo Banta","Child (MISTAKE - should be Tests)","2850499","BK3 Import - Multi-Project - SQL","Open_Plan_SQL","2850450","Unspecified","Leo Banta",""
"2839269","[PERF] Open Plan 8.9 Performance Test","OpenPlan","2839271","[PERF] Open Plan 8.9 Performance Test - Scripting","Leo Banta","Child (MISTAKE - should be Tests)","2850499","BK3 Import - Multi-Project - SQL","OP_89_SQL","2857168","Unspecified","Leo Banta",""
"2839269","[PERF] Open Plan 8.9 Performance Test","OpenPlan","2839271","[PERF] Open Plan 8.9 Performance Test - Scripting","Leo Banta","Child (MISTAKE - should be Tests)","2850500","BK3 Import - Single Project - SQL","Open_Plan_SQL","2850450","Unspecified","Leo Banta",""
"2839269","[PERF] Open Plan 8.9 Performance Test","OpenPlan","2839271","[PERF] Open Plan 8.9 Performance Test - Scripting","Leo Banta","Child (MISTAKE - should be Tests)","2850500","BK3 Import - Single Project - SQL","OP_89_SQL","2857168","Unspecified","Leo Banta",""
"2839269","[PERF] Open Plan 8.9 Performance Test","OpenPlan","2839271","[PERF] Open Plan 8.9 Performance Test - Scripting","Leo Banta","Child (MISTAKE - should be Tests)","2850501","JIRA Import - Single Project (Initial) - SQL","Open_Plan_SQL","2850450","Unspecified","Leo Banta",""
"2839269","[PERF] Open Plan 8.9 Performance Test","OpenPlan","2839271","[PERF] Open Plan 8.9 Performance Test - Scripting","Leo Banta","Child (MISTAKE - should be Tests)","2850501","JIRA Import - Single Project (Initial) - SQL","OP_89_SQL","2857168","Unspecified","Leo Banta",""
"2839269","[PERF] Open Plan 8.9 Performance Test","OpenPlan","2839271","[PERF] Open Plan 8.9 Performance Test - Scripting","Leo Banta","Child (MISTAKE - should be Tests)","2850502","JIRA Import - Multi-Project (Initial) - SQL","Open_Plan_SQL","2850450","Unspecified","Leo Banta",""
"2839269","[PERF] Open Plan 8.9 Performance Test","OpenPlan","2839271","[PERF] Open Plan 8.9 Performance Test - Scripting","Leo Banta","Child (MISTAKE - should be Tests)","2850502","JIRA Import - Multi-Project (Initial) - SQL","OP_89_SQL","2857168","Unspecified","Leo Banta",""
"2839269","[PERF] Open Plan 8.9 Performance Test","OpenPlan","2839271","[PERF] Open Plan 8.9 Performance Test - Scripting","Leo Banta","Child (MISTAKE - should be Tests)","2850503","JIRA Full Update - Single Project - SQL","Open_Plan_SQL","2850450","Unspecified","Leo Banta",""
"2839269","[PERF] Open Plan 8.9 Performance Test","OpenPlan","2839271","[PERF] Open Plan 8.9 Performance Test - Scripting","Leo Banta","Child (MISTAKE - should be Tests)","2850503","JIRA Full Update - Single Project - SQL","OP_89_SQL","2857168","Unspecified","Leo Banta",""
"2839269","[PERF] Open Plan 8.9 Performance Test","OpenPlan","2839271","[PERF] Open Plan 8.9 Performance Test - Scripting","Leo Banta","Child (MISTAKE - should be Tests)","2850504","JIRA Full Update - Multi-Project - SQL","Open_Plan_SQL","2850450","Unspecified","Leo Banta",""
"2839269","[PERF] Open Plan 8.9 Performance Test","OpenPlan","2839271","[PERF] Open Plan 8.9 Performance Test - Scripting","Leo Banta","Child (MISTAKE - should be Tests)","2850504","JIRA Full Update - Multi-Project - SQL","OP_89_SQL","2857168","Unspecified","Leo Banta",""
"2839269","[PERF] Open Plan 8.9 Performance Test","OpenPlan","2839271","[PERF] Open Plan 8.9 Performance Test - Scripting","Leo Banta","Child (MISTAKE - should be Tests)","2850505","JIRA Status Only - Single Project - SQL","Open_Plan_SQL","2850450","Unspecified","Leo Banta",""
"2839269","[PERF] Open Plan 8.9 Performance Test","OpenPlan","2839271","[PERF] Open Plan 8.9 Performance Test - Scripting","Leo Banta","Child (MISTAKE - should be Tests)","2850505","JIRA Status Only - Single Project - SQL","OP_89_SQL","2857168","Unspecified","Leo Banta",""
"2839269","[PERF] Open Plan 8.9 Performance Test","OpenPlan","2839271","[PERF] Open Plan 8.9 Performance Test - Scripting","Leo Banta","Child (MISTAKE - should be Tests)","2850506","JIRA Status Only - Multi-Project - SQL","Open_Plan_SQL","2850450","Unspecified","Leo Banta",""
"2839269","[PERF] Open Plan 8.9 Performance Test","OpenPlan","2839271","[PERF] Open Plan 8.9 Performance Test - Scripting","Leo Banta","Child (MISTAKE - should be Tests)","2850506","JIRA Status Only - Multi-Project - SQL","OP_89_SQL","2857168","Unspecified","Leo Banta",""
"2839269","[PERF] Open Plan 8.9 Performance Test","OpenPlan","2839271","[PERF] Open Plan 8.9 Performance Test - Scripting","Leo Banta","Child (MISTAKE - should be Tests)","2850507","Sel Relationship and Resource Tab - SQL","Open_Plan_SQL","2850450","Unspecified","Leo Banta",""
"2839269","[PERF] Open Plan 8.9 Performance Test","OpenPlan","2839271","[PERF] Open Plan 8.9 Performance Test - Scripting","Leo Banta","Child (MISTAKE - should be Tests)","2850507","Sel Relationship and Resource Tab - SQL","OP_89_SQL","2857168","Unspecified","Leo Banta",""
"2839269","[PERF] Open Plan 8.9 Performance Test","OpenPlan","2839271","[PERF] Open Plan 8.9 Performance Test - Scripting","Leo Banta","Child (MISTAKE - should be Tests)","2850508","Network View - CBB Only Rerun - SQL","Open_Plan_SQL","2850450","Unspecified","Leo Banta",""
"2839269","[PERF] Open Plan 8.9 Performance Test","OpenPlan","2839271","[PERF] Open Plan 8.9 Performance Test - Scripting","Leo Banta","Child (MISTAKE - should be Tests)","2850508","Network View - CBB Only Rerun - SQL","OP_89_SQL","2857168","Unspecified","Leo Banta",""
"2839269","[PERF] Open Plan 8.9 Performance Test","OpenPlan","2839271","[PERF] Open Plan 8.9 Performance Test - Scripting","Leo Banta","Child (MISTAKE - should be Tests)","2850509","Grouping - Barchart - SQL","Open_Plan_SQL","2850450","Unspecified","Leo Banta",""
"2839269","[PERF] Open Plan 8.9 Performance Test","OpenPlan","2839271","[PERF] Open Plan 8.9 Performance Test - Scripting","Leo Banta","Child (MISTAKE - should be Tests)","2850509","Grouping - Barchart - SQL","OP_89_SQL","2857168","Unspecified","Leo Banta",""
"2839269","[PERF] Open Plan 8.9 Performance Test","OpenPlan","2839271","[PERF] Open Plan 8.9 Performance Test - Scripting","Leo Banta","Child (MISTAKE - should be Tests)","2850510","Grouping - Barchart SQL Rerun - SQL","Open_Plan_SQL","2850450","Unspecified","Leo Banta",""
"2839269","[PERF] Open Plan 8.9 Performance Test","OpenPlan","2839271","[PERF] Open Plan 8.9 Performance Test - Scripting","Leo Banta","Child (MISTAKE - should be Tests)","2850510","Grouping - Barchart SQL Rerun - SQL","OP_89_SQL","2857168","Unspecified","Leo Banta",""
"2839269","[PERF] Open Plan 8.9 Performance Test","OpenPlan","2839271","[PERF] Open Plan 8.9 Performance Test - Scripting","Leo Banta","Child (MISTAKE - should be Tests)","2850511","Backup and Restore - SQL","Open_Plan_SQL","2850450","Unspecified","Leo Banta",""
"2839269","[PERF] Open Plan 8.9 Performance Test","OpenPlan","2839271","[PERF] Open Plan 8.9 Performance Test - Scripting","Leo Banta","Child (MISTAKE - should be Tests)","2850511","Backup and Restore - SQL","OP_89_SQL","2857168","Unspecified","Leo Banta",""
"2839269","[PERF] Open Plan 8.9 Performance Test","OpenPlan","2839271","[PERF] Open Plan 8.9 Performance Test - Scripting","Leo Banta","Child (MISTAKE - should be Tests)","2850512","Associated Views - All Projects - SQL","Open_Plan_SQL","2850450","Unspecified","Leo Banta",""
"2839269","[PERF] Open Plan 8.9 Performance Test","OpenPlan","2839271","[PERF] Open Plan 8.9 Performance Test - Scripting","Leo Banta","Child (MISTAKE - should be Tests)","2850512","Associated Views - All Projects - SQL","OP_89_SQL","2857168","Unspecified","Leo Banta",""
"2839269","[PERF] Open Plan 8.9 Performance Test","OpenPlan","2839272","[PERF] Open Plan 8.9 Performance Test - Execution","Leo Banta","Child (MISTAKE - should be Tests)","2850486","Barchart View - SQL","OP_89_SQL","2857168","Unspecified","Leo Banta",""
"2839269","[PERF] Open Plan 8.9 Performance Test","OpenPlan","2839272","[PERF] Open Plan 8.9 Performance Test - Execution","Leo Banta","Child (MISTAKE - should be Tests)","2850487","Histogram View - SQL","OP_89_SQL","2857168","Unspecified","Leo Banta",""
"2839269","[PERF] Open Plan 8.9 Performance Test","OpenPlan","2839272","[PERF] Open Plan 8.9 Performance Test - Execution","Leo Banta","Child (MISTAKE - should be Tests)","2850488","Shared Fill Down - Single Project - SQL","OP_89_SQL","2857168","Unspecified","Leo Banta",""
"2839269","[PERF] Open Plan 8.9 Performance Test","OpenPlan","2839272","[PERF] Open Plan 8.9 Performance Test - Execution","Leo Banta","Child (MISTAKE - should be Tests)","2850489","Network View (FLOWVIEW) - SQL","OP_89_SQL","2857168","Unspecified","Leo Banta",""
"2839269","[PERF] Open Plan 8.9 Performance Test","OpenPlan","2839272","[PERF] Open Plan 8.9 Performance Test - Execution","Leo Banta","Child (MISTAKE - should be Tests)","2850490","Import P6 XML - SQL","OP_89_SQL","2857168","Unspecified","Leo Banta",""
"2839269","[PERF] Open Plan 8.9 Performance Test","OpenPlan","2839272","[PERF] Open Plan 8.9 Performance Test - Execution","Leo Banta","Child (MISTAKE - should be Tests)","2850491","P6 Web Export with UDF Fields - SQL","OP_89_SQL","2857168","Unspecified","Leo Banta",""
"2839269","[PERF] Open Plan 8.9 Performance Test","OpenPlan","2839272","[PERF] Open Plan 8.9 Performance Test - Execution","Leo Banta","Child (MISTAKE - should be Tests)","2850492","In-Cell Button Access to Selection Dialogs - SQL","OP_89_SQL","2857168","Unspecified","Leo Banta",""
"2839269","[PERF] Open Plan 8.9 Performance Test","OpenPlan","2839272","[PERF] Open Plan 8.9 Performance Test - Execution","Leo Banta","Child (MISTAKE - should be Tests)","2850493","Spreadsheet Column Filtering - SQL","OP_89_SQL","2857168","Unspecified","Leo Banta",""
"2839269","[PERF] Open Plan 8.9 Performance Test","OpenPlan","2839272","[PERF] Open Plan 8.9 Performance Test - Execution","Leo Banta","Child (MISTAKE - should be Tests)","2850494","Edit Predecessors and Successors - SQL","OP_89_SQL","2857168","Unspecified","Leo Banta",""
"2839269","[PERF] Open Plan 8.9 Performance Test","OpenPlan","2839272","[PERF] Open Plan 8.9 Performance Test - Execution","Leo Banta","Child (MISTAKE - should be Tests)","2850495","OP Explorer Refresh - SQL","OP_89_SQL","2857168","Unspecified","Leo Banta",""
"2839269","[PERF] Open Plan 8.9 Performance Test","OpenPlan","2839272","[PERF] Open Plan 8.9 Performance Test - Execution","Leo Banta","Child (MISTAKE - should be Tests)","2850496","MSP Server Import - SQL","OP_89_SQL","2857168","Unspecified","Leo Banta",""
"2839269","[PERF] Open Plan 8.9 Performance Test","OpenPlan","2839272","[PERF] Open Plan 8.9 Performance Test - Execution","Leo Banta","Child (MISTAKE - should be Tests)","2850497","P6 Server Import - SQL","OP_89_SQL","2857168","Unspecified","Leo Banta",""
"2839269","[PERF] Open Plan 8.9 Performance Test","OpenPlan","2839272","[PERF] Open Plan 8.9 Performance Test - Execution","Leo Banta","Child (MISTAKE - should be Tests)","2850498","Progress and Actual Finish - SQL","OP_89_SQL","2857168","Unspecified","Leo Banta",""
"2839269","[PERF] Open Plan 8.9 Performance Test","OpenPlan","2839272","[PERF] Open Plan 8.9 Performance Test - Execution","Leo Banta","Child (MISTAKE - should be Tests)","2850499","BK3 Import - Multi-Project - SQL","OP_89_SQL","2857168","Unspecified","Leo Banta",""
"2839269","[PERF] Open Plan 8.9 Performance Test","OpenPlan","2839272","[PERF] Open Plan 8.9 Performance Test - Execution","Leo Banta","Child (MISTAKE - should be Tests)","2850500","BK3 Import - Single Project - SQL","OP_89_SQL","2857168","Unspecified","Leo Banta",""
"2839269","[PERF] Open Plan 8.9 Performance Test","OpenPlan","2839272","[PERF] Open Plan 8.9 Performance Test - Execution","Leo Banta","Child (MISTAKE - should be Tests)","2850501","JIRA Import - Single Project (Initial) - SQL","OP_89_SQL","2857168","Unspecified","Leo Banta",""
"2839269","[PERF] Open Plan 8.9 Performance Test","OpenPlan","2839272","[PERF] Open Plan 8.9 Performance Test - Execution","Leo Banta","Child (MISTAKE - should be Tests)","2850502","JIRA Import - Multi-Project (Initial) - SQL","OP_89_SQL","2857168","Unspecified","Leo Banta",""
"2839269","[PERF] Open Plan 8.9 Performance Test","OpenPlan","2839272","[PERF] Open Plan 8.9 Performance Test - Execution","Leo Banta","Child (MISTAKE - should be Tests)","2850503","JIRA Full Update - Single Project - SQL","OP_89_SQL","2857168","Unspecified","Leo Banta",""
"2839269","[PERF] Open Plan 8.9 Performance Test","OpenPlan","2839272","[PERF] Open Plan 8.9 Performance Test - Execution","Leo Banta","Child (MISTAKE - should be Tests)","2850504","JIRA Full Update - Multi-Project - SQL","OP_89_SQL","2857168","Unspecified","Leo Banta",""
"2839269","[PERF] Open Plan 8.9 Performance Test","OpenPlan","2839272","[PERF] Open Plan 8.9 Performance Test - Execution","Leo Banta","Child (MISTAKE - should be Tests)","2850505","JIRA Status Only - Single Project - SQL","OP_89_SQL","2857168","Unspecified","Leo Banta",""
"2839269","[PERF] Open Plan 8.9 Performance Test","OpenPlan","2839272","[PERF] Open Plan 8.9 Performance Test - Execution","Leo Banta","Child (MISTAKE - should be Tests)","2850506","JIRA Status Only - Multi-Project - SQL","OP_89_SQL","2857168","Unspecified","Leo Banta",""
"2839269","[PERF] Open Plan 8.9 Performance Test","OpenPlan","2839272","[PERF] Open Plan 8.9 Performance Test - Execution","Leo Banta","Child (MISTAKE - should be Tests)","2850507","Sel Relationship and Resource Tab - SQL","OP_89_SQL","2857168","Unspecified","Leo Banta",""
"2839269","[PERF] Open Plan 8.9 Performance Test","OpenPlan","2839272","[PERF] Open Plan 8.9 Performance Test - Execution","Leo Banta","Child (MISTAKE - should be Tests)","2850508","Network View - CBB Only Rerun - SQL","OP_89_SQL","2857168","Unspecified","Leo Banta",""
"2839269","[PERF] Open Plan 8.9 Performance Test","OpenPlan","2839272","[PERF] Open Plan 8.9 Performance Test - Execution","Leo Banta","Child (MISTAKE - should be Tests)","2850509","Grouping - Barchart - SQL","OP_89_SQL","2857168","Unspecified","Leo Banta",""
"2839269","[PERF] Open Plan 8.9 Performance Test","OpenPlan","2839272","[PERF] Open Plan 8.9 Performance Test - Execution","Leo Banta","Child (MISTAKE - should be Tests)","2850510","Grouping - Barchart SQL Rerun - SQL","OP_89_SQL","2857168","Unspecified","Leo Banta",""
"2839269","[PERF] Open Plan 8.9 Performance Test","OpenPlan","2839272","[PERF] Open Plan 8.9 Performance Test - Execution","Leo Banta","Child (MISTAKE - should be Tests)","2850511","Backup and Restore - SQL","OP_89_SQL","2857168","Unspecified","Leo Banta",""
"2839269","[PERF] Open Plan 8.9 Performance Test","OpenPlan","2839272","[PERF] Open Plan 8.9 Performance Test - Execution","Leo Banta","Child (MISTAKE - should be Tests)","2850512","Associated Views - All Projects - SQL","OP_89_SQL","2857168","Unspecified","Leo Banta",""
"2839269","[PERF] Open Plan 8.9 Performance Test","OpenPlan","2839272","[PERF] Open Plan 8.9 Performance Test - Execution","Leo Banta","Child (MISTAKE - should be Tests)","2850459","Barchart View - ORA","OP_89_ORA","2857169","Unspecified","Leo Banta",""
"2839269","[PERF] Open Plan 8.9 Performance Test","OpenPlan","2839272","[PERF] Open Plan 8.9 Performance Test - Execution","Leo Banta","Child (MISTAKE - should be Tests)","2850460","Histogram View - ORA","OP_89_ORA","2857169","Unspecified","Leo Banta",""
"2839269","[PERF] Open Plan 8.9 Performance Test","OpenPlan","2839272","[PERF] Open Plan 8.9 Performance Test - Execution","Leo Banta","Child (MISTAKE - should be Tests)","2850461","Shared Fill Down - Single Project - ORA","OP_89_ORA","2857169","Unspecified","Leo Banta",""
"2839269","[PERF] Open Plan 8.9 Performance Test","OpenPlan","2839272","[PERF] Open Plan 8.9 Performance Test - Execution","Leo Banta","Child (MISTAKE - should be Tests)","2850462","Network View (FLOWVIEW) - ORA","OP_89_ORA","2857169","Unspecified","Leo Banta",""
"2839269","[PERF] Open Plan 8.9 Performance Test","OpenPlan","2839272","[PERF] Open Plan 8.9 Performance Test - Execution","Leo Banta","Child (MISTAKE - should be Tests)","2850463","Import P6 XML - ORA","OP_89_ORA","2857169","Unspecified","Leo Banta",""
"2839269","[PERF] Open Plan 8.9 Performance Test","OpenPlan","2839272","[PERF] Open Plan 8.9 Performance Test - Execution","Leo Banta","Child (MISTAKE - should be Tests)","2850464","P6 Web Export with UDF Fields - ORA","OP_89_ORA","2857169","Unspecified","Leo Banta",""
"2839269","[PERF] Open Plan 8.9 Performance Test","OpenPlan","2839272","[PERF] Open Plan 8.9 Performance Test - Execution","Leo Banta","Child (MISTAKE - should be Tests)","2850465","In-Cell Button Access to Selection Dialogs - ORA","OP_89_ORA","2857169","Unspecified","Leo Banta",""
"2839269","[PERF] Open Plan 8.9 Performance Test","OpenPlan","2839272","[PERF] Open Plan 8.9 Performance Test - Execution","Leo Banta","Child (MISTAKE - should be Tests)","2850466","Spreadsheet Column Filtering - ORA","OP_89_ORA","2857169","Unspecified","Leo Banta",""
"2839269","[PERF] Open Plan 8.9 Performance Test","OpenPlan","2839272","[PERF] Open Plan 8.9 Performance Test - Execution","Leo Banta","Child (MISTAKE - should be Tests)","2850467","Edit Predecessors and Successors - ORA","OP_89_ORA","2857169","Unspecified","Leo Banta",""
"2839269","[PERF] Open Plan 8.9 Performance Test","OpenPlan","2839272","[PERF] Open Plan 8.9 Performance Test - Execution","Leo Banta","Child (MISTAKE - should be Tests)","2850468","OP Explorer Refresh - ORA","OP_89_ORA","2857169","Unspecified","Leo Banta",""
"2839269","[PERF] Open Plan 8.9 Performance Test","OpenPlan","2839272","[PERF] Open Plan 8.9 Performance Test - Execution","Leo Banta","Child (MISTAKE - should be Tests)","2850469","MSP Server Import - ORA","OP_89_ORA","2857169","Unspecified","Leo Banta",""
"2839269","[PERF] Open Plan 8.9 Performance Test","OpenPlan","2839272","[PERF] Open Plan 8.9 Performance Test - Execution","Leo Banta","Child (MISTAKE - should be Tests)","2850470","P6 Server Import - ORA","OP_89_ORA","2857169","Unspecified","Leo Banta",""
"2839269","[PERF] Open Plan 8.9 Performance Test","OpenPlan","2839272","[PERF] Open Plan 8.9 Performance Test - Execution","Leo Banta","Child (MISTAKE - should be Tests)","2850471","Progress and Actual Finish - ORA","OP_89_ORA","2857169","Unspecified","Leo Banta",""
"2839269","[PERF] Open Plan 8.9 Performance Test","OpenPlan","2839272","[PERF] Open Plan 8.9 Performance Test - Execution","Leo Banta","Child (MISTAKE - should be Tests)","2850472","BK3 Import - Multi-Project - ORA","OP_89_ORA","2857169","Unspecified","Leo Banta",""
"2839269","[PERF] Open Plan 8.9 Performance Test","OpenPlan","2839272","[PERF] Open Plan 8.9 Performance Test - Execution","Leo Banta","Child (MISTAKE - should be Tests)","2850473","BK3 Import - Single Project - ORA","OP_89_ORA","2857169","Unspecified","Leo Banta",""
"2839269","[PERF] Open Plan 8.9 Performance Test","OpenPlan","2839272","[PERF] Open Plan 8.9 Performance Test - Execution","Leo Banta","Child (MISTAKE - should be Tests)","2850474","JIRA Import - Single Project (Initial) - ORA","OP_89_ORA","2857169","Unspecified","Leo Banta",""
"2839269","[PERF] Open Plan 8.9 Performance Test","OpenPlan","2839272","[PERF] Open Plan 8.9 Performance Test - Execution","Leo Banta","Child (MISTAKE - should be Tests)","2850475","JIRA Import - Multi-Project (Initial) - ORA","OP_89_ORA","2857169","Unspecified","Leo Banta",""
"2839269","[PERF] Open Plan 8.9 Performance Test","OpenPlan","2839272","[PERF] Open Plan 8.9 Performance Test - Execution","Leo Banta","Child (MISTAKE - should be Tests)","2850476","JIRA Full Update - Single Project - ORA","OP_89_ORA","2857169","Unspecified","Leo Banta",""
"2839269","[PERF] Open Plan 8.9 Performance Test","OpenPlan","2839272","[PERF] Open Plan 8.9 Performance Test - Execution","Leo Banta","Child (MISTAKE - should be Tests)","2850477","JIRA Full Update - Multi-Project - ORA","OP_89_ORA","2857169","Unspecified","Leo Banta",""
"2839269","[PERF] Open Plan 8.9 Performance Test","OpenPlan","2839272","[PERF] Open Plan 8.9 Performance Test - Execution","Leo Banta","Child (MISTAKE - should be Tests)","2850478","JIRA Status Only - Single Project - ORA","OP_89_ORA","2857169","Unspecified","Leo Banta",""
"2839269","[PERF] Open Plan 8.9 Performance Test","OpenPlan","2839272","[PERF] Open Plan 8.9 Performance Test - Execution","Leo Banta","Child (MISTAKE - should be Tests)","2850479","JIRA Status Only - Multi-Project - ORA","OP_89_ORA","2857169","Unspecified","Leo Banta",""
"2839269","[PERF] Open Plan 8.9 Performance Test","OpenPlan","2839272","[PERF] Open Plan 8.9 Performance Test - Execution","Leo Banta","Child (MISTAKE - should be Tests)","2850480","Sel Relationship and Resource Tab - ORA","OP_89_ORA","2857169","Unspecified","Leo Banta",""
"2839269","[PERF] Open Plan 8.9 Performance Test","OpenPlan","2839272","[PERF] Open Plan 8.9 Performance Test - Execution","Leo Banta","Child (MISTAKE - should be Tests)","2850481","Network View - CBB Only Rerun - ORA","OP_89_ORA","2857169","Unspecified","Leo Banta",""
"2839269","[PERF] Open Plan 8.9 Performance Test","OpenPlan","2839272","[PERF] Open Plan 8.9 Performance Test - Execution","Leo Banta","Child (MISTAKE - should be Tests)","2850482","Grouping - Barchart - ORA","OP_89_ORA","2857169","Unspecified","Leo Banta",""
"2839269","[PERF] Open Plan 8.9 Performance Test","OpenPlan","2839272","[PERF] Open Plan 8.9 Performance Test - Execution","Leo Banta","Child (MISTAKE - should be Tests)","2850483","Grouping - Barchart SQL Rerun - ORA","OP_89_ORA","2857169","Unspecified","Leo Banta",""
"2839269","[PERF] Open Plan 8.9 Performance Test","OpenPlan","2839272","[PERF] Open Plan 8.9 Performance Test - Execution","Leo Banta","Child (MISTAKE - should be Tests)","2850484","Backup and Restore - ORA","OP_89_ORA","2857169","Unspecified","Leo Banta",""
"2839269","[PERF] Open Plan 8.9 Performance Test","OpenPlan","2839272","[PERF] Open Plan 8.9 Performance Test - Execution","Leo Banta","Child (MISTAKE - should be Tests)","2850485","Associated Views - All Projects - ORA","OP_89_ORA","2857169","Unspecified","Leo Banta",""
"2850425","[PERF] wInsight 8.3.5 GA Performance Test","wInsight","2850426","[PERF] wInsight 8.3.5 GA Performance Test - Scripting","Leo Banta","Child (MISTAKE - should be Tests)","2857338","wInsight_ImportXML - ORA","wInsight_8.3.5GA_ORA","2857364","Unspecified","Leo Banta",""
"2850425","[PERF] wInsight 8.3.5 GA Performance Test","wInsight","2850426","[PERF] wInsight 8.3.5 GA Performance Test - Scripting","Leo Banta","Child (MISTAKE - should be Tests)","2857338","wInsight_ImportXML - ORA","wInsight_ORA","2857303","Unspecified","Leo Banta",""
"2850425","[PERF] wInsight 8.3.5 GA Performance Test","wInsight","2850426","[PERF] wInsight 8.3.5 GA Performance Test - Scripting","Leo Banta","Child (MISTAKE - should be Tests)","2857353","wInsight_ImportXML - SQL","wInsight_8.3.5GA_SQL","2857363","Unspecified","Leo Banta",""
"2850425","[PERF] wInsight 8.3.5 GA Performance Test","wInsight","2850426","[PERF] wInsight 8.3.5 GA Performance Test - Scripting","Leo Banta","Child (MISTAKE - should be Tests)","2857353","wInsight_ImportXML - SQL","wInsight_SQL","2857302","Unspecified","Leo Banta",""
"2850425","[PERF] wInsight 8.3.5 GA Performance Test","wInsight","2850426","[PERF] wInsight 8.3.5 GA Performance Test - Scripting","Leo Banta","Child (MISTAKE - should be Tests)","2870752","wInsight_ExportXML - ORA","wInsight_8.3.5GA_ORA","2857364","Unspecified","Leo Banta",""
"2850425","[PERF] wInsight 8.3.5 GA Performance Test","wInsight","2850426","[PERF] wInsight 8.3.5 GA Performance Test - Scripting","Leo Banta","Child (MISTAKE - should be Tests)","2870752","wInsight_ExportXML - ORA","wInsight_ORA","2857303","Unspecified","Leo Banta",""
"2850425","[PERF] wInsight 8.3.5 GA Performance Test","wInsight","2850426","[PERF] wInsight 8.3.5 GA Performance Test - Scripting","Leo Banta","Child (MISTAKE - should be Tests)","2870753","wInsight_ExportXML - SQL","wInsight_8.3.5GA_SQL","2857363","Unspecified","Leo Banta",""
"2850425","[PERF] wInsight 8.3.5 GA Performance Test","wInsight","2850426","[PERF] wInsight 8.3.5 GA Performance Test - Scripting","Leo Banta","Child (MISTAKE - should be Tests)","2870753","wInsight_ExportXML - SQL","wInsight_SQL","2857302","Unspecified","Leo Banta",""
"2850425","[PERF] wInsight 8.3.5 GA Performance Test","wInsight","2850427","[PERF] wInsight 8.3.5 GA Performance Test - Execution","Leo Banta","Child (MISTAKE - should be Tests)","2857353","wInsight_ImportXML - SQL","wInsight_8.3.5GA_SQL","2857363","Unspecified","Leo Banta",""
"2850425","[PERF] wInsight 8.3.5 GA Performance Test","wInsight","2850427","[PERF] wInsight 8.3.5 GA Performance Test - Execution","Leo Banta","Child (MISTAKE - should be Tests)","2870753","wInsight_ExportXML - SQL","wInsight_8.3.5GA_SQL","2857363","Unspecified","Leo Banta",""
"2850425","[PERF] wInsight 8.3.5 GA Performance Test","wInsight","2850427","[PERF] wInsight 8.3.5 GA Performance Test - Execution","Leo Banta","Child (MISTAKE - should be Tests)","2857338","wInsight_ImportXML - ORA","wInsight_8.3.5GA_ORA","2857364","Unspecified","Leo Banta",""
"2850425","[PERF] wInsight 8.3.5 GA Performance Test","wInsight","2850427","[PERF] wInsight 8.3.5 GA Performance Test - Execution","Leo Banta","Child (MISTAKE - should be Tests)","2870752","wInsight_ExportXML - ORA","wInsight_8.3.5GA_ORA","2857364","Unspecified","Leo Banta",""
"2745581","[PERF] Vantagepoint:2026.3: Kleinfelder: Quarterly Release Performance Test","Vantagepoint","2745582","[PERF] Vantagepoint: 2026.3: Kleinfelder: - Scripting","Lotte Morales","Tests (correct)","2804969","5.5_026_CreateExpenseReport","VP 2026.3 August 12 SQL2025 Run","2850716","Failed","Lotte Morales",""
"2745581","[PERF] Vantagepoint:2026.3: Kleinfelder: Quarterly Release Performance Test","Vantagepoint","2745582","[PERF] Vantagepoint: 2026.3: Kleinfelder: - Scripting","Lotte Morales","Tests (correct)","2804969","5.5_026_CreateExpenseReport","VP 2026.3 August 8 Run","2838551","Failed","Lotte Morales",""
"2745581","[PERF] Vantagepoint:2026.3: Kleinfelder: Quarterly Release Performance Test","Vantagepoint","2745582","[PERF] Vantagepoint: 2026.3: Kleinfelder: - Scripting","Lotte Morales","Tests (correct)","2804969","5.5_026_CreateExpenseReport","VP 2026.3 July 25 Run","2825051","Failed","Lotte Morales",""
"2745581","[PERF] Vantagepoint:2026.3: Kleinfelder: Quarterly Release Performance Test","Vantagepoint","2745582","[PERF] Vantagepoint: 2026.3: Kleinfelder: - Scripting","Lotte Morales","Tests (correct)","2804969","5.5_026_CreateExpenseReport","VP 2026.2 March 31 Run","2827975","Failed","Lotte Morales",""
"2745581","[PERF] Vantagepoint:2026.3: Kleinfelder: Quarterly Release Performance Test","Vantagepoint","2745582","[PERF] Vantagepoint: 2026.3: Kleinfelder: - Scripting","Lotte Morales","Tests (correct)","2804969","5.5_026_CreateExpenseReport","VP 2026.4 September 12 Weekend Run","2875813","Failed","Lotte Morales",""
"2745581","[PERF] Vantagepoint:2026.3: Kleinfelder: Quarterly Release Performance Test","Vantagepoint","2745582","[PERF] Vantagepoint: 2026.3: Kleinfelder: - Scripting","Lotte Morales","Tests (correct)","2804969","5.5_026_CreateExpenseReport","VP 2026.3 August 1 Run","2831362","Failed","Lotte Morales",""
"2745581","[PERF] Vantagepoint:2026.3: Kleinfelder: Quarterly Release Performance Test","Vantagepoint","2745582","[PERF] Vantagepoint: 2026.3: Kleinfelder: - Scripting","Lotte Morales","Tests (correct)","2804969","5.5_026_CreateExpenseReport","VP 2026.3 July 11 Run","2805058","Failed","Lotte Morales",""
"2745581","[PERF] Vantagepoint:2026.3: Kleinfelder: Quarterly Release Performance Test","Vantagepoint","2745582","[PERF] Vantagepoint: 2026.3: Kleinfelder: - Scripting","Lotte Morales","Tests (correct)","2804969","5.5_026_CreateExpenseReport","VP 2026.3 June 30 Run","2777010","Failed","Lotte Morales",""
"2745581","[PERF] Vantagepoint:2026.3: Kleinfelder: Quarterly Release Performance Test","Vantagepoint","2745582","[PERF] Vantagepoint: 2026.3: Kleinfelder: - Scripting","Lotte Morales","Tests (correct)","2804969","5.5_026_CreateExpenseReport","VP 2026.3 June 22 Run","2777009","Failed","Lotte Morales",""
"2745581","[PERF] Vantagepoint:2026.3: Kleinfelder: Quarterly Release Performance Test","Vantagepoint","2745582","[PERF] Vantagepoint: 2026.3: Kleinfelder: - Scripting","Lotte Morales","Tests (correct)","2804969","5.5_026_CreateExpenseReport","VP 2026.3 June 6 Run","2777000","Failed","Lotte Morales",""
"2745581","[PERF] Vantagepoint:2026.3: Kleinfelder: Quarterly Release Performance Test","Vantagepoint","2745582","[PERF] Vantagepoint: 2026.3: Kleinfelder: - Scripting","Lotte Morales","Tests (correct)","2804971","5.5_024_DashboardAccountDetailBase","VP 2026.3 August 12 SQL2025 Run","2850716","Failed","Lotte Morales",""
"2745581","[PERF] Vantagepoint:2026.3: Kleinfelder: Quarterly Release Performance Test","Vantagepoint","2745582","[PERF] Vantagepoint: 2026.3: Kleinfelder: - Scripting","Lotte Morales","Tests (correct)","2804971","5.5_024_DashboardAccountDetailBase","VP 2026.3 August 8 Run","2838551","Failed","Lotte Morales",""
"2745581","[PERF] Vantagepoint:2026.3: Kleinfelder: Quarterly Release Performance Test","Vantagepoint","2745582","[PERF] Vantagepoint: 2026.3: Kleinfelder: - Scripting","Lotte Morales","Tests (correct)","2804971","5.5_024_DashboardAccountDetailBase","VP 2026.3 July 18 Run","2823378","Failed","Lotte Morales",""
"2745581","[PERF] Vantagepoint:2026.3: Kleinfelder: Quarterly Release Performance Test","Vantagepoint","2745582","[PERF] Vantagepoint: 2026.3: Kleinfelder: - Scripting","Lotte Morales","Tests (correct)","2804971","5.5_024_DashboardAccountDetailBase","VP 2026.3 July 4 Run","2805057","Failed","Lotte Morales",""
"2745581","[PERF] Vantagepoint:2026.3: Kleinfelder: Quarterly Release Performance Test","Vantagepoint","2745582","[PERF] Vantagepoint: 2026.3: Kleinfelder: - Scripting","Lotte Morales","Tests (correct)","2804971","5.5_024_DashboardAccountDetailBase","VP 2026.2 March 31 Run","2827975","Failed","Lotte Morales",""
"2745581","[PERF] Vantagepoint:2026.3: Kleinfelder: Quarterly Release Performance Test","Vantagepoint","2745582","[PERF] Vantagepoint: 2026.3: Kleinfelder: - Scripting","Lotte Morales","Tests (correct)","2804971","5.5_024_DashboardAccountDetailBase","VP 2026.4 September 12 Weekend Run","2875813","Failed","Lotte Morales",""
"2745581","[PERF] Vantagepoint:2026.3: Kleinfelder: Quarterly Release Performance Test","Vantagepoint","2745582","[PERF] Vantagepoint: 2026.3: Kleinfelder: - Scripting","Lotte Morales","Tests (correct)","2804971","5.5_024_DashboardAccountDetailBase","VP 2026.3 June 30 Run","2777010","Failed","Lotte Morales",""
"2745581","[PERF] Vantagepoint:2026.3: Kleinfelder: Quarterly Release Performance Test","Vantagepoint","2745582","[PERF] Vantagepoint: 2026.3: Kleinfelder: - Scripting","Lotte Morales","Tests (correct)","2804971","5.5_024_DashboardAccountDetailBase","VP 2026.3 June 22 Run","2777009","Failed","Lotte Morales",""
"2745581","[PERF] Vantagepoint:2026.3: Kleinfelder: Quarterly Release Performance Test","Vantagepoint","2745582","[PERF] Vantagepoint: 2026.3: Kleinfelder: - Scripting","Lotte Morales","Tests (correct)","2804971","5.5_024_DashboardAccountDetailBase","VP 2026.3 June 6 Run","2777000","Failed","Lotte Morales",""
"2745581","[PERF] Vantagepoint:2026.3: Kleinfelder: Quarterly Release Performance Test","Vantagepoint","2745582","[PERF] Vantagepoint: 2026.3: Kleinfelder: - Scripting","Lotte Morales","Tests (correct)","2804972","5.5_004_DashboardProjectBase","VP 2026.3 August 8 Run","2838551","Failed","Lotte Morales",""
"2745581","[PERF] Vantagepoint:2026.3: Kleinfelder: Quarterly Release Performance Test","Vantagepoint","2745582","[PERF] Vantagepoint: 2026.3: Kleinfelder: - Scripting","Lotte Morales","Tests (correct)","2804972","5.5_004_DashboardProjectBase","VP 2026.3 July 18 Run","2823378","Failed","Lotte Morales",""
"2745581","[PERF] Vantagepoint:2026.3: Kleinfelder: Quarterly Release Performance Test","Vantagepoint","2745582","[PERF] Vantagepoint: 2026.3: Kleinfelder: - Scripting","Lotte Morales","Tests (correct)","2804972","5.5_004_DashboardProjectBase","VP 2026.3 July 25 Run","2825051","Failed","Lotte Morales",""
"2745581","[PERF] Vantagepoint:2026.3: Kleinfelder: Quarterly Release Performance Test","Vantagepoint","2745582","[PERF] Vantagepoint: 2026.3: Kleinfelder: - Scripting","Lotte Morales","Tests (correct)","2804972","5.5_004_DashboardProjectBase","VP 2026.3 July 4 Run","2805057","Failed","Lotte Morales",""
"2745581","[PERF] Vantagepoint:2026.3: Kleinfelder: Quarterly Release Performance Test","Vantagepoint","2745582","[PERF] Vantagepoint: 2026.3: Kleinfelder: - Scripting","Lotte Morales","Tests (correct)","2804972","5.5_004_DashboardProjectBase","VP 2026.4 First Weekend Run","2872598","Failed","Lotte Morales",""
"2745581","[PERF] Vantagepoint:2026.3: Kleinfelder: Quarterly Release Performance Test","Vantagepoint","2745582","[PERF] Vantagepoint: 2026.3: Kleinfelder: - Scripting","Lotte Morales","Tests (correct)","2804972","5.5_004_DashboardProjectBase","VP 2026.4 September 12 Weekend Run","2875813","Failed","Lotte Morales",""
"2745581","[PERF] Vantagepoint:2026.3: Kleinfelder: Quarterly Release Performance Test","Vantagepoint","2745582","[PERF] Vantagepoint: 2026.3: Kleinfelder: - Scripting","Lotte Morales","Tests (correct)","2804972","5.5_004_DashboardProjectBase","VP 2026.3 August 1 Run","2831362","Failed","Lotte Morales",""
"2745581","[PERF] Vantagepoint:2026.3: Kleinfelder: Quarterly Release Performance Test","Vantagepoint","2745582","[PERF] Vantagepoint: 2026.3: Kleinfelder: - Scripting","Lotte Morales","Tests (correct)","2804972","5.5_004_DashboardProjectBase","VP 2026.3 July 11 Run","2805058","Failed","Lotte Morales",""
"2745581","[PERF] Vantagepoint:2026.3: Kleinfelder: Quarterly Release Performance Test","Vantagepoint","2745582","[PERF] Vantagepoint: 2026.3: Kleinfelder: - Scripting","Lotte Morales","Tests (correct)","2804972","5.5_004_DashboardProjectBase","Smoke Test August 28, 2026","2863234","Failed","Lotte Morales",""
"2745581","[PERF] Vantagepoint:2026.3: Kleinfelder: Quarterly Release Performance Test","Vantagepoint","2745582","[PERF] Vantagepoint: 2026.3: Kleinfelder: - Scripting","Lotte Morales","Tests (correct)","2804972","5.5_004_DashboardProjectBase","VP 2026.3 August 11 SQL2025 Run","2850715","Failed","Lotte Morales",""
"2745581","[PERF] Vantagepoint:2026.3: Kleinfelder: Quarterly Release Performance Test","Vantagepoint","2745582","[PERF] Vantagepoint: 2026.3: Kleinfelder: - Scripting","Lotte Morales","Tests (correct)","2804972","5.5_004_DashboardProjectBase","VP 2026.3 June 30 Run","2777010","Failed","Lotte Morales",""
"2745581","[PERF] Vantagepoint:2026.3: Kleinfelder: Quarterly Release Performance Test","Vantagepoint","2745582","[PERF] Vantagepoint: 2026.3: Kleinfelder: - Scripting","Lotte Morales","Tests (correct)","2804972","5.5_004_DashboardProjectBase","VP 2026.3 June 22 Run","2777009","Failed","Lotte Morales",""
"2745581","[PERF] Vantagepoint:2026.3: Kleinfelder: Quarterly Release Performance Test","Vantagepoint","2745582","[PERF] Vantagepoint: 2026.3: Kleinfelder: - Scripting","Lotte Morales","Tests (correct)","2804972","5.5_004_DashboardProjectBase","VP 2026.3 June 6 Run","2777000","Failed","Lotte Morales",""
"2745581","[PERF] Vantagepoint:2026.3: Kleinfelder: Quarterly Release Performance Test","Vantagepoint","2745582","[PERF] Vantagepoint: 2026.3: Kleinfelder: - Scripting","Lotte Morales","Tests (correct)","2804973","5.5_025_DashboardARDetailBase","VP 2026.3 August 12 SQL2025 Run","2850716","Failed","Lotte Morales",""
"2745581","[PERF] Vantagepoint:2026.3: Kleinfelder: Quarterly Release Performance Test","Vantagepoint","2745582","[PERF] Vantagepoint: 2026.3: Kleinfelder: - Scripting","Lotte Morales","Tests (correct)","2804973","5.5_025_DashboardARDetailBase","VP 2026.3 August 8 Run","2838551","Failed","Lotte Morales",""
"2745581","[PERF] Vantagepoint:2026.3: Kleinfelder: Quarterly Release Performance Test","Vantagepoint","2745582","[PERF] Vantagepoint: 2026.3: Kleinfelder: - Scripting","Lotte Morales","Tests (correct)","2804973","5.5_025_DashboardARDetailBase","VP 2026.3 July 18 Run","2823378","Failed","Lotte Morales",""
"2745581","[PERF] Vantagepoint:2026.3: Kleinfelder: Quarterly Release Performance Test","Vantagepoint","2745582","[PERF] Vantagepoint: 2026.3: Kleinfelder: - Scripting","Lotte Morales","Tests (correct)","2804973","5.5_025_DashboardARDetailBase","VP 2026.3 July 25 Run","2825051","Failed","Lotte Morales",""
"2745581","[PERF] Vantagepoint:2026.3: Kleinfelder: Quarterly Release Performance Test","Vantagepoint","2745582","[PERF] Vantagepoint: 2026.3: Kleinfelder: - Scripting","Lotte Morales","Tests (correct)","2804973","5.5_025_DashboardARDetailBase","VP 2026.3 July 4 Run","2805057","Failed","Lotte Morales",""
"2745581","[PERF] Vantagepoint:2026.3: Kleinfelder: Quarterly Release Performance Test","Vantagepoint","2745582","[PERF] Vantagepoint: 2026.3: Kleinfelder: - Scripting","Lotte Morales","Tests (correct)","2804973","5.5_025_DashboardARDetailBase","VP 2026.4 First Weekend Run","2872598","Failed","Lotte Morales",""
"2745581","[PERF] Vantagepoint:2026.3: Kleinfelder: Quarterly Release Performance Test","Vantagepoint","2745582","[PERF] Vantagepoint: 2026.3: Kleinfelder: - Scripting","Lotte Morales","Tests (correct)","2804973","5.5_025_DashboardARDetailBase","VP 2026.2 April 18 Run","2827976","Failed","Lotte Morales",""
"2745581","[PERF] Vantagepoint:2026.3: Kleinfelder: Quarterly Release Performance Test","Vantagepoint","2745582","[PERF] Vantagepoint: 2026.3: Kleinfelder: - Scripting","Lotte Morales","Tests (correct)","2804973","5.5_025_DashboardARDetailBase","VP 2026.4 September 12 Weekend Run","2875813","Failed","Lotte Morales",""
"2745581","[PERF] Vantagepoint:2026.3: Kleinfelder: Quarterly Release Performance Test","Vantagepoint","2745582","[PERF] Vantagepoint: 2026.3: Kleinfelder: - Scripting","Lotte Morales","Tests (correct)","2804973","5.5_025_DashboardARDetailBase","VP 2026.3 August 1 Run","2831362","Failed","Lotte Morales",""
"2745581","[PERF] Vantagepoint:2026.3: Kleinfelder: Quarterly Release Performance Test","Vantagepoint","2745582","[PERF] Vantagepoint: 2026.3: Kleinfelder: - Scripting","Lotte Morales","Tests (correct)","2804973","5.5_025_DashboardARDetailBase","VP 2026.3 July 11 Run","2805058","Failed","Lotte Morales",""
"2745581","[PERF] Vantagepoint:2026.3: Kleinfelder: Quarterly Release Performance Test","Vantagepoint","2745582","[PERF] Vantagepoint: 2026.3: Kleinfelder: - Scripting","Lotte Morales","Tests (correct)","2804973","5.5_025_DashboardARDetailBase","Smoke Test August 28, 2026","2863234","Failed","Lotte Morales",""
"2745581","[PERF] Vantagepoint:2026.3: Kleinfelder: Quarterly Release Performance Test","Vantagepoint","2745582","[PERF] Vantagepoint: 2026.3: Kleinfelder: - Scripting","Lotte Morales","Tests (correct)","2804973","5.5_025_DashboardARDetailBase","VP 2026.3 June 30 Run","2777010","Failed","Lotte Morales",""
"2745581","[PERF] Vantagepoint:2026.3: Kleinfelder: Quarterly Release Performance Test","Vantagepoint","2745582","[PERF] Vantagepoint: 2026.3: Kleinfelder: - Scripting","Lotte Morales","Tests (correct)","2804973","5.5_025_DashboardARDetailBase","VP 2026.3 June 22 Run","2777009","Failed","Lotte Morales",""
"2745581","[PERF] Vantagepoint:2026.3: Kleinfelder: Quarterly Release Performance Test","Vantagepoint","2745582","[PERF] Vantagepoint: 2026.3: Kleinfelder: - Scripting","Lotte Morales","Tests (correct)","2804973","5.5_025_DashboardARDetailBase","VP 2026.3 June 6 Run","2777000","Failed","Lotte Morales",""
"2745581","[PERF] Vantagepoint:2026.3: Kleinfelder: Quarterly Release Performance Test","Vantagepoint","2745582","[PERF] Vantagepoint: 2026.3: Kleinfelder: - Scripting","Lotte Morales","Tests (correct)","2804975","5.5_029_ResourceViewAddAssignment","VP 2026.3 August 8 Run","2838551","Failed","Lotte Morales",""
"2745581","[PERF] Vantagepoint:2026.3: Kleinfelder: Quarterly Release Performance Test","Vantagepoint","2745582","[PERF] Vantagepoint: 2026.3: Kleinfelder: - Scripting","Lotte Morales","Tests (correct)","2804975","5.5_029_ResourceViewAddAssignment","VP 2026.3 July 25 Run","2825051","Failed","Lotte Morales",""
"2745581","[PERF] Vantagepoint:2026.3: Kleinfelder: Quarterly Release Performance Test","Vantagepoint","2745582","[PERF] Vantagepoint: 2026.3: Kleinfelder: - Scripting","Lotte Morales","Tests (correct)","2804975","5.5_029_ResourceViewAddAssignment","VP 2026.3 July 4 Run","2805057","Failed","Lotte Morales",""
"2745581","[PERF] Vantagepoint:2026.3: Kleinfelder: Quarterly Release Performance Test","Vantagepoint","2745582","[PERF] Vantagepoint: 2026.3: Kleinfelder: - Scripting","Lotte Morales","Tests (correct)","2804975","5.5_029_ResourceViewAddAssignment","VP 2026.2 March 31 Run","2827975","Failed","Lotte Morales",""
"2745581","[PERF] Vantagepoint:2026.3: Kleinfelder: Quarterly Release Performance Test","Vantagepoint","2745582","[PERF] Vantagepoint: 2026.3: Kleinfelder: - Scripting","Lotte Morales","Tests (correct)","2804975","5.5_029_ResourceViewAddAssignment","VP 2026.3 June 22 Run","2777009","Failed","Lotte Morales",""
"2745581","[PERF] Vantagepoint:2026.3: Kleinfelder: Quarterly Release Performance Test","Vantagepoint","2745582","[PERF] Vantagepoint: 2026.3: Kleinfelder: - Scripting","Lotte Morales","Tests (correct)","2804975","5.5_029_ResourceViewAddAssignment","VP 2026.3 June 6 Run","2777000","Failed","Lotte Morales",""
"2745581","[PERF] Vantagepoint:2026.3: Kleinfelder: Quarterly Release Performance Test","Vantagepoint","2745582","[PERF] Vantagepoint: 2026.3: Kleinfelder: - Scripting","Lotte Morales","Tests (correct)","2804984","5.5_013_EmployeeSwitchListViewEdit","VP 2026.3 August 8 Run","2838551","Failed","Lotte Morales",""
"2745581","[PERF] Vantagepoint:2026.3: Kleinfelder: Quarterly Release Performance Test","Vantagepoint","2745582","[PERF] Vantagepoint: 2026.3: Kleinfelder: - Scripting","Lotte Morales","Tests (correct)","2804984","5.5_013_EmployeeSwitchListViewEdit","VP 2026.2 April 18 Run","2827976","Failed","Lotte Morales",""
"2745581","[PERF] Vantagepoint:2026.3: Kleinfelder: Quarterly Release Performance Test","Vantagepoint","2745582","[PERF] Vantagepoint: 2026.3: Kleinfelder: - Scripting","Lotte Morales","Tests (correct)","2804984","5.5_013_EmployeeSwitchListViewEdit","VP 2026.2 March 31 Run","2827975","Failed","Lotte Morales",""
"2745581","[PERF] Vantagepoint:2026.3: Kleinfelder: Quarterly Release Performance Test","Vantagepoint","2745582","[PERF] Vantagepoint: 2026.3: Kleinfelder: - Scripting","Lotte Morales","Tests (correct)","2804984","5.5_013_EmployeeSwitchListViewEdit","VP 2026.4 September 12 Weekend Run","2875813","Failed","Lotte Morales",""
"2745581","[PERF] Vantagepoint:2026.3: Kleinfelder: Quarterly Release Performance Test","Vantagepoint","2745582","[PERF] Vantagepoint: 2026.3: Kleinfelder: - Scripting","Lotte Morales","Tests (correct)","2804984","5.5_013_EmployeeSwitchListViewEdit","VP 2026.3 June 30 Run","2777010","Failed","Lotte Morales",""
"2745581","[PERF] Vantagepoint:2026.3: Kleinfelder: Quarterly Release Performance Test","Vantagepoint","2745582","[PERF] Vantagepoint: 2026.3: Kleinfelder: - Scripting","Lotte Morales","Tests (correct)","2804984","5.5_013_EmployeeSwitchListViewEdit","VP 2026.3 June 22 Run","2777009","Failed","Lotte Morales",""
"2745581","[PERF] Vantagepoint:2026.3: Kleinfelder: Quarterly Release Performance Test","Vantagepoint","2745582","[PERF] Vantagepoint: 2026.3: Kleinfelder: - Scripting","Lotte Morales","Tests (correct)","2804984","5.5_013_EmployeeSwitchListViewEdit","VP 2026.3 June 6 Run","2777000","Failed","Lotte Morales",""
"2745581","[PERF] Vantagepoint:2026.3: Kleinfelder: Quarterly Release Performance Test","Vantagepoint","2745582","[PERF] Vantagepoint: 2026.3: Kleinfelder: - Scripting","Lotte Morales","Tests (correct)","2804985","5.5_003_CreateActivity","VP 2026.3 August 8 Run","2838551","Failed","Lotte Morales",""
"2745581","[PERF] Vantagepoint:2026.3: Kleinfelder: Quarterly Release Performance Test","Vantagepoint","2745582","[PERF] Vantagepoint: 2026.3: Kleinfelder: - Scripting","Lotte Morales","Tests (correct)","2804985","5.5_003_CreateActivity","VP 2026.3 June 6 Run","2777000","Failed","Lotte Morales",""
"2745581","[PERF] Vantagepoint:2026.3: Kleinfelder: Quarterly Release Performance Test","Vantagepoint","2745582","[PERF] Vantagepoint: 2026.3: Kleinfelder: - Scripting","Lotte Morales","Tests (correct)","2804986","5.5_015_ContactSwitchListViewEdit","VP 2026.3 August 8 Run","2838551","Failed","Lotte Morales",""
"2745581","[PERF] Vantagepoint:2026.3: Kleinfelder: Quarterly Release Performance Test","Vantagepoint","2745582","[PERF] Vantagepoint: 2026.3: Kleinfelder: - Scripting","Lotte Morales","Tests (correct)","2804986","5.5_015_ContactSwitchListViewEdit","VP 2026.3 June 6 Run","2777000","Failed","Lotte Morales",""
"2745581","[PERF] Vantagepoint:2026.3: Kleinfelder: Quarterly Release Performance Test","Vantagepoint","2745582","[PERF] Vantagepoint: 2026.3: Kleinfelder: - Scripting","Lotte Morales","Tests (correct)","2804988","5.5_014_RetrieveClientsOutstandingAR","VP 2026.3 August 12 SQL2025 Run","2850716","Failed","Lotte Morales",""
"2745581","[PERF] Vantagepoint:2026.3: Kleinfelder: Quarterly Release Performance Test","Vantagepoint","2745582","[PERF] Vantagepoint: 2026.3: Kleinfelder: - Scripting","Lotte Morales","Tests (correct)","2804988","5.5_014_RetrieveClientsOutstandingAR","VP 2026.3 August 8 Run","2838551","Failed","Lotte Morales",""
"2745581","[PERF] Vantagepoint:2026.3: Kleinfelder: Quarterly Release Performance Test","Vantagepoint","2745582","[PERF] Vantagepoint: 2026.3: Kleinfelder: - Scripting","Lotte Morales","Tests (correct)","2804988","5.5_014_RetrieveClientsOutstandingAR","VP 2026.3 July 4 Run","2805057","Failed","Lotte Morales",""
"2745581","[PERF] Vantagepoint:2026.3: Kleinfelder: Quarterly Release Performance Test","Vantagepoint","2745582","[PERF] Vantagepoint: 2026.3: Kleinfelder: - Scripting","Lotte Morales","Tests (correct)","2804988","5.5_014_RetrieveClientsOutstandingAR","Smoke Test August 28, 2026","2863234","Failed","Lotte Morales",""
"2745581","[PERF] Vantagepoint:2026.3: Kleinfelder: Quarterly Release Performance Test","Vantagepoint","2745582","[PERF] Vantagepoint: 2026.3: Kleinfelder: - Scripting","Lotte Morales","Tests (correct)","2804988","5.5_014_RetrieveClientsOutstandingAR","VP 2026.3 June 30 Run","2777010","Failed","Lotte Morales",""
"2745581","[PERF] Vantagepoint:2026.3: Kleinfelder: Quarterly Release Performance Test","Vantagepoint","2745582","[PERF] Vantagepoint: 2026.3: Kleinfelder: - Scripting","Lotte Morales","Tests (correct)","2804988","5.5_014_RetrieveClientsOutstandingAR","VP 2026.3 June 6 Run","2777000","Failed","Lotte Morales",""
"2745581","[PERF] Vantagepoint:2026.3: Kleinfelder: Quarterly Release Performance Test","Vantagepoint","2745582","[PERF] Vantagepoint: 2026.3: Kleinfelder: - Scripting","Lotte Morales","Tests (correct)","2804989","5.5_017_RetrieveVouchersActiveVendors","VP 2026.3 August 8 Run","2838551","Failed","Lotte Morales",""
"2745581","[PERF] Vantagepoint:2026.3: Kleinfelder: Quarterly Release Performance Test","Vantagepoint","2745582","[PERF] Vantagepoint: 2026.3: Kleinfelder: - Scripting","Lotte Morales","Tests (correct)","2804989","5.5_017_RetrieveVouchersActiveVendors","VP 2026.3 July 4 Run","2805057","Failed","Lotte Morales",""
"2745581","[PERF] Vantagepoint:2026.3: Kleinfelder: Quarterly Release Performance Test","Vantagepoint","2745582","[PERF] Vantagepoint: 2026.3: Kleinfelder: - Scripting","Lotte Morales","Tests (correct)","2804989","5.5_017_RetrieveVouchersActiveVendors","VP 2026.3 June 30 Run","2777010","Failed","Lotte Morales",""
"2745581","[PERF] Vantagepoint:2026.3: Kleinfelder: Quarterly Release Performance Test","Vantagepoint","2745582","[PERF] Vantagepoint: 2026.3: Kleinfelder: - Scripting","Lotte Morales","Tests (correct)","2804992","5.5_045_CreateEmployeePaymentRun","VP 2026.3 August 8 Run","2838551","Failed","Lotte Morales",""
"2745581","[PERF] Vantagepoint:2026.3: Kleinfelder: Quarterly Release Performance Test","Vantagepoint","2745582","[PERF] Vantagepoint: 2026.3: Kleinfelder: - Scripting","Lotte Morales","Tests (correct)","2804992","5.5_045_CreateEmployeePaymentRun","Smoke Test August 28, 2026","2863234","Failed","Lotte Morales",""
"2745581","[PERF] Vantagepoint:2026.3: Kleinfelder: Quarterly Release Performance Test","Vantagepoint","2745582","[PERF] Vantagepoint: 2026.3: Kleinfelder: - Scripting","Lotte Morales","Tests (correct)","2804992","5.5_045_CreateEmployeePaymentRun","VP 2026.3 August 13 SQL2025 Run","2850717","Failed","Lotte Morales",""
"2745581","[PERF] Vantagepoint:2026.3: Kleinfelder: Quarterly Release Performance Test","Vantagepoint","2745582","[PERF] Vantagepoint: 2026.3: Kleinfelder: - Scripting","Lotte Morales","Tests (correct)","2804992","5.5_045_CreateEmployeePaymentRun","VP 2026.3 June 6 Run","2777000","Failed","Lotte Morales",""
"2745581","[PERF] Vantagepoint:2026.3: Kleinfelder: Quarterly Release Performance Test","Vantagepoint","2745582","[PERF] Vantagepoint: 2026.3: Kleinfelder: - Scripting","Lotte Morales","Tests (correct)","2804994","5.5_011_PreviewInvoiceInteractiveBilling","VP 2026.3 August 8 Run","2838551","Failed","Lotte Morales",""
"2745581","[PERF] Vantagepoint:2026.3: Kleinfelder: Quarterly Release Performance Test","Vantagepoint","2745582","[PERF] Vantagepoint: 2026.3: Kleinfelder: - Scripting","Lotte Morales","Tests (correct)","2804994","5.5_011_PreviewInvoiceInteractiveBilling","Smoke Test August 28, 2026","2863234","Failed","Lotte Morales",""
"2745581","[PERF] Vantagepoint:2026.3: Kleinfelder: Quarterly Release Performance Test","Vantagepoint","2745582","[PERF] Vantagepoint: 2026.3: Kleinfelder: - Scripting","Lotte Morales","Tests (correct)","2804994","5.5_011_PreviewInvoiceInteractiveBilling","VP 2026.3 August 11 SQL2025 Run","2850715","Failed","Lotte Morales",""
"2745581","[PERF] Vantagepoint:2026.3: Kleinfelder: Quarterly Release Performance Test","Vantagepoint","2745582","[PERF] Vantagepoint: 2026.3: Kleinfelder: - Scripting","Lotte Morales","Tests (correct)","2804996","5.5_034_CreatePurchaseOrderSubmit","VP 2026.3 August 8 Run","2838551","Failed","Lotte Morales",""
"2745581","[PERF] Vantagepoint:2026.3: Kleinfelder: Quarterly Release Performance Test","Vantagepoint","2745582","[PERF] Vantagepoint: 2026.3: Kleinfelder: - Scripting","Lotte Morales","Tests (correct)","2804996","5.5_034_CreatePurchaseOrderSubmit","VP 2026.3 July 25 Run","2825051","Failed","Lotte Morales",""
"2745581","[PERF] Vantagepoint:2026.3: Kleinfelder: Quarterly Release Performance Test","Vantagepoint","2745582","[PERF] Vantagepoint: 2026.3: Kleinfelder: - Scripting","Lotte Morales","Tests (correct)","2804996","5.5_034_CreatePurchaseOrderSubmit","VP 2026.4 First Weekend Run","2872598","Failed","Lotte Morales",""
"2745581","[PERF] Vantagepoint:2026.3: Kleinfelder: Quarterly Release Performance Test","Vantagepoint","2745582","[PERF] Vantagepoint: 2026.3: Kleinfelder: - Scripting","Lotte Morales","Tests (correct)","2804996","5.5_034_CreatePurchaseOrderSubmit","Smoke Test August 28, 2026","2863234","Failed","Lotte Morales",""
"2745581","[PERF] Vantagepoint:2026.3: Kleinfelder: Quarterly Release Performance Test","Vantagepoint","2745582","[PERF] Vantagepoint: 2026.3: Kleinfelder: - Scripting","Lotte Morales","Tests (correct)","2804996","5.5_034_CreatePurchaseOrderSubmit","VP 2026.3 August 13 SQL2025 Run","2850717","Failed","Lotte Morales",""
"2745581","[PERF] Vantagepoint:2026.3: Kleinfelder: Quarterly Release Performance Test","Vantagepoint","2745582","[PERF] Vantagepoint: 2026.3: Kleinfelder: - Scripting","Lotte Morales","Tests (correct)","2804996","5.5_034_CreatePurchaseOrderSubmit","VP 2026.3 June 6 Run","2777000","Failed","Lotte Morales",""
"2745581","[PERF] Vantagepoint:2026.3: Kleinfelder: Quarterly Release Performance Test","Vantagepoint","2745582","[PERF] Vantagepoint: 2026.3: Kleinfelder: - Scripting","Lotte Morales","Tests (correct)","2804997","5.5_035_CreateItemInPurchaseOrder","VP 2026.3 August 8 Run","2838551","Failed","Lotte Morales",""
"2745581","[PERF] Vantagepoint:2026.3: Kleinfelder: Quarterly Release Performance Test","Vantagepoint","2745582","[PERF] Vantagepoint: 2026.3: Kleinfelder: - Scripting","Lotte Morales","Tests (correct)","2804997","5.5_035_CreateItemInPurchaseOrder","VP 2026.3 July 25 Run","2825051","Failed","Lotte Morales",""
"2745581","[PERF] Vantagepoint:2026.3: Kleinfelder: Quarterly Release Performance Test","Vantagepoint","2745582","[PERF] Vantagepoint: 2026.3: Kleinfelder: - Scripting","Lotte Morales","Tests (correct)","2804997","5.5_035_CreateItemInPurchaseOrder","VP 2026.4 First Weekend Run","2872598","Failed","Lotte Morales",""
"2745581","[PERF] Vantagepoint:2026.3: Kleinfelder: Quarterly Release Performance Test","Vantagepoint","2745582","[PERF] Vantagepoint: 2026.3: Kleinfelder: - Scripting","Lotte Morales","Tests (correct)","2804997","5.5_035_CreateItemInPurchaseOrder","Smoke Test August 28, 2026","2863234","Failed","Lotte Morales",""
"2745581","[PERF] Vantagepoint:2026.3: Kleinfelder: Quarterly Release Performance Test","Vantagepoint","2745582","[PERF] Vantagepoint: 2026.3: Kleinfelder: - Scripting","Lotte Morales","Tests (correct)","2804997","5.5_035_CreateItemInPurchaseOrder","VP 2026.3 August 13 SQL2025 Run","2850717","Failed","Lotte Morales",""
"2745581","[PERF] Vantagepoint:2026.3: Kleinfelder: Quarterly Release Performance Test","Vantagepoint","2745582","[PERF] Vantagepoint: 2026.3: Kleinfelder: - Scripting","Lotte Morales","Tests (correct)","2804997","5.5_035_CreateItemInPurchaseOrder","VP 2026.3 June 6 Run","2777000","Failed","Lotte Morales",""
"2745581","[PERF] Vantagepoint:2026.3: Kleinfelder: Quarterly Release Performance Test","Vantagepoint","2745582","[PERF] Vantagepoint: 2026.3: Kleinfelder: - Scripting","Lotte Morales","Tests (correct)","2804998","5.5_067_CreatePurchaseRequisitionSubmit","VP 2026.3 August 8 Run","2838551","Failed","Lotte Morales",""
"2745581","[PERF] Vantagepoint:2026.3: Kleinfelder: Quarterly Release Performance Test","Vantagepoint","2745582","[PERF] Vantagepoint: 2026.3: Kleinfelder: - Scripting","Lotte Morales","Tests (correct)","2804998","5.5_067_CreatePurchaseRequisitionSubmit","VP 2026.2 March 31 Run","2827975","Failed","Lotte Morales",""
"2745581","[PERF] Vantagepoint:2026.3: Kleinfelder: Quarterly Release Performance Test","Vantagepoint","2745582","[PERF] Vantagepoint: 2026.3: Kleinfelder: - Scripting","Lotte Morales","Tests (correct)","2804998","5.5_067_CreatePurchaseRequisitionSubmit","Smoke Test August 28, 2026","2863234","Failed","Lotte Morales",""
"2745581","[PERF] Vantagepoint:2026.3: Kleinfelder: Quarterly Release Performance Test","Vantagepoint","2745582","[PERF] Vantagepoint: 2026.3: Kleinfelder: - Scripting","Lotte Morales","Tests (correct)","2804998","5.5_067_CreatePurchaseRequisitionSubmit","VP 2026.3 August 13 SQL2025 Run","2850717","Failed","Lotte Morales",""
"2745581","[PERF] Vantagepoint:2026.3: Kleinfelder: Quarterly Release Performance Test","Vantagepoint","2745582","[PERF] Vantagepoint: 2026.3: Kleinfelder: - Scripting","Lotte Morales","Tests (correct)","2804998","5.5_067_CreatePurchaseRequisitionSubmit","VP 2026.3 June 22 Run","2777009","Failed","Lotte Morales",""
"2745581","[PERF] Vantagepoint:2026.3: Kleinfelder: Quarterly Release Performance Test","Vantagepoint","2745582","[PERF] Vantagepoint: 2026.3: Kleinfelder: - Scripting","Lotte Morales","Tests (correct)","2804998","5.5_067_CreatePurchaseRequisitionSubmit","VP 2026.3 June 6 Run","2777000","Failed","Lotte Morales",""
"2745581","[PERF] Vantagepoint:2026.3: Kleinfelder: Quarterly Release Performance Test","Vantagepoint","2745582","[PERF] Vantagepoint: 2026.3: Kleinfelder: - Scripting","Lotte Morales","Tests (correct)","2805000","5.5_056_RunProjectEarningsReportSummary","VP 2026.3 August 8 Run","2838551","Failed","Lotte Morales",""
"2745581","[PERF] Vantagepoint:2026.3: Kleinfelder: Quarterly Release Performance Test","Vantagepoint","2745582","[PERF] Vantagepoint: 2026.3: Kleinfelder: - Scripting","Lotte Morales","Tests (correct)","2805000","5.5_056_RunProjectEarningsReportSummary","VP 2026.3 July 18 Run","2823378","Failed","Lotte Morales",""
"2745581","[PERF] Vantagepoint:2026.3: Kleinfelder: Quarterly Release Performance Test","Vantagepoint","2745582","[PERF] Vantagepoint: 2026.3: Kleinfelder: - Scripting","Lotte Morales","Tests (correct)","2805000","5.5_056_RunProjectEarningsReportSummary","VP 2026.3 July 25 Run","2825051","Failed","Lotte Morales",""
"2745581","[PERF] Vantagepoint:2026.3: Kleinfelder: Quarterly Release Performance Test","Vantagepoint","2745582","[PERF] Vantagepoint: 2026.3: Kleinfelder: - Scripting","Lotte Morales","Tests (correct)","2805000","5.5_056_RunProjectEarningsReportSummary","VP 2026.3 July 4 Run","2805057","Failed","Lotte Morales",""
"2745581","[PERF] Vantagepoint:2026.3: Kleinfelder: Quarterly Release Performance Test","Vantagepoint","2745582","[PERF] Vantagepoint: 2026.3: Kleinfelder: - Scripting","Lotte Morales","Tests (correct)","2805000","5.5_056_RunProjectEarningsReportSummary","VP 2026.4 First Weekend Run","2872598","Failed","Lotte Morales",""
"2745581","[PERF] Vantagepoint:2026.3: Kleinfelder: Quarterly Release Performance Test","Vantagepoint","2745582","[PERF] Vantagepoint: 2026.3: Kleinfelder: - Scripting","Lotte Morales","Tests (correct)","2805000","5.5_056_RunProjectEarningsReportSummary","VP 2026.2 April 18 Run","2827976","Failed","Lotte Morales",""
"2745581","[PERF] Vantagepoint:2026.3: Kleinfelder: Quarterly Release Performance Test","Vantagepoint","2745582","[PERF] Vantagepoint: 2026.3: Kleinfelder: - Scripting","Lotte Morales","Tests (correct)","2805000","5.5_056_RunProjectEarningsReportSummary","VP 2026.3 August 1 Run","2831362","Failed","Lotte Morales",""
"2745581","[PERF] Vantagepoint:2026.3: Kleinfelder: Quarterly Release Performance Test","Vantagepoint","2745582","[PERF] Vantagepoint: 2026.3: Kleinfelder: - Scripting","Lotte Morales","Tests (correct)","2805000","5.5_056_RunProjectEarningsReportSummary","VP 2026.3 July 11 Run","2805058","Failed","Lotte Morales",""
"2745581","[PERF] Vantagepoint:2026.3: Kleinfelder: Quarterly Release Performance Test","Vantagepoint","2745582","[PERF] Vantagepoint: 2026.3: Kleinfelder: - Scripting","Lotte Morales","Tests (correct)","2805000","5.5_056_RunProjectEarningsReportSummary","Smoke Test August 28, 2026","2863234","Failed","Lotte Morales",""
"2745581","[PERF] Vantagepoint:2026.3: Kleinfelder: Quarterly Release Performance Test","Vantagepoint","2745582","[PERF] Vantagepoint: 2026.3: Kleinfelder: - Scripting","Lotte Morales","Tests (correct)","2805000","5.5_056_RunProjectEarningsReportSummary","VP 2026.3 August 13 SQL2025 Run","2850717","Failed","Lotte Morales",""
"2745581","[PERF] Vantagepoint:2026.3: Kleinfelder: Quarterly Release Performance Test","Vantagepoint","2745582","[PERF] Vantagepoint: 2026.3: Kleinfelder: - Scripting","Lotte Morales","Tests (correct)","2805000","5.5_056_RunProjectEarningsReportSummary","VP 2026.3 June 22 Run","2777009","Failed","Lotte Morales",""
"2745581","[PERF] Vantagepoint:2026.3: Kleinfelder: Quarterly Release Performance Test","Vantagepoint","2745582","[PERF] Vantagepoint: 2026.3: Kleinfelder: - Scripting","Lotte Morales","Tests (correct)","2805000","5.5_056_RunProjectEarningsReportSummary","VP 2026.3 June 6 Run","2777000","Failed","Lotte Morales",""
"2745581","[PERF] Vantagepoint:2026.3: Kleinfelder: Quarterly Release Performance Test","Vantagepoint","2745582","[PERF] Vantagepoint: 2026.3: Kleinfelder: - Scripting","Lotte Morales","Tests (correct)","2805001","5.5_040_RunGeneralLedgerReport","VP 2026.3 August 8 Run","2838551","Failed","Lotte Morales",""
"2745581","[PERF] Vantagepoint:2026.3: Kleinfelder: Quarterly Release Performance Test","Vantagepoint","2745582","[PERF] Vantagepoint: 2026.3: Kleinfelder: - Scripting","Lotte Morales","Tests (correct)","2805001","5.5_040_RunGeneralLedgerReport","Smoke Test August 28, 2026","2863234","Failed","Lotte Morales",""
"2745581","[PERF] Vantagepoint:2026.3: Kleinfelder: Quarterly Release Performance Test","Vantagepoint","2745582","[PERF] Vantagepoint: 2026.3: Kleinfelder: - Scripting","Lotte Morales","Tests (correct)","2805001","5.5_040_RunGeneralLedgerReport","VP 2026.3 August 13 SQL2025 Run","2850717","Failed","Lotte Morales",""
"2745581","[PERF] Vantagepoint:2026.3: Kleinfelder: Quarterly Release Performance Test","Vantagepoint","2745582","[PERF] Vantagepoint: 2026.3: Kleinfelder: - Scripting","Lotte Morales","Tests (correct)","2805001","5.5_040_RunGeneralLedgerReport","VP 2026.3 June 6 Run","2777000","Failed","Lotte Morales",""
"2745581","[PERF] Vantagepoint:2026.3: Kleinfelder: Quarterly Release Performance Test","Vantagepoint","2745582","[PERF] Vantagepoint: 2026.3: Kleinfelder: - Scripting","Lotte Morales","Tests (correct)","2805002","5.5_068_RunGeneralLedgerReportSummary","VP 2026.3 August 8 Run","2838551","Failed","Lotte Morales",""
"2745581","[PERF] Vantagepoint:2026.3: Kleinfelder: Quarterly Release Performance Test","Vantagepoint","2745582","[PERF] Vantagepoint: 2026.3: Kleinfelder: - Scripting","Lotte Morales","Tests (correct)","2805002","5.5_068_RunGeneralLedgerReportSummary","Smoke Test August 28, 2026","2863234","Failed","Lotte Morales",""
"2745581","[PERF] Vantagepoint:2026.3: Kleinfelder: Quarterly Release Performance Test","Vantagepoint","2745582","[PERF] Vantagepoint: 2026.3: Kleinfelder: - Scripting","Lotte Morales","Tests (correct)","2805002","5.5_068_RunGeneralLedgerReportSummary","VP 2026.3 August 13 SQL2025 Run","2850717","Failed","Lotte Morales",""
"2745581","[PERF] Vantagepoint:2026.3: Kleinfelder: Quarterly Release Performance Test","Vantagepoint","2745582","[PERF] Vantagepoint: 2026.3: Kleinfelder: - Scripting","Lotte Morales","Tests (correct)","2805002","5.5_068_RunGeneralLedgerReportSummary","VP 2026.3 June 22 Run","2777009","Failed","Lotte Morales",""
"2745581","[PERF] Vantagepoint:2026.3: Kleinfelder: Quarterly Release Performance Test","Vantagepoint","2745582","[PERF] Vantagepoint: 2026.3: Kleinfelder: - Scripting","Lotte Morales","Tests (correct)","2805002","5.5_068_RunGeneralLedgerReportSummary","VP 2026.3 June 6 Run","2777000","Failed","Lotte Morales",""
"2745581","[PERF] Vantagepoint:2026.3: Kleinfelder: Quarterly Release Performance Test","Vantagepoint","2745582","[PERF] Vantagepoint: 2026.3: Kleinfelder: - Scripting","Lotte Morales","Tests (correct)","2805004","5.5_037_RunAccountsPayableReport","VP 2026.3 August 8 Run","2838551","Failed","Lotte Morales",""
"2745581","[PERF] Vantagepoint:2026.3: Kleinfelder: Quarterly Release Performance Test","Vantagepoint","2745582","[PERF] Vantagepoint: 2026.3: Kleinfelder: - Scripting","Lotte Morales","Tests (correct)","2805004","5.5_037_RunAccountsPayableReport","VP 2026.3 July 25 Run","2825051","Failed","Lotte Morales",""
"2745581","[PERF] Vantagepoint:2026.3: Kleinfelder: Quarterly Release Performance Test","Vantagepoint","2745582","[PERF] Vantagepoint: 2026.3: Kleinfelder: - Scripting","Lotte Morales","Tests (correct)","2805004","5.5_037_RunAccountsPayableReport","Smoke Test August 28, 2026","2863234","Failed","Lotte Morales",""
"2745581","[PERF] Vantagepoint:2026.3: Kleinfelder: Quarterly Release Performance Test","Vantagepoint","2745582","[PERF] Vantagepoint: 2026.3: Kleinfelder: - Scripting","Lotte Morales","Tests (correct)","2805004","5.5_037_RunAccountsPayableReport","VP 2026.3 August 13 SQL2025 Run","2850717","Failed","Lotte Morales",""
"2745581","[PERF] Vantagepoint:2026.3: Kleinfelder: Quarterly Release Performance Test","Vantagepoint","2745582","[PERF] Vantagepoint: 2026.3: Kleinfelder: - Scripting","Lotte Morales","Tests (correct)","2805004","5.5_037_RunAccountsPayableReport","VP 2026.3 June 6 Run","2777000","Failed","Lotte Morales",""
"2745581","[PERF] Vantagepoint:2026.3: Kleinfelder: Quarterly Release Performance Test","Vantagepoint","2745582","[PERF] Vantagepoint: 2026.3: Kleinfelder: - Scripting","Lotte Morales","Tests (correct)","2805005","5.5_006_RunAccountsReceivableReport","VP 2026.3 August 8 Run","2838551","Failed","Lotte Morales",""
"2745581","[PERF] Vantagepoint:2026.3: Kleinfelder: Quarterly Release Performance Test","Vantagepoint","2745582","[PERF] Vantagepoint: 2026.3: Kleinfelder: - Scripting","Lotte Morales","Tests (correct)","2805005","5.5_006_RunAccountsReceivableReport","VP 2026.3 July 18 Run","2823378","Failed","Lotte Morales",""
"2745581","[PERF] Vantagepoint:2026.3: Kleinfelder: Quarterly Release Performance Test","Vantagepoint","2745582","[PERF] Vantagepoint: 2026.3: Kleinfelder: - Scripting","Lotte Morales","Tests (correct)","2805005","5.5_006_RunAccountsReceivableReport","VP 2026.3 July 25 Run","2825051","Failed","Lotte Morales",""
"2745581","[PERF] Vantagepoint:2026.3: Kleinfelder: Quarterly Release Performance Test","Vantagepoint","2745582","[PERF] Vantagepoint: 2026.3: Kleinfelder: - Scripting","Lotte Morales","Tests (correct)","2805005","5.5_006_RunAccountsReceivableReport","VP 2026.3 July 4 Run","2805057","Failed","Lotte Morales",""
"2745581","[PERF] Vantagepoint:2026.3: Kleinfelder: Quarterly Release Performance Test","Vantagepoint","2745582","[PERF] Vantagepoint: 2026.3: Kleinfelder: - Scripting","Lotte Morales","Tests (correct)","2805005","5.5_006_RunAccountsReceivableReport","VP 2026.4 First Weekend Run","2872598","Failed","Lotte Morales",""
"2745581","[PERF] Vantagepoint:2026.3: Kleinfelder: Quarterly Release Performance Test","Vantagepoint","2745582","[PERF] Vantagepoint: 2026.3: Kleinfelder: - Scripting","Lotte Morales","Tests (correct)","2805005","5.5_006_RunAccountsReceivableReport","VP 2026.4 September 12 Weekend Run","2875813","Failed","Lotte Morales",""
"2745581","[PERF] Vantagepoint:2026.3: Kleinfelder: Quarterly Release Performance Test","Vantagepoint","2745582","[PERF] Vantagepoint: 2026.3: Kleinfelder: - Scripting","Lotte Morales","Tests (correct)","2805005","5.5_006_RunAccountsReceivableReport","VP 2026.3 August 1 Run","2831362","Failed","Lotte Morales",""
"2745581","[PERF] Vantagepoint:2026.3: Kleinfelder: Quarterly Release Performance Test","Vantagepoint","2745582","[PERF] Vantagepoint: 2026.3: Kleinfelder: - Scripting","Lotte Morales","Tests (correct)","2805005","5.5_006_RunAccountsReceivableReport","VP 2026.3 July 11 Run","2805058","Failed","Lotte Morales",""
"2745581","[PERF] Vantagepoint:2026.3: Kleinfelder: Quarterly Release Performance Test","Vantagepoint","2745582","[PERF] Vantagepoint: 2026.3: Kleinfelder: - Scripting","Lotte Morales","Tests (correct)","2805005","5.5_006_RunAccountsReceivableReport","Smoke Test August 28, 2026","2863234","Failed","Lotte Morales",""
"2745581","[PERF] Vantagepoint:2026.3: Kleinfelder: Quarterly Release Performance Test","Vantagepoint","2745582","[PERF] Vantagepoint: 2026.3: Kleinfelder: - Scripting","Lotte Morales","Tests (correct)","2805005","5.5_006_RunAccountsReceivableReport","VP 2026.3 August 11 SQL2025 Run","2850715","Failed","Lotte Morales",""
"2745581","[PERF] Vantagepoint:2026.3: Kleinfelder: Quarterly Release Performance Test","Vantagepoint","2745582","[PERF] Vantagepoint: 2026.3: Kleinfelder: - Scripting","Lotte Morales","Tests (correct)","2805005","5.5_006_RunAccountsReceivableReport","VP 2026.3 June 30 Run","2777010","Failed","Lotte Morales",""
"2745581","[PERF] Vantagepoint:2026.3: Kleinfelder: Quarterly Release Performance Test","Vantagepoint","2745582","[PERF] Vantagepoint: 2026.3: Kleinfelder: - Scripting","Lotte Morales","Tests (correct)","2805005","5.5_006_RunAccountsReceivableReport","VP 2026.3 June 22 Run","2777009","Failed","Lotte Morales",""
"2745581","[PERF] Vantagepoint:2026.3: Kleinfelder: Quarterly Release Performance Test","Vantagepoint","2745582","[PERF] Vantagepoint: 2026.3: Kleinfelder: - Scripting","Lotte Morales","Tests (correct)","2805005","5.5_006_RunAccountsReceivableReport","VP 2026.3 June 6 Run","2777000","Failed","Lotte Morales",""
"2745581","[PERF] Vantagepoint:2026.3: Kleinfelder: Quarterly Release Performance Test","Vantagepoint","2745582","[PERF] Vantagepoint: 2026.3: Kleinfelder: - Scripting","Lotte Morales","Tests (correct)","2805007","5.5_008_RunResourcePlanningReport","VP 2026.3 August 8 Run","2838551","Failed","Lotte Morales",""
"2745581","[PERF] Vantagepoint:2026.3: Kleinfelder: Quarterly Release Performance Test","Vantagepoint","2745582","[PERF] Vantagepoint: 2026.3: Kleinfelder: - Scripting","Lotte Morales","Tests (correct)","2805007","5.5_008_RunResourcePlanningReport","VP 2026.3 July 18 Run","2823378","Failed","Lotte Morales",""
"2745581","[PERF] Vantagepoint:2026.3: Kleinfelder: Quarterly Release Performance Test","Vantagepoint","2745582","[PERF] Vantagepoint: 2026.3: Kleinfelder: - Scripting","Lotte Morales","Tests (correct)","2805007","5.5_008_RunResourcePlanningReport","VP 2026.3 July 25 Run","2825051","Failed","Lotte Morales",""
"2745581","[PERF] Vantagepoint:2026.3: Kleinfelder: Quarterly Release Performance Test","Vantagepoint","2745582","[PERF] Vantagepoint: 2026.3: Kleinfelder: - Scripting","Lotte Morales","Tests (correct)","2805007","5.5_008_RunResourcePlanningReport","VP 2026.3 July 4 Run","2805057","Failed","Lotte Morales",""
"2745581","[PERF] Vantagepoint:2026.3: Kleinfelder: Quarterly Release Performance Test","Vantagepoint","2745582","[PERF] Vantagepoint: 2026.3: Kleinfelder: - Scripting","Lotte Morales","Tests (correct)","2805007","5.5_008_RunResourcePlanningReport","VP 2026.4 First Weekend Run","2872598","Failed","Lotte Morales",""
"2745581","[PERF] Vantagepoint:2026.3: Kleinfelder: Quarterly Release Performance Test","Vantagepoint","2745582","[PERF] Vantagepoint: 2026.3: Kleinfelder: - Scripting","Lotte Morales","Tests (correct)","2805007","5.5_008_RunResourcePlanningReport","VP 2026.4 September 12 Weekend Run","2875813","Failed","Lotte Morales",""
"2745581","[PERF] Vantagepoint:2026.3: Kleinfelder: Quarterly Release Performance Test","Vantagepoint","2745582","[PERF] Vantagepoint: 2026.3: Kleinfelder: - Scripting","Lotte Morales","Tests (correct)","2805007","5.5_008_RunResourcePlanningReport","VP 2026.3 August 1 Run","2831362","Failed","Lotte Morales",""
"2745581","[PERF] Vantagepoint:2026.3: Kleinfelder: Quarterly Release Performance Test","Vantagepoint","2745582","[PERF] Vantagepoint: 2026.3: Kleinfelder: - Scripting","Lotte Morales","Tests (correct)","2805007","5.5_008_RunResourcePlanningReport","VP 2026.3 July 11 Run","2805058","Failed","Lotte Morales",""
"2745581","[PERF] Vantagepoint:2026.3: Kleinfelder: Quarterly Release Performance Test","Vantagepoint","2745582","[PERF] Vantagepoint: 2026.3: Kleinfelder: - Scripting","Lotte Morales","Tests (correct)","2805007","5.5_008_RunResourcePlanningReport","Smoke Test August 28, 2026","2863234","Failed","Lotte Morales",""
"2745581","[PERF] Vantagepoint:2026.3: Kleinfelder: Quarterly Release Performance Test","Vantagepoint","2745582","[PERF] Vantagepoint: 2026.3: Kleinfelder: - Scripting","Lotte Morales","Tests (correct)","2805007","5.5_008_RunResourcePlanningReport","VP 2026.3 August 11 SQL2025 Run","2850715","Failed","Lotte Morales",""
"2745581","[PERF] Vantagepoint:2026.3: Kleinfelder: Quarterly Release Performance Test","Vantagepoint","2745582","[PERF] Vantagepoint: 2026.3: Kleinfelder: - Scripting","Lotte Morales","Tests (correct)","2805007","5.5_008_RunResourcePlanningReport","VP 2026.3 June 30 Run","2777010","Failed","Lotte Morales",""
"2745581","[PERF] Vantagepoint:2026.3: Kleinfelder: Quarterly Release Performance Test","Vantagepoint","2745582","[PERF] Vantagepoint: 2026.3: Kleinfelder: - Scripting","Lotte Morales","Tests (correct)","2805007","5.5_008_RunResourcePlanningReport","VP 2026.3 June 22 Run","2777009","Failed","Lotte Morales",""
"2745581","[PERF] Vantagepoint:2026.3: Kleinfelder: Quarterly Release Performance Test","Vantagepoint","2745582","[PERF] Vantagepoint: 2026.3: Kleinfelder: - Scripting","Lotte Morales","Tests (correct)","2805007","5.5_008_RunResourcePlanningReport","VP 2026.3 June 6 Run","2777000","Failed","Lotte Morales",""
"2745581","[PERF] Vantagepoint:2026.3: Kleinfelder: Quarterly Release Performance Test","Vantagepoint","2745582","[PERF] Vantagepoint: 2026.3: Kleinfelder: - Scripting","Lotte Morales","Tests (correct)","2805020","6.0_053_UpdateProjectPlanTabs","VP 2026.3 August 8 Run","2838551","Failed","Lotte Morales",""
"2745581","[PERF] Vantagepoint:2026.3: Kleinfelder: Quarterly Release Performance Test","Vantagepoint","2745582","[PERF] Vantagepoint: 2026.3: Kleinfelder: - Scripting","Lotte Morales","Tests (correct)","2805020","6.0_053_UpdateProjectPlanTabs","VP 2026.2 March 31 Run","2827975","Failed","Lotte Morales",""
"2745581","[PERF] Vantagepoint:2026.3: Kleinfelder: Quarterly Release Performance Test","Vantagepoint","2745582","[PERF] Vantagepoint: 2026.3: Kleinfelder: - Scripting","Lotte Morales","Tests (correct)","2805020","6.0_053_UpdateProjectPlanTabs","VP 2026.3 June 6 Run","2777000","Failed","Lotte Morales",""
"2745581","[PERF] Vantagepoint:2026.3: Kleinfelder: Quarterly Release Performance Test","Vantagepoint","2745582","[PERF] Vantagepoint: 2026.3: Kleinfelder: - Scripting","Lotte Morales","Tests (correct)","2805022","6.0_052_CreateInvoiceTemplates","VP 2026.3 August 8 Run","2838551","Failed","Lotte Morales",""
"2745581","[PERF] Vantagepoint:2026.3: Kleinfelder: Quarterly Release Performance Test","Vantagepoint","2745582","[PERF] Vantagepoint: 2026.3: Kleinfelder: - Scripting","Lotte Morales","Tests (correct)","2805022","6.0_052_CreateInvoiceTemplates","VP 2026.4 First Weekend Run","2872598","Failed","Lotte Morales",""
"2745581","[PERF] Vantagepoint:2026.3: Kleinfelder: Quarterly Release Performance Test","Vantagepoint","2745582","[PERF] Vantagepoint: 2026.3: Kleinfelder: - Scripting","Lotte Morales","Tests (correct)","2805022","6.0_052_CreateInvoiceTemplates","Smoke Test August 28, 2026","2863234","Failed","Lotte Morales",""
"2745581","[PERF] Vantagepoint:2026.3: Kleinfelder: Quarterly Release Performance Test","Vantagepoint","2745582","[PERF] Vantagepoint: 2026.3: Kleinfelder: - Scripting","Lotte Morales","Tests (correct)","2805022","6.0_052_CreateInvoiceTemplates","VP 2026.3 June 6 Run","2777000","Failed","Lotte Morales",""
"2745581","[PERF] Vantagepoint:2026.3: Kleinfelder: Quarterly Release Performance Test","Vantagepoint","2745582","[PERF] Vantagepoint: 2026.3: Kleinfelder: - Scripting","Lotte Morales","Tests (correct)","2805028","6.5_063_ProjectRequestApprovalProcessingCenter","VP 2026.3 August 8 Run","2838551","Failed","Lotte Morales",""
"2745581","[PERF] Vantagepoint:2026.3: Kleinfelder: Quarterly Release Performance Test","Vantagepoint","2745582","[PERF] Vantagepoint: 2026.3: Kleinfelder: - Scripting","Lotte Morales","Tests (correct)","2805028","6.5_063_ProjectRequestApprovalProcessingCenter","VP 2026.3 July 18 Run","2823378","Failed","Lotte Morales",""
"2745581","[PERF] Vantagepoint:2026.3: Kleinfelder: Quarterly Release Performance Test","Vantagepoint","2745582","[PERF] Vantagepoint: 2026.3: Kleinfelder: - Scripting","Lotte Morales","Tests (correct)","2805028","6.5_063_ProjectRequestApprovalProcessingCenter","VP 2026.3 July 25 Run","2825051","Failed","Lotte Morales",""
"2745581","[PERF] Vantagepoint:2026.3: Kleinfelder: Quarterly Release Performance Test","Vantagepoint","2745582","[PERF] Vantagepoint: 2026.3: Kleinfelder: - Scripting","Lotte Morales","Tests (correct)","2805028","6.5_063_ProjectRequestApprovalProcessingCenter","VP 2026.3 July 4 Run","2805057","Failed","Lotte Morales",""
"2745581","[PERF] Vantagepoint:2026.3: Kleinfelder: Quarterly Release Performance Test","Vantagepoint","2745582","[PERF] Vantagepoint: 2026.3: Kleinfelder: - Scripting","Lotte Morales","Tests (correct)","2805028","6.5_063_ProjectRequestApprovalProcessingCenter","VP 2026.2 April 18 Run","2827976","Failed","Lotte Morales",""
"2745581","[PERF] Vantagepoint:2026.3: Kleinfelder: Quarterly Release Performance Test","Vantagepoint","2745582","[PERF] Vantagepoint: 2026.3: Kleinfelder: - Scripting","Lotte Morales","Tests (correct)","2805028","6.5_063_ProjectRequestApprovalProcessingCenter","VP 2026.2 March 31 Run","2827975","Failed","Lotte Morales",""
"2745581","[PERF] Vantagepoint:2026.3: Kleinfelder: Quarterly Release Performance Test","Vantagepoint","2745582","[PERF] Vantagepoint: 2026.3: Kleinfelder: - Scripting","Lotte Morales","Tests (correct)","2805028","6.5_063_ProjectRequestApprovalProcessingCenter","VP 2026.3 August 1 Run","2831362","Failed","Lotte Morales",""
"2745581","[PERF] Vantagepoint:2026.3: Kleinfelder: Quarterly Release Performance Test","Vantagepoint","2745582","[PERF] Vantagepoint: 2026.3: Kleinfelder: - Scripting","Lotte Morales","Tests (correct)","2805028","6.5_063_ProjectRequestApprovalProcessingCenter","VP 2026.3 July 11 Run","2805058","Failed","Lotte Morales",""
"2745581","[PERF] Vantagepoint:2026.3: Kleinfelder: Quarterly Release Performance Test","Vantagepoint","2745582","[PERF] Vantagepoint: 2026.3: Kleinfelder: - Scripting","Lotte Morales","Tests (correct)","2805028","6.5_063_ProjectRequestApprovalProcessingCenter","VP 2026.3 August 13 SQL2025 Run","2850717","Failed","Lotte Morales",""
"2745581","[PERF] Vantagepoint:2026.3: Kleinfelder: Quarterly Release Performance Test","Vantagepoint","2745582","[PERF] Vantagepoint: 2026.3: Kleinfelder: - Scripting","Lotte Morales","Tests (correct)","2805028","6.5_063_ProjectRequestApprovalProcessingCenter","VP 2026.3 June 22 Run","2777009","Failed","Lotte Morales",""
"2745581","[PERF] Vantagepoint:2026.3: Kleinfelder: Quarterly Release Performance Test","Vantagepoint","2745582","[PERF] Vantagepoint: 2026.3: Kleinfelder: - Scripting","Lotte Morales","Tests (correct)","2805028","6.5_063_ProjectRequestApprovalProcessingCenter","VP 2026.3 June 6 Run","2777000","Failed","Lotte Morales",""
"2745581","[PERF] Vantagepoint:2026.3: Kleinfelder: Quarterly Release Performance Test","Vantagepoint","2745582","[PERF] Vantagepoint: 2026.3: Kleinfelder: - Scripting","Lotte Morales","Tests (correct)","2805029","6.5_065_NavigationBarMyHub","VP 2026.3 August 8 Run","2838551","Failed","Lotte Morales",""
"2745581","[PERF] Vantagepoint:2026.3: Kleinfelder: Quarterly Release Performance Test","Vantagepoint","2745582","[PERF] Vantagepoint: 2026.3: Kleinfelder: - Scripting","Lotte Morales","Tests (correct)","2805029","6.5_065_NavigationBarMyHub","VP 2026.3 June 22 Run","2777009","Failed","Lotte Morales",""
"2745581","[PERF] Vantagepoint:2026.3: Kleinfelder: Quarterly Release Performance Test","Vantagepoint","2745582","[PERF] Vantagepoint: 2026.3: Kleinfelder: - Scripting","Lotte Morales","Tests (correct)","2805029","6.5_065_NavigationBarMyHub","VP 2026.3 June 6 Run","2777000","Failed","Lotte Morales",""
"2745581","[PERF] Vantagepoint:2026.3: Kleinfelder: Quarterly Release Performance Test","Vantagepoint","2745582","[PERF] Vantagepoint: 2026.3: Kleinfelder: - Scripting","Lotte Morales","Tests (correct)","2805033","7.0_046_RunOfficeEarningsReport","VP 2026.3 August 8 Run","2838551","Failed","Lotte Morales",""
"2745581","[PERF] Vantagepoint:2026.3: Kleinfelder: Quarterly Release Performance Test","Vantagepoint","2745582","[PERF] Vantagepoint: 2026.3: Kleinfelder: - Scripting","Lotte Morales","Tests (correct)","2805033","7.0_046_RunOfficeEarningsReport","VP 2026.4 First Weekend Run","2872598","Failed","Lotte Morales",""
"2745581","[PERF] Vantagepoint:2026.3: Kleinfelder: Quarterly Release Performance Test","Vantagepoint","2745582","[PERF] Vantagepoint: 2026.3: Kleinfelder: - Scripting","Lotte Morales","Tests (correct)","2805033","7.0_046_RunOfficeEarningsReport","Smoke Test August 28, 2026","2863234","Failed","Lotte Morales",""
"2745581","[PERF] Vantagepoint:2026.3: Kleinfelder: Quarterly Release Performance Test","Vantagepoint","2745582","[PERF] Vantagepoint: 2026.3: Kleinfelder: - Scripting","Lotte Morales","Tests (correct)","2805033","7.0_046_RunOfficeEarningsReport","VP 2026.3 August 13 SQL2025 Run","2850717","Failed","Lotte Morales",""
"2745581","[PERF] Vantagepoint:2026.3: Kleinfelder: Quarterly Release Performance Test","Vantagepoint","2745582","[PERF] Vantagepoint: 2026.3: Kleinfelder: - Scripting","Lotte Morales","Tests (correct)","2805033","7.0_046_RunOfficeEarningsReport","VP 2026.3 June 6 Run","2777000","Failed","Lotte Morales",""
"2745581","[PERF] Vantagepoint:2026.3: Kleinfelder: Quarterly Release Performance Test","Vantagepoint","2745582","[PERF] Vantagepoint: 2026.3: Kleinfelder: - Scripting","Lotte Morales","Tests (correct)","2805035","7.1_069_ProjectEarningsReportBiller","VP 2026.3 August 8 Run","2838551","Failed","Lotte Morales",""
"2745581","[PERF] Vantagepoint:2026.3: Kleinfelder: Quarterly Release Performance Test","Vantagepoint","2745582","[PERF] Vantagepoint: 2026.3: Kleinfelder: - Scripting","Lotte Morales","Tests (correct)","2805035","7.1_069_ProjectEarningsReportBiller","VP 2026.3 July 25 Run","2825051","Failed","Lotte Morales",""
"2745581","[PERF] Vantagepoint:2026.3: Kleinfelder: Quarterly Release Performance Test","Vantagepoint","2745582","[PERF] Vantagepoint: 2026.3: Kleinfelder: - Scripting","Lotte Morales","Tests (correct)","2805035","7.1_069_ProjectEarningsReportBiller","VP 2026.3 July 4 Run","2805057","Failed","Lotte Morales",""
"2745581","[PERF] Vantagepoint:2026.3: Kleinfelder: Quarterly Release Performance Test","Vantagepoint","2745582","[PERF] Vantagepoint: 2026.3: Kleinfelder: - Scripting","Lotte Morales","Tests (correct)","2805035","7.1_069_ProjectEarningsReportBiller","VP 2026.4 First Weekend Run","2872598","Failed","Lotte Morales",""
"2745581","[PERF] Vantagepoint:2026.3: Kleinfelder: Quarterly Release Performance Test","Vantagepoint","2745582","[PERF] Vantagepoint: 2026.3: Kleinfelder: - Scripting","Lotte Morales","Tests (correct)","2805035","7.1_069_ProjectEarningsReportBiller","VP 2026.2 April 18 Run","2827976","Failed","Lotte Morales",""
"2745581","[PERF] Vantagepoint:2026.3: Kleinfelder: Quarterly Release Performance Test","Vantagepoint","2745582","[PERF] Vantagepoint: 2026.3: Kleinfelder: - Scripting","Lotte Morales","Tests (correct)","2805035","7.1_069_ProjectEarningsReportBiller","VP 2026.2 March 31 Run","2827975","Failed","Lotte Morales",""
"2745581","[PERF] Vantagepoint:2026.3: Kleinfelder: Quarterly Release Performance Test","Vantagepoint","2745582","[PERF] Vantagepoint: 2026.3: Kleinfelder: - Scripting","Lotte Morales","Tests (correct)","2805035","7.1_069_ProjectEarningsReportBiller","VP 2026.3 August 1 Run","2831362","Failed","Lotte Morales",""
"2745581","[PERF] Vantagepoint:2026.3: Kleinfelder: Quarterly Release Performance Test","Vantagepoint","2745582","[PERF] Vantagepoint: 2026.3: Kleinfelder: - Scripting","Lotte Morales","Tests (correct)","2805035","7.1_069_ProjectEarningsReportBiller","VP 2026.3 July 11 Run","2805058","Failed","Lotte Morales",""
"2745581","[PERF] Vantagepoint:2026.3: Kleinfelder: Quarterly Release Performance Test","Vantagepoint","2745582","[PERF] Vantagepoint: 2026.3: Kleinfelder: - Scripting","Lotte Morales","Tests (correct)","2805035","7.1_069_ProjectEarningsReportBiller","Smoke Test August 28, 2026","2863234","Failed","Lotte Morales",""
"2745581","[PERF] Vantagepoint:2026.3: Kleinfelder: Quarterly Release Performance Test","Vantagepoint","2745582","[PERF] Vantagepoint: 2026.3: Kleinfelder: - Scripting","Lotte Morales","Tests (correct)","2805035","7.1_069_ProjectEarningsReportBiller","VP 2026.3 August 11 SQL2025 Run","2850715","Failed","Lotte Morales",""
"2745581","[PERF] Vantagepoint:2026.3: Kleinfelder: Quarterly Release Performance Test","Vantagepoint","2745582","[PERF] Vantagepoint: 2026.3: Kleinfelder: - Scripting","Lotte Morales","Tests (correct)","2805035","7.1_069_ProjectEarningsReportBiller","VP 2026.3 June 30 Run","2777010","Failed","Lotte Morales",""
"2745581","[PERF] Vantagepoint:2026.3: Kleinfelder: Quarterly Release Performance Test","Vantagepoint","2745582","[PERF] Vantagepoint: 2026.3: Kleinfelder: - Scripting","Lotte Morales","Tests (correct)","2805035","7.1_069_ProjectEarningsReportBiller","VP 2026.3 June 22 Run","2777009","Failed","Lotte Morales",""
"2745581","[PERF] Vantagepoint:2026.3: Kleinfelder: Quarterly Release Performance Test","Vantagepoint","2745582","[PERF] Vantagepoint: 2026.3: Kleinfelder: - Scripting","Lotte Morales","Tests (correct)","2805035","7.1_069_ProjectEarningsReportBiller","VP 2026.3 June 6 Run","2777000","Failed","Lotte Morales",""
"2745581","[PERF] Vantagepoint:2026.3: Kleinfelder: Quarterly Release Performance Test","Vantagepoint","2745582","[PERF] Vantagepoint: 2026.3: Kleinfelder: - Scripting","Lotte Morales","Tests (correct)","2805039","7.2_073_CollectionsForecastWeekly","VP 2026.3 August 8 Run","2838551","Failed","Lotte Morales",""
"2745581","[PERF] Vantagepoint:2026.3: Kleinfelder: Quarterly Release Performance Test","Vantagepoint","2745582","[PERF] Vantagepoint: 2026.3: Kleinfelder: - Scripting","Lotte Morales","Tests (correct)","2805039","7.2_073_CollectionsForecastWeekly","VP 2026.3 July 4 Run","2805057","Failed","Lotte Morales",""
"2745581","[PERF] Vantagepoint:2026.3: Kleinfelder: Quarterly Release Performance Test","Vantagepoint","2745582","[PERF] Vantagepoint: 2026.3: Kleinfelder: - Scripting","Lotte Morales","Tests (correct)","2805039","7.2_073_CollectionsForecastWeekly","VP 2026.4 September 12 Weekend Run","2875813","Failed","Lotte Morales",""
"2745581","[PERF] Vantagepoint:2026.3: Kleinfelder: Quarterly Release Performance Test","Vantagepoint","2745582","[PERF] Vantagepoint: 2026.3: Kleinfelder: - Scripting","Lotte Morales","Tests (correct)","2805039","7.2_073_CollectionsForecastWeekly","VP 2026.3 August 11 SQL2025 Run","2850715","Failed","Lotte Morales",""
"2745581","[PERF] Vantagepoint:2026.3: Kleinfelder: Quarterly Release Performance Test","Vantagepoint","2745582","[PERF] Vantagepoint: 2026.3: Kleinfelder: - Scripting","Lotte Morales","Tests (correct)","2805039","7.2_073_CollectionsForecastWeekly","VP 2026.3 June 30 Run","2777010","Failed","Lotte Morales",""
"2745581","[PERF] Vantagepoint:2026.3: Kleinfelder: Quarterly Release Performance Test","Vantagepoint","2745582","[PERF] Vantagepoint: 2026.3: Kleinfelder: - Scripting","Lotte Morales","Tests (correct)","2805039","7.2_073_CollectionsForecastWeekly","VP 2026.3 June 22 Run","2777009","Failed","Lotte Morales",""
"2745581","[PERF] Vantagepoint:2026.3: Kleinfelder: Quarterly Release Performance Test","Vantagepoint","2745582","[PERF] Vantagepoint: 2026.3: Kleinfelder: - Scripting","Lotte Morales","Tests (correct)","2805039","7.2_073_CollectionsForecastWeekly","VP 2026.3 June 6 Run","2777000","Failed","Lotte Morales",""
"2745581","[PERF] Vantagepoint:2026.3: Kleinfelder: Quarterly Release Performance Test","Vantagepoint","2745582","[PERF] Vantagepoint: 2026.3: Kleinfelder: - Scripting","Lotte Morales","Tests (correct)","2805042","2025.1_075_DocumentManagementUnder300Records","VP 2026.3 August 8 Run","2838551","Failed","Lotte Morales",""
"2745581","[PERF] Vantagepoint:2026.3: Kleinfelder: Quarterly Release Performance Test","Vantagepoint","2745582","[PERF] Vantagepoint: 2026.3: Kleinfelder: - Scripting","Lotte Morales","Tests (correct)","2805042","2025.1_075_DocumentManagementUnder300Records","VP 2026.3 July 18 Run","2823378","Failed","Lotte Morales",""
"2745581","[PERF] Vantagepoint:2026.3: Kleinfelder: Quarterly Release Performance Test","Vantagepoint","2745582","[PERF] Vantagepoint: 2026.3: Kleinfelder: - Scripting","Lotte Morales","Tests (correct)","2805042","2025.1_075_DocumentManagementUnder300Records","VP 2026.3 July 25 Run","2825051","Failed","Lotte Morales",""
"2745581","[PERF] Vantagepoint:2026.3: Kleinfelder: Quarterly Release Performance Test","Vantagepoint","2745582","[PERF] Vantagepoint: 2026.3: Kleinfelder: - Scripting","Lotte Morales","Tests (correct)","2805042","2025.1_075_DocumentManagementUnder300Records","VP 2026.3 July 4 Run","2805057","Failed","Lotte Morales",""
"2745581","[PERF] Vantagepoint:2026.3: Kleinfelder: Quarterly Release Performance Test","Vantagepoint","2745582","[PERF] Vantagepoint: 2026.3: Kleinfelder: - Scripting","Lotte Morales","Tests (correct)","2805042","2025.1_075_DocumentManagementUnder300Records","VP 2026.4 First Weekend Run","2872598","Failed","Lotte Morales",""
"2745581","[PERF] Vantagepoint:2026.3: Kleinfelder: Quarterly Release Performance Test","Vantagepoint","2745582","[PERF] Vantagepoint: 2026.3: Kleinfelder: - Scripting","Lotte Morales","Tests (correct)","2805042","2025.1_075_DocumentManagementUnder300Records","VP 2026.2 April 18 Run","2827976","Failed","Lotte Morales",""
"2745581","[PERF] Vantagepoint:2026.3: Kleinfelder: Quarterly Release Performance Test","Vantagepoint","2745582","[PERF] Vantagepoint: 2026.3: Kleinfelder: - Scripting","Lotte Morales","Tests (correct)","2805042","2025.1_075_DocumentManagementUnder300Records","VP 2026.2 March 31 Run","2827975","Failed","Lotte Morales",""
"2745581","[PERF] Vantagepoint:2026.3: Kleinfelder: Quarterly Release Performance Test","Vantagepoint","2745582","[PERF] Vantagepoint: 2026.3: Kleinfelder: - Scripting","Lotte Morales","Tests (correct)","2805042","2025.1_075_DocumentManagementUnder300Records","VP 2026.4 September 12 Weekend Run","2875813","Failed","Lotte Morales",""
"2745581","[PERF] Vantagepoint:2026.3: Kleinfelder: Quarterly Release Performance Test","Vantagepoint","2745582","[PERF] Vantagepoint: 2026.3: Kleinfelder: - Scripting","Lotte Morales","Tests (correct)","2805042","2025.1_075_DocumentManagementUnder300Records","VP 2026.3 August 1 Run","2831362","Failed","Lotte Morales",""
"2745581","[PERF] Vantagepoint:2026.3: Kleinfelder: Quarterly Release Performance Test","Vantagepoint","2745582","[PERF] Vantagepoint: 2026.3: Kleinfelder: - Scripting","Lotte Morales","Tests (correct)","2805042","2025.1_075_DocumentManagementUnder300Records","VP 2026.3 July 11 Run","2805058","Failed","Lotte Morales",""
"2745581","[PERF] Vantagepoint:2026.3: Kleinfelder: Quarterly Release Performance Test","Vantagepoint","2745582","[PERF] Vantagepoint: 2026.3: Kleinfelder: - Scripting","Lotte Morales","Tests (correct)","2805042","2025.1_075_DocumentManagementUnder300Records","Smoke Test August 28, 2026","2863234","Failed","Lotte Morales",""
"2745581","[PERF] Vantagepoint:2026.3: Kleinfelder: Quarterly Release Performance Test","Vantagepoint","2745582","[PERF] Vantagepoint: 2026.3: Kleinfelder: - Scripting","Lotte Morales","Tests (correct)","2805042","2025.1_075_DocumentManagementUnder300Records","VP 2026.3 August 11 SQL2025 Run","2850715","Failed","Lotte Morales",""
"2745581","[PERF] Vantagepoint:2026.3: Kleinfelder: Quarterly Release Performance Test","Vantagepoint","2745582","[PERF] Vantagepoint: 2026.3: Kleinfelder: - Scripting","Lotte Morales","Tests (correct)","2805042","2025.1_075_DocumentManagementUnder300Records","VP 2026.3 June 22 Run","2777009","Failed","Lotte Morales",""
"2745581","[PERF] Vantagepoint:2026.3: Kleinfelder: Quarterly Release Performance Test","Vantagepoint","2745582","[PERF] Vantagepoint: 2026.3: Kleinfelder: - Scripting","Lotte Morales","Tests (correct)","2805042","2025.1_075_DocumentManagementUnder300Records","VP 2026.3 June 6 Run","2777000","Failed","Lotte Morales",""
"2745581","[PERF] Vantagepoint:2026.3: Kleinfelder: Quarterly Release Performance Test","Vantagepoint","2745582","[PERF] Vantagepoint: 2026.3: Kleinfelder: - Scripting","Lotte Morales","Tests (correct)","2805043","2025.1_076_DocumentManagement300To600Records","VP 2026.3 August 8 Run","2838551","Failed","Lotte Morales",""
"2745581","[PERF] Vantagepoint:2026.3: Kleinfelder: Quarterly Release Performance Test","Vantagepoint","2745582","[PERF] Vantagepoint: 2026.3: Kleinfelder: - Scripting","Lotte Morales","Tests (correct)","2805043","2025.1_076_DocumentManagement300To600Records","VP 2026.3 July 18 Run","2823378","Failed","Lotte Morales",""
"2745581","[PERF] Vantagepoint:2026.3: Kleinfelder: Quarterly Release Performance Test","Vantagepoint","2745582","[PERF] Vantagepoint: 2026.3: Kleinfelder: - Scripting","Lotte Morales","Tests (correct)","2805043","2025.1_076_DocumentManagement300To600Records","VP 2026.3 July 25 Run","2825051","Failed","Lotte Morales",""
"2745581","[PERF] Vantagepoint:2026.3: Kleinfelder: Quarterly Release Performance Test","Vantagepoint","2745582","[PERF] Vantagepoint: 2026.3: Kleinfelder: - Scripting","Lotte Morales","Tests (correct)","2805043","2025.1_076_DocumentManagement300To600Records","VP 2026.3 July 4 Run","2805057","Failed","Lotte Morales",""
"2745581","[PERF] Vantagepoint:2026.3: Kleinfelder: Quarterly Release Performance Test","Vantagepoint","2745582","[PERF] Vantagepoint: 2026.3: Kleinfelder: - Scripting","Lotte Morales","Tests (correct)","2805043","2025.1_076_DocumentManagement300To600Records","VP 2026.4 First Weekend Run","2872598","Failed","Lotte Morales",""
"2745581","[PERF] Vantagepoint:2026.3: Kleinfelder: Quarterly Release Performance Test","Vantagepoint","2745582","[PERF] Vantagepoint: 2026.3: Kleinfelder: - Scripting","Lotte Morales","Tests (correct)","2805043","2025.1_076_DocumentManagement300To600Records","VP 2026.2 April 18 Run","2827976","Failed","Lotte Morales",""
"2745581","[PERF] Vantagepoint:2026.3: Kleinfelder: Quarterly Release Performance Test","Vantagepoint","2745582","[PERF] Vantagepoint: 2026.3: Kleinfelder: - Scripting","Lotte Morales","Tests (correct)","2805043","2025.1_076_DocumentManagement300To600Records","VP 2026.2 March 31 Run","2827975","Failed","Lotte Morales",""
"2745581","[PERF] Vantagepoint:2026.3: Kleinfelder: Quarterly Release Performance Test","Vantagepoint","2745582","[PERF] Vantagepoint: 2026.3: Kleinfelder: - Scripting","Lotte Morales","Tests (correct)","2805043","2025.1_076_DocumentManagement300To600Records","VP 2026.4 September 12 Weekend Run","2875813","Failed","Lotte Morales",""
"2745581","[PERF] Vantagepoint:2026.3: Kleinfelder: Quarterly Release Performance Test","Vantagepoint","2745582","[PERF] Vantagepoint: 2026.3: Kleinfelder: - Scripting","Lotte Morales","Tests (correct)","2805043","2025.1_076_DocumentManagement300To600Records","VP 2026.3 August 1 Run","2831362","Failed","Lotte Morales",""
"2745581","[PERF] Vantagepoint:2026.3: Kleinfelder: Quarterly Release Performance Test","Vantagepoint","2745582","[PERF] Vantagepoint: 2026.3: Kleinfelder: - Scripting","Lotte Morales","Tests (correct)","2805043","2025.1_076_DocumentManagement300To600Records","VP 2026.3 July 11 Run","2805058","Failed","Lotte Morales",""
"2745581","[PERF] Vantagepoint:2026.3: Kleinfelder: Quarterly Release Performance Test","Vantagepoint","2745582","[PERF] Vantagepoint: 2026.3: Kleinfelder: - Scripting","Lotte Morales","Tests (correct)","2805043","2025.1_076_DocumentManagement300To600Records","Smoke Test August 28, 2026","2863234","Failed","Lotte Morales",""
"2745581","[PERF] Vantagepoint:2026.3: Kleinfelder: Quarterly Release Performance Test","Vantagepoint","2745582","[PERF] Vantagepoint: 2026.3: Kleinfelder: - Scripting","Lotte Morales","Tests (correct)","2805043","2025.1_076_DocumentManagement300To600Records","VP 2026.3 August 11 SQL2025 Run","2850715","Failed","Lotte Morales",""
"2745581","[PERF] Vantagepoint:2026.3: Kleinfelder: Quarterly Release Performance Test","Vantagepoint","2745582","[PERF] Vantagepoint: 2026.3: Kleinfelder: - Scripting","Lotte Morales","Tests (correct)","2805043","2025.1_076_DocumentManagement300To600Records","VP 2026.3 June 22 Run","2777009","Failed","Lotte Morales",""
"2745581","[PERF] Vantagepoint:2026.3: Kleinfelder: Quarterly Release Performance Test","Vantagepoint","2745582","[PERF] Vantagepoint: 2026.3: Kleinfelder: - Scripting","Lotte Morales","Tests (correct)","2805043","2025.1_076_DocumentManagement300To600Records","VP 2026.3 June 6 Run","2777000","Failed","Lotte Morales",""
"2745581","[PERF] Vantagepoint:2026.3: Kleinfelder: Quarterly Release Performance Test","Vantagepoint","2745582","[PERF] Vantagepoint: 2026.3: Kleinfelder: - Scripting","Lotte Morales","Tests (correct)","2805044","2025.1_077_DocumentManagementOver600Records","VP 2026.3 August 8 Run","2838551","Failed","Lotte Morales",""
"2745581","[PERF] Vantagepoint:2026.3: Kleinfelder: Quarterly Release Performance Test","Vantagepoint","2745582","[PERF] Vantagepoint: 2026.3: Kleinfelder: - Scripting","Lotte Morales","Tests (correct)","2805044","2025.1_077_DocumentManagementOver600Records","VP 2026.3 July 18 Run","2823378","Failed","Lotte Morales",""
"2745581","[PERF] Vantagepoint:2026.3: Kleinfelder: Quarterly Release Performance Test","Vantagepoint","2745582","[PERF] Vantagepoint: 2026.3: Kleinfelder: - Scripting","Lotte Morales","Tests (correct)","2805044","2025.1_077_DocumentManagementOver600Records","VP 2026.3 July 25 Run","2825051","Failed","Lotte Morales",""
"2745581","[PERF] Vantagepoint:2026.3: Kleinfelder: Quarterly Release Performance Test","Vantagepoint","2745582","[PERF] Vantagepoint: 2026.3: Kleinfelder: - Scripting","Lotte Morales","Tests (correct)","2805044","2025.1_077_DocumentManagementOver600Records","VP 2026.3 July 4 Run","2805057","Failed","Lotte Morales",""
"2745581","[PERF] Vantagepoint:2026.3: Kleinfelder: Quarterly Release Performance Test","Vantagepoint","2745582","[PERF] Vantagepoint: 2026.3: Kleinfelder: - Scripting","Lotte Morales","Tests (correct)","2805044","2025.1_077_DocumentManagementOver600Records","VP 2026.4 First Weekend Run","2872598","Failed","Lotte Morales",""
"2745581","[PERF] Vantagepoint:2026.3: Kleinfelder: Quarterly Release Performance Test","Vantagepoint","2745582","[PERF] Vantagepoint: 2026.3: Kleinfelder: - Scripting","Lotte Morales","Tests (correct)","2805044","2025.1_077_DocumentManagementOver600Records","VP 2026.2 April 18 Run","2827976","Failed","Lotte Morales",""
"2745581","[PERF] Vantagepoint:2026.3: Kleinfelder: Quarterly Release Performance Test","Vantagepoint","2745582","[PERF] Vantagepoint: 2026.3: Kleinfelder: - Scripting","Lotte Morales","Tests (correct)","2805044","2025.1_077_DocumentManagementOver600Records","VP 2026.2 March 31 Run","2827975","Failed","Lotte Morales",""
"2745581","[PERF] Vantagepoint:2026.3: Kleinfelder: Quarterly Release Performance Test","Vantagepoint","2745582","[PERF] Vantagepoint: 2026.3: Kleinfelder: - Scripting","Lotte Morales","Tests (correct)","2805044","2025.1_077_DocumentManagementOver600Records","VP 2026.4 September 12 Weekend Run","2875813","Failed","Lotte Morales",""
"2745581","[PERF] Vantagepoint:2026.3: Kleinfelder: Quarterly Release Performance Test","Vantagepoint","2745582","[PERF] Vantagepoint: 2026.3: Kleinfelder: - Scripting","Lotte Morales","Tests (correct)","2805044","2025.1_077_DocumentManagementOver600Records","VP 2026.3 August 1 Run","2831362","Failed","Lotte Morales",""
"2745581","[PERF] Vantagepoint:2026.3: Kleinfelder: Quarterly Release Performance Test","Vantagepoint","2745582","[PERF] Vantagepoint: 2026.3: Kleinfelder: - Scripting","Lotte Morales","Tests (correct)","2805044","2025.1_077_DocumentManagementOver600Records","VP 2026.3 July 11 Run","2805058","Failed","Lotte Morales",""
"2745581","[PERF] Vantagepoint:2026.3: Kleinfelder: Quarterly Release Performance Test","Vantagepoint","2745582","[PERF] Vantagepoint: 2026.3: Kleinfelder: - Scripting","Lotte Morales","Tests (correct)","2805044","2025.1_077_DocumentManagementOver600Records","Smoke Test August 28, 2026","2863234","Failed","Lotte Morales",""
"2745581","[PERF] Vantagepoint:2026.3: Kleinfelder: Quarterly Release Performance Test","Vantagepoint","2745582","[PERF] Vantagepoint: 2026.3: Kleinfelder: - Scripting","Lotte Morales","Tests (correct)","2805044","2025.1_077_DocumentManagementOver600Records","VP 2026.3 August 11 SQL2025 Run","2850715","Failed","Lotte Morales",""
"2745581","[PERF] Vantagepoint:2026.3: Kleinfelder: Quarterly Release Performance Test","Vantagepoint","2745582","[PERF] Vantagepoint: 2026.3: Kleinfelder: - Scripting","Lotte Morales","Tests (correct)","2805044","2025.1_077_DocumentManagementOver600Records","VP 2026.3 June 22 Run","2777009","Failed","Lotte Morales",""
"2745581","[PERF] Vantagepoint:2026.3: Kleinfelder: Quarterly Release Performance Test","Vantagepoint","2745582","[PERF] Vantagepoint: 2026.3: Kleinfelder: - Scripting","Lotte Morales","Tests (correct)","2805044","2025.1_077_DocumentManagementOver600Records","VP 2026.3 June 6 Run","2777000","Failed","Lotte Morales",""
"2745581","[PERF] Vantagepoint:2026.3: Kleinfelder: Quarterly Release Performance Test","Vantagepoint","2745582","[PERF] Vantagepoint: 2026.3: Kleinfelder: - Scripting","Lotte Morales","Tests (correct)","2805046","2025.3_079_BillingTermsListView","VP 2026.3 August 8 Run","2838551","Failed","Lotte Morales",""
"2745581","[PERF] Vantagepoint:2026.3: Kleinfelder: Quarterly Release Performance Test","Vantagepoint","2745582","[PERF] Vantagepoint: 2026.3: Kleinfelder: - Scripting","Lotte Morales","Tests (correct)","2805046","2025.3_079_BillingTermsListView","VP 2026.3 July 18 Run","2823378","Failed","Lotte Morales",""
"2745581","[PERF] Vantagepoint:2026.3: Kleinfelder: Quarterly Release Performance Test","Vantagepoint","2745582","[PERF] Vantagepoint: 2026.3: Kleinfelder: - Scripting","Lotte Morales","Tests (correct)","2805046","2025.3_079_BillingTermsListView","VP 2026.3 July 4 Run","2805057","Failed","Lotte Morales",""
"2745581","[PERF] Vantagepoint:2026.3: Kleinfelder: Quarterly Release Performance Test","Vantagepoint","2745582","[PERF] Vantagepoint: 2026.3: Kleinfelder: - Scripting","Lotte Morales","Tests (correct)","2805046","2025.3_079_BillingTermsListView","VP 2026.3 July 11 Run","2805058","Failed","Lotte Morales",""
"2745581","[PERF] Vantagepoint:2026.3: Kleinfelder: Quarterly Release Performance Test","Vantagepoint","2745582","[PERF] Vantagepoint: 2026.3: Kleinfelder: - Scripting","Lotte Morales","Tests (correct)","2805046","2025.3_079_BillingTermsListView","VP 2026.3 June 30 Run","2777010","Failed","Lotte Morales",""
"2745581","[PERF] Vantagepoint:2026.3: Kleinfelder: Quarterly Release Performance Test","Vantagepoint","2745582","[PERF] Vantagepoint: 2026.3: Kleinfelder: - Scripting","Lotte Morales","Tests (correct)","2805046","2025.3_079_BillingTermsListView","VP 2026.3 June 22 Run","2777009","Failed","Lotte Morales",""
"2745581","[PERF] Vantagepoint:2026.3: Kleinfelder: Quarterly Release Performance Test","Vantagepoint","2745582","[PERF] Vantagepoint: 2026.3: Kleinfelder: - Scripting","Lotte Morales","Tests (correct)","2805046","2025.3_079_BillingTermsListView","VP 2026.3 June 6 Run","2777000","Failed","Lotte Morales",""
"2745581","[PERF] Vantagepoint:2026.3: Kleinfelder: Quarterly Release Performance Test","Vantagepoint","2745978","[PERF] Vantagepoint: 2026.3: Kleinfelder: - Test Execution","Lotte Morales","Tests (correct)","2776949","5.5_034_CreatePurchaseOrderSubmit","VP 2026.3 June 6 Run","2777000","Failed","Lotte Morales",""
"2745581","[PERF] Vantagepoint:2026.3: Kleinfelder: Quarterly Release Performance Test","Vantagepoint","2745978","[PERF] Vantagepoint: 2026.3: Kleinfelder: - Test Execution","Lotte Morales","Tests (correct)","2804969","5.5_026_CreateExpenseReport","VP 2026.3 June 6 Run","2777000","Failed","Lotte Morales",""
"2745581","[PERF] Vantagepoint:2026.3: Kleinfelder: Quarterly Release Performance Test","Vantagepoint","2745978","[PERF] Vantagepoint: 2026.3: Kleinfelder: - Test Execution","Lotte Morales","Tests (correct)","2804971","5.5_024_DashboardAccountDetailBase","VP 2026.3 June 6 Run","2777000","Failed","Lotte Morales",""
"2745581","[PERF] Vantagepoint:2026.3: Kleinfelder: Quarterly Release Performance Test","Vantagepoint","2745978","[PERF] Vantagepoint: 2026.3: Kleinfelder: - Test Execution","Lotte Morales","Tests (correct)","2804972","5.5_004_DashboardProjectBase","VP 2026.3 June 6 Run","2777000","Failed","Lotte Morales",""
"2745581","[PERF] Vantagepoint:2026.3: Kleinfelder: Quarterly Release Performance Test","Vantagepoint","2745978","[PERF] Vantagepoint: 2026.3: Kleinfelder: - Test Execution","Lotte Morales","Tests (correct)","2804973","5.5_025_DashboardARDetailBase","VP 2026.3 June 6 Run","2777000","Failed","Lotte Morales",""
"2745581","[PERF] Vantagepoint:2026.3: Kleinfelder: Quarterly Release Performance Test","Vantagepoint","2745978","[PERF] Vantagepoint: 2026.3: Kleinfelder: - Test Execution","Lotte Morales","Tests (correct)","2804975","5.5_029_ResourceViewAddAssignment","VP 2026.3 June 6 Run","2777000","Failed","Lotte Morales",""
"2745581","[PERF] Vantagepoint:2026.3: Kleinfelder: Quarterly Release Performance Test","Vantagepoint","2745978","[PERF] Vantagepoint: 2026.3: Kleinfelder: - Test Execution","Lotte Morales","Tests (correct)","2804984","5.5_013_EmployeeSwitchListViewEdit","VP 2026.3 June 6 Run","2777000","Failed","Lotte Morales",""
"2745581","[PERF] Vantagepoint:2026.3: Kleinfelder: Quarterly Release Performance Test","Vantagepoint","2745978","[PERF] Vantagepoint: 2026.3: Kleinfelder: - Test Execution","Lotte Morales","Tests (correct)","2804985","5.5_003_CreateActivity","VP 2026.3 June 6 Run","2777000","Failed","Lotte Morales",""
"2745581","[PERF] Vantagepoint:2026.3: Kleinfelder: Quarterly Release Performance Test","Vantagepoint","2745978","[PERF] Vantagepoint: 2026.3: Kleinfelder: - Test Execution","Lotte Morales","Tests (correct)","2804986","5.5_015_ContactSwitchListViewEdit","VP 2026.3 June 6 Run","2777000","Failed","Lotte Morales",""
"2745581","[PERF] Vantagepoint:2026.3: Kleinfelder: Quarterly Release Performance Test","Vantagepoint","2745978","[PERF] Vantagepoint: 2026.3: Kleinfelder: - Test Execution","Lotte Morales","Tests (correct)","2804988","5.5_014_RetrieveClientsOutstandingAR","VP 2026.3 June 6 Run","2777000","Failed","Lotte Morales",""
"2745581","[PERF] Vantagepoint:2026.3: Kleinfelder: Quarterly Release Performance Test","Vantagepoint","2745978","[PERF] Vantagepoint: 2026.3: Kleinfelder: - Test Execution","Lotte Morales","Tests (correct)","2804992","5.5_045_CreateEmployeePaymentRun","VP 2026.3 June 6 Run","2777000","Failed","Lotte Morales",""
"2745581","[PERF] Vantagepoint:2026.3: Kleinfelder: Quarterly Release Performance Test","Vantagepoint","2745978","[PERF] Vantagepoint: 2026.3: Kleinfelder: - Test Execution","Lotte Morales","Tests (correct)","2804996","5.5_034_CreatePurchaseOrderSubmit","VP 2026.3 June 6 Run","2777000","Failed","Lotte Morales",""
"2745581","[PERF] Vantagepoint:2026.3: Kleinfelder: Quarterly Release Performance Test","Vantagepoint","2745978","[PERF] Vantagepoint: 2026.3: Kleinfelder: - Test Execution","Lotte Morales","Tests (correct)","2804997","5.5_035_CreateItemInPurchaseOrder","VP 2026.3 June 6 Run","2777000","Failed","Lotte Morales",""
"2745581","[PERF] Vantagepoint:2026.3: Kleinfelder: Quarterly Release Performance Test","Vantagepoint","2745978","[PERF] Vantagepoint: 2026.3: Kleinfelder: - Test Execution","Lotte Morales","Tests (correct)","2804998","5.5_067_CreatePurchaseRequisitionSubmit","VP 2026.3 June 6 Run","2777000","Failed","Lotte Morales",""
"2745581","[PERF] Vantagepoint:2026.3: Kleinfelder: Quarterly Release Performance Test","Vantagepoint","2745978","[PERF] Vantagepoint: 2026.3: Kleinfelder: - Test Execution","Lotte Morales","Tests (correct)","2805000","5.5_056_RunProjectEarningsReportSummary","VP 2026.3 June 6 Run","2777000","Failed","Lotte Morales",""
"2745581","[PERF] Vantagepoint:2026.3: Kleinfelder: Quarterly Release Performance Test","Vantagepoint","2745978","[PERF] Vantagepoint: 2026.3: Kleinfelder: - Test Execution","Lotte Morales","Tests (correct)","2805001","5.5_040_RunGeneralLedgerReport","VP 2026.3 June 6 Run","2777000","Failed","Lotte Morales",""
"2745581","[PERF] Vantagepoint:2026.3: Kleinfelder: Quarterly Release Performance Test","Vantagepoint","2745978","[PERF] Vantagepoint: 2026.3: Kleinfelder: - Test Execution","Lotte Morales","Tests (correct)","2805002","5.5_068_RunGeneralLedgerReportSummary","VP 2026.3 June 6 Run","2777000","Failed","Lotte Morales",""
"2745581","[PERF] Vantagepoint:2026.3: Kleinfelder: Quarterly Release Performance Test","Vantagepoint","2745978","[PERF] Vantagepoint: 2026.3: Kleinfelder: - Test Execution","Lotte Morales","Tests (correct)","2805004","5.5_037_RunAccountsPayableReport","VP 2026.3 June 6 Run","2777000","Failed","Lotte Morales",""
"2745581","[PERF] Vantagepoint:2026.3: Kleinfelder: Quarterly Release Performance Test","Vantagepoint","2745978","[PERF] Vantagepoint: 2026.3: Kleinfelder: - Test Execution","Lotte Morales","Tests (correct)","2805005","5.5_006_RunAccountsReceivableReport","VP 2026.3 June 6 Run","2777000","Failed","Lotte Morales",""
"2745581","[PERF] Vantagepoint:2026.3: Kleinfelder: Quarterly Release Performance Test","Vantagepoint","2745978","[PERF] Vantagepoint: 2026.3: Kleinfelder: - Test Execution","Lotte Morales","Tests (correct)","2805007","5.5_008_RunResourcePlanningReport","VP 2026.3 June 6 Run","2777000","Failed","Lotte Morales",""
"2745581","[PERF] Vantagepoint:2026.3: Kleinfelder: Quarterly Release Performance Test","Vantagepoint","2745978","[PERF] Vantagepoint: 2026.3: Kleinfelder: - Test Execution","Lotte Morales","Tests (correct)","2805020","6.0_053_UpdateProjectPlanTabs","VP 2026.3 June 6 Run","2777000","Failed","Lotte Morales",""
"2745581","[PERF] Vantagepoint:2026.3: Kleinfelder: Quarterly Release Performance Test","Vantagepoint","2745978","[PERF] Vantagepoint: 2026.3: Kleinfelder: - Test Execution","Lotte Morales","Tests (correct)","2805022","6.0_052_CreateInvoiceTemplates","VP 2026.3 June 6 Run","2777000","Failed","Lotte Morales",""
"2745581","[PERF] Vantagepoint:2026.3: Kleinfelder: Quarterly Release Performance Test","Vantagepoint","2745978","[PERF] Vantagepoint: 2026.3: Kleinfelder: - Test Execution","Lotte Morales","Tests (correct)","2805028","6.5_063_ProjectRequestApprovalProcessingCenter","VP 2026.3 June 6 Run","2777000","Failed","Lotte Morales",""
"2745581","[PERF] Vantagepoint:2026.3: Kleinfelder: Quarterly Release Performance Test","Vantagepoint","2745978","[PERF] Vantagepoint: 2026.3: Kleinfelder: - Test Execution","Lotte Morales","Tests (correct)","2805029","6.5_065_NavigationBarMyHub","VP 2026.3 June 6 Run","2777000","Failed","Lotte Morales",""
"2745581","[PERF] Vantagepoint:2026.3: Kleinfelder: Quarterly Release Performance Test","Vantagepoint","2745978","[PERF] Vantagepoint: 2026.3: Kleinfelder: - Test Execution","Lotte Morales","Tests (correct)","2805033","7.0_046_RunOfficeEarningsReport","VP 2026.3 June 6 Run","2777000","Failed","Lotte Morales",""
"2745581","[PERF] Vantagepoint:2026.3: Kleinfelder: Quarterly Release Performance Test","Vantagepoint","2745978","[PERF] Vantagepoint: 2026.3: Kleinfelder: - Test Execution","Lotte Morales","Tests (correct)","2805035","7.1_069_ProjectEarningsReportBiller","VP 2026.3 June 6 Run","2777000","Failed","Lotte Morales",""
"2745581","[PERF] Vantagepoint:2026.3: Kleinfelder: Quarterly Release Performance Test","Vantagepoint","2745978","[PERF] Vantagepoint: 2026.3: Kleinfelder: - Test Execution","Lotte Morales","Tests (correct)","2805039","7.2_073_CollectionsForecastWeekly","VP 2026.3 June 6 Run","2777000","Failed","Lotte Morales",""
"2745581","[PERF] Vantagepoint:2026.3: Kleinfelder: Quarterly Release Performance Test","Vantagepoint","2745978","[PERF] Vantagepoint: 2026.3: Kleinfelder: - Test Execution","Lotte Morales","Tests (correct)","2805042","2025.1_075_DocumentManagementUnder300Records","VP 2026.3 June 6 Run","2777000","Failed","Lotte Morales",""
"2745581","[PERF] Vantagepoint:2026.3: Kleinfelder: Quarterly Release Performance Test","Vantagepoint","2745978","[PERF] Vantagepoint: 2026.3: Kleinfelder: - Test Execution","Lotte Morales","Tests (correct)","2805043","2025.1_076_DocumentManagement300To600Records","VP 2026.3 June 6 Run","2777000","Failed","Lotte Morales",""
"2745581","[PERF] Vantagepoint:2026.3: Kleinfelder: Quarterly Release Performance Test","Vantagepoint","2745978","[PERF] Vantagepoint: 2026.3: Kleinfelder: - Test Execution","Lotte Morales","Tests (correct)","2805044","2025.1_077_DocumentManagementOver600Records","VP 2026.3 June 6 Run","2777000","Failed","Lotte Morales",""
"2745581","[PERF] Vantagepoint:2026.3: Kleinfelder: Quarterly Release Performance Test","Vantagepoint","2745978","[PERF] Vantagepoint: 2026.3: Kleinfelder: - Test Execution","Lotte Morales","Tests (correct)","2805046","2025.3_079_BillingTermsListView","VP 2026.3 June 6 Run","2777000","Failed","Lotte Morales",""
"2745581","[PERF] Vantagepoint:2026.3: Kleinfelder: Quarterly Release Performance Test","Vantagepoint","2745978","[PERF] Vantagepoint: 2026.3: Kleinfelder: - Test Execution","Lotte Morales","Tests (correct)","2804967","5.5_047_UpdateTimesheetHoursUnits","VP 2026.3 June 22 Run","2777009","Failed","Lotte Morales",""
"2745581","[PERF] Vantagepoint:2026.3: Kleinfelder: Quarterly Release Performance Test","Vantagepoint","2745978","[PERF] Vantagepoint: 2026.3: Kleinfelder: - Test Execution","Lotte Morales","Tests (correct)","2804969","5.5_026_CreateExpenseReport","VP 2026.3 June 22 Run","2777009","Failed","Lotte Morales",""
"2745581","[PERF] Vantagepoint:2026.3: Kleinfelder: Quarterly Release Performance Test","Vantagepoint","2745978","[PERF] Vantagepoint: 2026.3: Kleinfelder: - Test Execution","Lotte Morales","Tests (correct)","2804971","5.5_024_DashboardAccountDetailBase","VP 2026.3 June 22 Run","2777009","Failed","Lotte Morales",""
"2745581","[PERF] Vantagepoint:2026.3: Kleinfelder: Quarterly Release Performance Test","Vantagepoint","2745978","[PERF] Vantagepoint: 2026.3: Kleinfelder: - Test Execution","Lotte Morales","Tests (correct)","2804972","5.5_004_DashboardProjectBase","VP 2026.3 June 22 Run","2777009","Failed","Lotte Morales",""
"2745581","[PERF] Vantagepoint:2026.3: Kleinfelder: Quarterly Release Performance Test","Vantagepoint","2745978","[PERF] Vantagepoint: 2026.3: Kleinfelder: - Test Execution","Lotte Morales","Tests (correct)","2804973","5.5_025_DashboardARDetailBase","VP 2026.3 June 22 Run","2777009","Failed","Lotte Morales",""
"2745581","[PERF] Vantagepoint:2026.3: Kleinfelder: Quarterly Release Performance Test","Vantagepoint","2745978","[PERF] Vantagepoint: 2026.3: Kleinfelder: - Test Execution","Lotte Morales","Tests (correct)","2804975","5.5_029_ResourceViewAddAssignment","VP 2026.3 June 22 Run","2777009","Failed","Lotte Morales",""
"2745581","[PERF] Vantagepoint:2026.3: Kleinfelder: Quarterly Release Performance Test","Vantagepoint","2745978","[PERF] Vantagepoint: 2026.3: Kleinfelder: - Test Execution","Lotte Morales","Tests (correct)","2804980","5.5_021_AddingPhasesTasksEPSG","VP 2026.3 June 22 Run","2777009","Failed","Lotte Morales",""
"2745581","[PERF] Vantagepoint:2026.3: Kleinfelder: Quarterly Release Performance Test","Vantagepoint","2745978","[PERF] Vantagepoint: 2026.3: Kleinfelder: - Test Execution","Lotte Morales","Tests (correct)","2804982","5.5_002_ProjectSwitchListViewEdit","VP 2026.3 June 22 Run","2777009","Failed","Lotte Morales",""
"2745581","[PERF] Vantagepoint:2026.3: Kleinfelder: Quarterly Release Performance Test","Vantagepoint","2745978","[PERF] Vantagepoint: 2026.3: Kleinfelder: - Test Execution","Lotte Morales","Tests (correct)","2804984","5.5_013_EmployeeSwitchListViewEdit","VP 2026.3 June 22 Run","2777009","Failed","Lotte Morales",""
"2745581","[PERF] Vantagepoint:2026.3: Kleinfelder: Quarterly Release Performance Test","Vantagepoint","2745978","[PERF] Vantagepoint: 2026.3: Kleinfelder: - Test Execution","Lotte Morales","Tests (correct)","2804995","5.5_048_CreateCashReceiptTransactions","VP 2026.3 June 22 Run","2777009","Failed","Lotte Morales",""
"2745581","[PERF] Vantagepoint:2026.3: Kleinfelder: Quarterly Release Performance Test","Vantagepoint","2745978","[PERF] Vantagepoint: 2026.3: Kleinfelder: - Test Execution","Lotte Morales","Tests (correct)","2804998","5.5_067_CreatePurchaseRequisitionSubmit","VP 2026.3 June 22 Run","2777009","Failed","Lotte Morales",""
"2745581","[PERF] Vantagepoint:2026.3: Kleinfelder: Quarterly Release Performance Test","Vantagepoint","2745978","[PERF] Vantagepoint: 2026.3: Kleinfelder: - Test Execution","Lotte Morales","Tests (correct)","2805000","5.5_056_RunProjectEarningsReportSummary","VP 2026.3 June 22 Run","2777009","Failed","Lotte Morales",""
"2745581","[PERF] Vantagepoint:2026.3: Kleinfelder: Quarterly Release Performance Test","Vantagepoint","2745978","[PERF] Vantagepoint: 2026.3: Kleinfelder: - Test Execution","Lotte Morales","Tests (correct)","2805002","5.5_068_RunGeneralLedgerReportSummary","VP 2026.3 June 22 Run","2777009","Failed","Lotte Morales",""
"2745581","[PERF] Vantagepoint:2026.3: Kleinfelder: Quarterly Release Performance Test","Vantagepoint","2745978","[PERF] Vantagepoint: 2026.3: Kleinfelder: - Test Execution","Lotte Morales","Tests (correct)","2805005","5.5_006_RunAccountsReceivableReport","VP 2026.3 June 22 Run","2777009","Failed","Lotte Morales",""
"2745581","[PERF] Vantagepoint:2026.3: Kleinfelder: Quarterly Release Performance Test","Vantagepoint","2745978","[PERF] Vantagepoint: 2026.3: Kleinfelder: - Test Execution","Lotte Morales","Tests (correct)","2805007","5.5_008_RunResourcePlanningReport","VP 2026.3 June 22 Run","2777009","Failed","Lotte Morales",""
"2745581","[PERF] Vantagepoint:2026.3: Kleinfelder: Quarterly Release Performance Test","Vantagepoint","2745978","[PERF] Vantagepoint: 2026.3: Kleinfelder: - Test Execution","Lotte Morales","Tests (correct)","2805012","5.5_010_CreateBillingGroup","VP 2026.3 June 22 Run","2777009","Failed","Lotte Morales",""
"2745581","[PERF] Vantagepoint:2026.3: Kleinfelder: Quarterly Release Performance Test","Vantagepoint","2745978","[PERF] Vantagepoint: 2026.3: Kleinfelder: - Test Execution","Lotte Morales","Tests (correct)","2805027","6.5_062_VoidedInvoiceProjectManager","VP 2026.3 June 22 Run","2777009","Failed","Lotte Morales",""
"2745581","[PERF] Vantagepoint:2026.3: Kleinfelder: Quarterly Release Performance Test","Vantagepoint","2745978","[PERF] Vantagepoint: 2026.3: Kleinfelder: - Test Execution","Lotte Morales","Tests (correct)","2805028","6.5_063_ProjectRequestApprovalProcessingCenter","VP 2026.3 June 22 Run","2777009","Failed","Lotte Morales",""
"2745581","[PERF] Vantagepoint:2026.3: Kleinfelder: Quarterly Release Performance Test","Vantagepoint","2745978","[PERF] Vantagepoint: 2026.3: Kleinfelder: - Test Execution","Lotte Morales","Tests (correct)","2805029","6.5_065_NavigationBarMyHub","VP 2026.3 June 22 Run","2777009","Failed","Lotte Morales",""
"2745581","[PERF] Vantagepoint:2026.3: Kleinfelder: Quarterly Release Performance Test","Vantagepoint","2745978","[PERF] Vantagepoint: 2026.3: Kleinfelder: - Test Execution","Lotte Morales","Tests (correct)","2805030","6.5_066_EmployeeSearchReports","VP 2026.3 June 22 Run","2777009","Failed","Lotte Morales",""
"2745581","[PERF] Vantagepoint:2026.3: Kleinfelder: Quarterly Release Performance Test","Vantagepoint","2745978","[PERF] Vantagepoint: 2026.3: Kleinfelder: - Test Execution","Lotte Morales","Tests (correct)","2805035","7.1_069_ProjectEarningsReportBiller","VP 2026.3 June 22 Run","2777009","Failed","Lotte Morales",""
"2745581","[PERF] Vantagepoint:2026.3: Kleinfelder: Quarterly Release Performance Test","Vantagepoint","2745978","[PERF] Vantagepoint: 2026.3: Kleinfelder: - Test Execution","Lotte Morales","Tests (correct)","2805039","7.2_073_CollectionsForecastWeekly","VP 2026.3 June 22 Run","2777009","Failed","Lotte Morales",""
"2745581","[PERF] Vantagepoint:2026.3: Kleinfelder: Quarterly Release Performance Test","Vantagepoint","2745978","[PERF] Vantagepoint: 2026.3: Kleinfelder: - Test Execution","Lotte Morales","Tests (correct)","2805042","2025.1_075_DocumentManagementUnder300Records","VP 2026.3 June 22 Run","2777009","Failed","Lotte Morales",""
"2745581","[PERF] Vantagepoint:2026.3: Kleinfelder: Quarterly Release Performance Test","Vantagepoint","2745978","[PERF] Vantagepoint: 2026.3: Kleinfelder: - Test Execution","Lotte Morales","Tests (correct)","2805043","2025.1_076_DocumentManagement300To600Records","VP 2026.3 June 22 Run","2777009","Failed","Lotte Morales",""
"2745581","[PERF] Vantagepoint:2026.3: Kleinfelder: Quarterly Release Performance Test","Vantagepoint","2745978","[PERF] Vantagepoint: 2026.3: Kleinfelder: - Test Execution","Lotte Morales","Tests (correct)","2805044","2025.1_077_DocumentManagementOver600Records","VP 2026.3 June 22 Run","2777009","Failed","Lotte Morales",""
"2745581","[PERF] Vantagepoint:2026.3: Kleinfelder: Quarterly Release Performance Test","Vantagepoint","2745978","[PERF] Vantagepoint: 2026.3: Kleinfelder: - Test Execution","Lotte Morales","Tests (correct)","2805046","2025.3_079_BillingTermsListView","VP 2026.3 June 22 Run","2777009","Failed","Lotte Morales",""
"2745581","[PERF] Vantagepoint:2026.3: Kleinfelder: Quarterly Release Performance Test","Vantagepoint","2745978","[PERF] Vantagepoint: 2026.3: Kleinfelder: - Test Execution","Lotte Morales","Tests (correct)","2804969","5.5_026_CreateExpenseReport","VP 2026.3 June 30 Run","2777010","Failed","Lotte Morales",""
"2745581","[PERF] Vantagepoint:2026.3: Kleinfelder: Quarterly Release Performance Test","Vantagepoint","2745978","[PERF] Vantagepoint: 2026.3: Kleinfelder: - Test Execution","Lotte Morales","Tests (correct)","2804971","5.5_024_DashboardAccountDetailBase","VP 2026.3 June 30 Run","2777010","Failed","Lotte Morales",""
"2745581","[PERF] Vantagepoint:2026.3: Kleinfelder: Quarterly Release Performance Test","Vantagepoint","2745978","[PERF] Vantagepoint: 2026.3: Kleinfelder: - Test Execution","Lotte Morales","Tests (correct)","2804972","5.5_004_DashboardProjectBase","VP 2026.3 June 30 Run","2777010","Failed","Lotte Morales",""
"2745581","[PERF] Vantagepoint:2026.3: Kleinfelder: Quarterly Release Performance Test","Vantagepoint","2745978","[PERF] Vantagepoint: 2026.3: Kleinfelder: - Test Execution","Lotte Morales","Tests (correct)","2804973","5.5_025_DashboardARDetailBase","VP 2026.3 June 30 Run","2777010","Failed","Lotte Morales",""
"2745581","[PERF] Vantagepoint:2026.3: Kleinfelder: Quarterly Release Performance Test","Vantagepoint","2745978","[PERF] Vantagepoint: 2026.3: Kleinfelder: - Test Execution","Lotte Morales","Tests (correct)","2804982","5.5_002_ProjectSwitchListViewEdit","VP 2026.3 June 30 Run","2777010","Failed","Lotte Morales",""
"2745581","[PERF] Vantagepoint:2026.3: Kleinfelder: Quarterly Release Performance Test","Vantagepoint","2745978","[PERF] Vantagepoint: 2026.3: Kleinfelder: - Test Execution","Lotte Morales","Tests (correct)","2804984","5.5_013_EmployeeSwitchListViewEdit","VP 2026.3 June 30 Run","2777010","Failed","Lotte Morales",""
"2745581","[PERF] Vantagepoint:2026.3: Kleinfelder: Quarterly Release Performance Test","Vantagepoint","2745978","[PERF] Vantagepoint: 2026.3: Kleinfelder: - Test Execution","Lotte Morales","Tests (correct)","2804987","5.5_018_FirmSwitchListViewEdit","VP 2026.3 June 30 Run","2777010","Failed","Lotte Morales",""
"2745581","[PERF] Vantagepoint:2026.3: Kleinfelder: Quarterly Release Performance Test","Vantagepoint","2745978","[PERF] Vantagepoint: 2026.3: Kleinfelder: - Test Execution","Lotte Morales","Tests (correct)","2804988","5.5_014_RetrieveClientsOutstandingAR","VP 2026.3 June 30 Run","2777010","Failed","Lotte Morales",""
"2745581","[PERF] Vantagepoint:2026.3: Kleinfelder: Quarterly Release Performance Test","Vantagepoint","2745978","[PERF] Vantagepoint: 2026.3: Kleinfelder: - Test Execution","Lotte Morales","Tests (correct)","2804989","5.5_017_RetrieveVouchersActiveVendors","VP 2026.3 June 30 Run","2777010","Failed","Lotte Morales",""
"2745581","[PERF] Vantagepoint:2026.3: Kleinfelder: Quarterly Release Performance Test","Vantagepoint","2745978","[PERF] Vantagepoint: 2026.3: Kleinfelder: - Test Execution","Lotte Morales","Tests (correct)","2804999","5.5_028_RunProjectEarningsReport","VP 2026.3 June 30 Run","2777010","Failed","Lotte Morales",""
"2745581","[PERF] Vantagepoint:2026.3: Kleinfelder: Quarterly Release Performance Test","Vantagepoint","2745978","[PERF] Vantagepoint: 2026.3: Kleinfelder: - Test Execution","Lotte Morales","Tests (correct)","2805005","5.5_006_RunAccountsReceivableReport","VP 2026.3 June 30 Run","2777010","Failed","Lotte Morales",""
"2745581","[PERF] Vantagepoint:2026.3: Kleinfelder: Quarterly Release Performance Test","Vantagepoint","2745978","[PERF] Vantagepoint: 2026.3: Kleinfelder: - Test Execution","Lotte Morales","Tests (correct)","2805007","5.5_008_RunResourcePlanningReport","VP 2026.3 June 30 Run","2777010","Failed","Lotte Morales",""
"2745581","[PERF] Vantagepoint:2026.3: Kleinfelder: Quarterly Release Performance Test","Vantagepoint","2745978","[PERF] Vantagepoint: 2026.3: Kleinfelder: - Test Execution","Lotte Morales","Tests (correct)","2805035","7.1_069_ProjectEarningsReportBiller","VP 2026.3 June 30 Run","2777010","Failed","Lotte Morales",""
"2745581","[PERF] Vantagepoint:2026.3: Kleinfelder: Quarterly Release Performance Test","Vantagepoint","2745978","[PERF] Vantagepoint: 2026.3: Kleinfelder: - Test Execution","Lotte Morales","Tests (correct)","2805038","7.2_072_CollectionsForecastMonthly","VP 2026.3 June 30 Run","2777010","Failed","Lotte Morales",""
"2745581","[PERF] Vantagepoint:2026.3: Kleinfelder: Quarterly Release Performance Test","Vantagepoint","2745978","[PERF] Vantagepoint: 2026.3: Kleinfelder: - Test Execution","Lotte Morales","Tests (correct)","2805039","7.2_073_CollectionsForecastWeekly","VP 2026.3 June 30 Run","2777010","Failed","Lotte Morales",""
"2745581","[PERF] Vantagepoint:2026.3: Kleinfelder: Quarterly Release Performance Test","Vantagepoint","2745978","[PERF] Vantagepoint: 2026.3: Kleinfelder: - Test Execution","Lotte Morales","Tests (correct)","2805041","2025.1_074_CreateClarityDashpart","VP 2026.3 June 30 Run","2777010","Failed","Lotte Morales",""
"2745581","[PERF] Vantagepoint:2026.3: Kleinfelder: Quarterly Release Performance Test","Vantagepoint","2745978","[PERF] Vantagepoint: 2026.3: Kleinfelder: - Test Execution","Lotte Morales","Tests (correct)","2805046","2025.3_079_BillingTermsListView","VP 2026.3 June 30 Run","2777010","Failed","Lotte Morales",""
"2745581","[PERF] Vantagepoint:2026.3: Kleinfelder: Quarterly Release Performance Test","Vantagepoint","2745978","[PERF] Vantagepoint: 2026.3: Kleinfelder: - Test Execution","Lotte Morales","Tests (correct)","2804967","5.5_047_UpdateTimesheetHoursUnits","VP 2026.3 July 4 Run","2805057","Failed","Lotte Morales",""
"2745581","[PERF] Vantagepoint:2026.3: Kleinfelder: Quarterly Release Performance Test","Vantagepoint","2745978","[PERF] Vantagepoint: 2026.3: Kleinfelder: - Test Execution","Lotte Morales","Tests (correct)","2804971","5.5_024_DashboardAccountDetailBase","VP 2026.3 July 4 Run","2805057","Failed","Lotte Morales",""
"2745581","[PERF] Vantagepoint:2026.3: Kleinfelder: Quarterly Release Performance Test","Vantagepoint","2745978","[PERF] Vantagepoint: 2026.3: Kleinfelder: - Test Execution","Lotte Morales","Tests (correct)","2804972","5.5_004_DashboardProjectBase","VP 2026.3 July 4 Run","2805057","Failed","Lotte Morales",""
"2745581","[PERF] Vantagepoint:2026.3: Kleinfelder: Quarterly Release Performance Test","Vantagepoint","2745978","[PERF] Vantagepoint: 2026.3: Kleinfelder: - Test Execution","Lotte Morales","Tests (correct)","2804973","5.5_025_DashboardARDetailBase","VP 2026.3 July 4 Run","2805057","Failed","Lotte Morales",""
"2745581","[PERF] Vantagepoint:2026.3: Kleinfelder: Quarterly Release Performance Test","Vantagepoint","2745978","[PERF] Vantagepoint: 2026.3: Kleinfelder: - Test Execution","Lotte Morales","Tests (correct)","2804975","5.5_029_ResourceViewAddAssignment","VP 2026.3 July 4 Run","2805057","Failed","Lotte Morales",""
"2745581","[PERF] Vantagepoint:2026.3: Kleinfelder: Quarterly Release Performance Test","Vantagepoint","2745978","[PERF] Vantagepoint: 2026.3: Kleinfelder: - Test Execution","Lotte Morales","Tests (correct)","2804981","5.5_032_CreateProjectFromAnother","VP 2026.3 July 4 Run","2805057","Failed","Lotte Morales",""
"2745581","[PERF] Vantagepoint:2026.3: Kleinfelder: Quarterly Release Performance Test","Vantagepoint","2745978","[PERF] Vantagepoint: 2026.3: Kleinfelder: - Test Execution","Lotte Morales","Tests (correct)","2804988","5.5_014_RetrieveClientsOutstandingAR","VP 2026.3 July 4 Run","2805057","Failed","Lotte Morales",""
"2745581","[PERF] Vantagepoint:2026.3: Kleinfelder: Quarterly Release Performance Test","Vantagepoint","2745978","[PERF] Vantagepoint: 2026.3: Kleinfelder: - Test Execution","Lotte Morales","Tests (correct)","2804989","5.5_017_RetrieveVouchersActiveVendors","VP 2026.3 July 4 Run","2805057","Failed","Lotte Morales",""
"2745581","[PERF] Vantagepoint:2026.3: Kleinfelder: Quarterly Release Performance Test","Vantagepoint","2745978","[PERF] Vantagepoint: 2026.3: Kleinfelder: - Test Execution","Lotte Morales","Tests (correct)","2805000","5.5_056_RunProjectEarningsReportSummary","VP 2026.3 July 4 Run","2805057","Failed","Lotte Morales",""
"2745581","[PERF] Vantagepoint:2026.3: Kleinfelder: Quarterly Release Performance Test","Vantagepoint","2745978","[PERF] Vantagepoint: 2026.3: Kleinfelder: - Test Execution","Lotte Morales","Tests (correct)","2805005","5.5_006_RunAccountsReceivableReport","VP 2026.3 July 4 Run","2805057","Failed","Lotte Morales",""
"2745581","[PERF] Vantagepoint:2026.3: Kleinfelder: Quarterly Release Performance Test","Vantagepoint","2745978","[PERF] Vantagepoint: 2026.3: Kleinfelder: - Test Execution","Lotte Morales","Tests (correct)","2805007","5.5_008_RunResourcePlanningReport","VP 2026.3 July 4 Run","2805057","Failed","Lotte Morales",""
"2745581","[PERF] Vantagepoint:2026.3: Kleinfelder: Quarterly Release Performance Test","Vantagepoint","2745978","[PERF] Vantagepoint: 2026.3: Kleinfelder: - Test Execution","Lotte Morales","Tests (correct)","2805028","6.5_063_ProjectRequestApprovalProcessingCenter","VP 2026.3 July 4 Run","2805057","Failed","Lotte Morales",""
"2745581","[PERF] Vantagepoint:2026.3: Kleinfelder: Quarterly Release Performance Test","Vantagepoint","2745978","[PERF] Vantagepoint: 2026.3: Kleinfelder: - Test Execution","Lotte Morales","Tests (correct)","2805031","6.5_059_GeneralLedgerGroups","VP 2026.3 July 4 Run","2805057","Failed","Lotte Morales",""
"2745581","[PERF] Vantagepoint:2026.3: Kleinfelder: Quarterly Release Performance Test","Vantagepoint","2745978","[PERF] Vantagepoint: 2026.3: Kleinfelder: - Test Execution","Lotte Morales","Tests (correct)","2805035","7.1_069_ProjectEarningsReportBiller","VP 2026.3 July 4 Run","2805057","Failed","Lotte Morales",""
"2745581","[PERF] Vantagepoint:2026.3: Kleinfelder: Quarterly Release Performance Test","Vantagepoint","2745978","[PERF] Vantagepoint: 2026.3: Kleinfelder: - Test Execution","Lotte Morales","Tests (correct)","2805039","7.2_073_CollectionsForecastWeekly","VP 2026.3 July 4 Run","2805057","Failed","Lotte Morales",""
"2745581","[PERF] Vantagepoint:2026.3: Kleinfelder: Quarterly Release Performance Test","Vantagepoint","2745978","[PERF] Vantagepoint: 2026.3: Kleinfelder: - Test Execution","Lotte Morales","Tests (correct)","2805042","2025.1_075_DocumentManagementUnder300Records","VP 2026.3 July 4 Run","2805057","Failed","Lotte Morales",""
"2745581","[PERF] Vantagepoint:2026.3: Kleinfelder: Quarterly Release Performance Test","Vantagepoint","2745978","[PERF] Vantagepoint: 2026.3: Kleinfelder: - Test Execution","Lotte Morales","Tests (correct)","2805043","2025.1_076_DocumentManagement300To600Records","VP 2026.3 July 4 Run","2805057","Failed","Lotte Morales",""
"2745581","[PERF] Vantagepoint:2026.3: Kleinfelder: Quarterly Release Performance Test","Vantagepoint","2745978","[PERF] Vantagepoint: 2026.3: Kleinfelder: - Test Execution","Lotte Morales","Tests (correct)","2805044","2025.1_077_DocumentManagementOver600Records","VP 2026.3 July 4 Run","2805057","Failed","Lotte Morales",""
"2745581","[PERF] Vantagepoint:2026.3: Kleinfelder: Quarterly Release Performance Test","Vantagepoint","2745978","[PERF] Vantagepoint: 2026.3: Kleinfelder: - Test Execution","Lotte Morales","Tests (correct)","2805046","2025.3_079_BillingTermsListView","VP 2026.3 July 4 Run","2805057","Failed","Lotte Morales",""
"2745581","[PERF] Vantagepoint:2026.3: Kleinfelder: Quarterly Release Performance Test","Vantagepoint","2745978","[PERF] Vantagepoint: 2026.3: Kleinfelder: - Test Execution","Lotte Morales","Tests (correct)","2804969","5.5_026_CreateExpenseReport","VP 2026.3 July 11 Run","2805058","Failed","Lotte Morales",""
"2745581","[PERF] Vantagepoint:2026.3: Kleinfelder: Quarterly Release Performance Test","Vantagepoint","2745978","[PERF] Vantagepoint: 2026.3: Kleinfelder: - Test Execution","Lotte Morales","Tests (correct)","2804972","5.5_004_DashboardProjectBase","VP 2026.3 July 11 Run","2805058","Failed","Lotte Morales",""
"2745581","[PERF] Vantagepoint:2026.3: Kleinfelder: Quarterly Release Performance Test","Vantagepoint","2745978","[PERF] Vantagepoint: 2026.3: Kleinfelder: - Test Execution","Lotte Morales","Tests (correct)","2804973","5.5_025_DashboardARDetailBase","VP 2026.3 July 11 Run","2805058","Failed","Lotte Morales",""
"2745581","[PERF] Vantagepoint:2026.3: Kleinfelder: Quarterly Release Performance Test","Vantagepoint","2745978","[PERF] Vantagepoint: 2026.3: Kleinfelder: - Test Execution","Lotte Morales","Tests (correct)","2805000","5.5_056_RunProjectEarningsReportSummary","VP 2026.3 July 11 Run","2805058","Failed","Lotte Morales",""
"2745581","[PERF] Vantagepoint:2026.3: Kleinfelder: Quarterly Release Performance Test","Vantagepoint","2745978","[PERF] Vantagepoint: 2026.3: Kleinfelder: - Test Execution","Lotte Morales","Tests (correct)","2805005","5.5_006_RunAccountsReceivableReport","VP 2026.3 July 11 Run","2805058","Failed","Lotte Morales",""
"2745581","[PERF] Vantagepoint:2026.3: Kleinfelder: Quarterly Release Performance Test","Vantagepoint","2745978","[PERF] Vantagepoint: 2026.3: Kleinfelder: - Test Execution","Lotte Morales","Tests (correct)","2805007","5.5_008_RunResourcePlanningReport","VP 2026.3 July 11 Run","2805058","Failed","Lotte Morales",""
"2745581","[PERF] Vantagepoint:2026.3: Kleinfelder: Quarterly Release Performance Test","Vantagepoint","2745978","[PERF] Vantagepoint: 2026.3: Kleinfelder: - Test Execution","Lotte Morales","Tests (correct)","2805018","6.0_055_AcceptQuantityPurchaseOrderLineItems","VP 2026.3 July 11 Run","2805058","Failed","Lotte Morales",""
"2745581","[PERF] Vantagepoint:2026.3: Kleinfelder: Quarterly Release Performance Test","Vantagepoint","2745978","[PERF] Vantagepoint: 2026.3: Kleinfelder: - Test Execution","Lotte Morales","Tests (correct)","2805024","6.5_058_DocumentDeliveryChannels","VP 2026.3 July 11 Run","2805058","Failed","Lotte Morales",""
"2745581","[PERF] Vantagepoint:2026.3: Kleinfelder: Quarterly Release Performance Test","Vantagepoint","2745978","[PERF] Vantagepoint: 2026.3: Kleinfelder: - Test Execution","Lotte Morales","Tests (correct)","2805025","6.5_060_VoidedInvoiceBiller","VP 2026.3 July 11 Run","2805058","Failed","Lotte Morales",""
"2745581","[PERF] Vantagepoint:2026.3: Kleinfelder: Quarterly Release Performance Test","Vantagepoint","2745978","[PERF] Vantagepoint: 2026.3: Kleinfelder: - Test Execution","Lotte Morales","Tests (correct)","2805028","6.5_063_ProjectRequestApprovalProcessingCenter","VP 2026.3 July 11 Run","2805058","Failed","Lotte Morales",""
"2745581","[PERF] Vantagepoint:2026.3: Kleinfelder: Quarterly Release Performance Test","Vantagepoint","2745978","[PERF] Vantagepoint: 2026.3: Kleinfelder: - Test Execution","Lotte Morales","Tests (correct)","2805031","6.5_059_GeneralLedgerGroups","VP 2026.3 July 11 Run","2805058","Failed","Lotte Morales",""
"2745581","[PERF] Vantagepoint:2026.3: Kleinfelder: Quarterly Release Performance Test","Vantagepoint","2745978","[PERF] Vantagepoint: 2026.3: Kleinfelder: - Test Execution","Lotte Morales","Tests (correct)","2805035","7.1_069_ProjectEarningsReportBiller","VP 2026.3 July 11 Run","2805058","Failed","Lotte Morales",""
"2745581","[PERF] Vantagepoint:2026.3: Kleinfelder: Quarterly Release Performance Test","Vantagepoint","2745978","[PERF] Vantagepoint: 2026.3: Kleinfelder: - Test Execution","Lotte Morales","Tests (correct)","2805042","2025.1_075_DocumentManagementUnder300Records","VP 2026.3 July 11 Run","2805058","Failed","Lotte Morales",""
"2745581","[PERF] Vantagepoint:2026.3: Kleinfelder: Quarterly Release Performance Test","Vantagepoint","2745978","[PERF] Vantagepoint: 2026.3: Kleinfelder: - Test Execution","Lotte Morales","Tests (correct)","2805043","2025.1_076_DocumentManagement300To600Records","VP 2026.3 July 11 Run","2805058","Failed","Lotte Morales",""
"2745581","[PERF] Vantagepoint:2026.3: Kleinfelder: Quarterly Release Performance Test","Vantagepoint","2745978","[PERF] Vantagepoint: 2026.3: Kleinfelder: - Test Execution","Lotte Morales","Tests (correct)","2805044","2025.1_077_DocumentManagementOver600Records","VP 2026.3 July 11 Run","2805058","Failed","Lotte Morales",""
"2745581","[PERF] Vantagepoint:2026.3: Kleinfelder: Quarterly Release Performance Test","Vantagepoint","2745978","[PERF] Vantagepoint: 2026.3: Kleinfelder: - Test Execution","Lotte Morales","Tests (correct)","2805046","2025.3_079_BillingTermsListView","VP 2026.3 July 11 Run","2805058","Failed","Lotte Morales",""
"2745581","[PERF] Vantagepoint:2026.3: Kleinfelder: Quarterly Release Performance Test","Vantagepoint","2745978","[PERF] Vantagepoint: 2026.3: Kleinfelder: - Test Execution","Lotte Morales","Tests (correct)","2804967","5.5_047_UpdateTimesheetHoursUnits","VP 2026.3 July 18 Run","2823378","Failed","Lotte Morales",""
"2745581","[PERF] Vantagepoint:2026.3: Kleinfelder: Quarterly Release Performance Test","Vantagepoint","2745978","[PERF] Vantagepoint: 2026.3: Kleinfelder: - Test Execution","Lotte Morales","Tests (correct)","2804971","5.5_024_DashboardAccountDetailBase","VP 2026.3 July 18 Run","2823378","Failed","Lotte Morales",""
"2745581","[PERF] Vantagepoint:2026.3: Kleinfelder: Quarterly Release Performance Test","Vantagepoint","2745978","[PERF] Vantagepoint: 2026.3: Kleinfelder: - Test Execution","Lotte Morales","Tests (correct)","2804972","5.5_004_DashboardProjectBase","VP 2026.3 July 18 Run","2823378","Failed","Lotte Morales",""
"2745581","[PERF] Vantagepoint:2026.3: Kleinfelder: Quarterly Release Performance Test","Vantagepoint","2745978","[PERF] Vantagepoint: 2026.3: Kleinfelder: - Test Execution","Lotte Morales","Tests (correct)","2804973","5.5_025_DashboardARDetailBase","VP 2026.3 July 18 Run","2823378","Failed","Lotte Morales",""
"2745581","[PERF] Vantagepoint:2026.3: Kleinfelder: Quarterly Release Performance Test","Vantagepoint","2745978","[PERF] Vantagepoint: 2026.3: Kleinfelder: - Test Execution","Lotte Morales","Tests (correct)","2804995","5.5_048_CreateCashReceiptTransactions","VP 2026.3 July 18 Run","2823378","Failed","Lotte Morales",""
"2745581","[PERF] Vantagepoint:2026.3: Kleinfelder: Quarterly Release Performance Test","Vantagepoint","2745978","[PERF] Vantagepoint: 2026.3: Kleinfelder: - Test Execution","Lotte Morales","Tests (correct)","2805000","5.5_056_RunProjectEarningsReportSummary","VP 2026.3 July 18 Run","2823378","Failed","Lotte Morales",""
"2745581","[PERF] Vantagepoint:2026.3: Kleinfelder: Quarterly Release Performance Test","Vantagepoint","2745978","[PERF] Vantagepoint: 2026.3: Kleinfelder: - Test Execution","Lotte Morales","Tests (correct)","2805005","5.5_006_RunAccountsReceivableReport","VP 2026.3 July 18 Run","2823378","Failed","Lotte Morales",""
"2745581","[PERF] Vantagepoint:2026.3: Kleinfelder: Quarterly Release Performance Test","Vantagepoint","2745978","[PERF] Vantagepoint: 2026.3: Kleinfelder: - Test Execution","Lotte Morales","Tests (correct)","2805007","5.5_008_RunResourcePlanningReport","VP 2026.3 July 18 Run","2823378","Failed","Lotte Morales",""
"2745581","[PERF] Vantagepoint:2026.3: Kleinfelder: Quarterly Release Performance Test","Vantagepoint","2745978","[PERF] Vantagepoint: 2026.3: Kleinfelder: - Test Execution","Lotte Morales","Tests (correct)","2805019","6.0_051_ItemReviewLoadAllItems","VP 2026.3 July 18 Run","2823378","Failed","Lotte Morales",""
"2745581","[PERF] Vantagepoint:2026.3: Kleinfelder: Quarterly Release Performance Test","Vantagepoint","2745978","[PERF] Vantagepoint: 2026.3: Kleinfelder: - Test Execution","Lotte Morales","Tests (correct)","2805024","6.5_058_DocumentDeliveryChannels","VP 2026.3 July 18 Run","2823378","Failed","Lotte Morales",""
"2745581","[PERF] Vantagepoint:2026.3: Kleinfelder: Quarterly Release Performance Test","Vantagepoint","2745978","[PERF] Vantagepoint: 2026.3: Kleinfelder: - Test Execution","Lotte Morales","Tests (correct)","2805026","6.5_061_TimesheetFrequencyCostStructure","VP 2026.3 July 18 Run","2823378","Failed","Lotte Morales",""
"2745581","[PERF] Vantagepoint:2026.3: Kleinfelder: Quarterly Release Performance Test","Vantagepoint","2745978","[PERF] Vantagepoint: 2026.3: Kleinfelder: - Test Execution","Lotte Morales","Tests (correct)","2805028","6.5_063_ProjectRequestApprovalProcessingCenter","VP 2026.3 July 18 Run","2823378","Failed","Lotte Morales",""
"2745581","[PERF] Vantagepoint:2026.3: Kleinfelder: Quarterly Release Performance Test","Vantagepoint","2745978","[PERF] Vantagepoint: 2026.3: Kleinfelder: - Test Execution","Lotte Morales","Tests (correct)","2805038","7.2_072_CollectionsForecastMonthly","VP 2026.3 July 18 Run","2823378","Failed","Lotte Morales",""
"2745581","[PERF] Vantagepoint:2026.3: Kleinfelder: Quarterly Release Performance Test","Vantagepoint","2745978","[PERF] Vantagepoint: 2026.3: Kleinfelder: - Test Execution","Lotte Morales","Tests (correct)","2805042","2025.1_075_DocumentManagementUnder300Records","VP 2026.3 July 18 Run","2823378","Failed","Lotte Morales",""
"2745581","[PERF] Vantagepoint:2026.3: Kleinfelder: Quarterly Release Performance Test","Vantagepoint","2745978","[PERF] Vantagepoint: 2026.3: Kleinfelder: - Test Execution","Lotte Morales","Tests (correct)","2805043","2025.1_076_DocumentManagement300To600Records","VP 2026.3 July 18 Run","2823378","Failed","Lotte Morales",""
"2745581","[PERF] Vantagepoint:2026.3: Kleinfelder: Quarterly Release Performance Test","Vantagepoint","2745978","[PERF] Vantagepoint: 2026.3: Kleinfelder: - Test Execution","Lotte Morales","Tests (correct)","2805044","2025.1_077_DocumentManagementOver600Records","VP 2026.3 July 18 Run","2823378","Failed","Lotte Morales",""
"2745581","[PERF] Vantagepoint:2026.3: Kleinfelder: Quarterly Release Performance Test","Vantagepoint","2745978","[PERF] Vantagepoint: 2026.3: Kleinfelder: - Test Execution","Lotte Morales","Tests (correct)","2805046","2025.3_079_BillingTermsListView","VP 2026.3 July 18 Run","2823378","Failed","Lotte Morales",""
"2745581","[PERF] Vantagepoint:2026.3: Kleinfelder: Quarterly Release Performance Test","Vantagepoint","2745978","[PERF] Vantagepoint: 2026.3: Kleinfelder: - Test Execution","Lotte Morales","Tests (correct)","2776949","5.5_034_CreatePurchaseOrderSubmit","VP 2026.3 July 25 Run","2825051","Failed","Lotte Morales",""
"2745581","[PERF] Vantagepoint:2026.3: Kleinfelder: Quarterly Release Performance Test","Vantagepoint","2745978","[PERF] Vantagepoint: 2026.3: Kleinfelder: - Test Execution","Lotte Morales","Tests (correct)","2804969","5.5_026_CreateExpenseReport","VP 2026.3 July 25 Run","2825051","Failed","Lotte Morales",""
"2745581","[PERF] Vantagepoint:2026.3: Kleinfelder: Quarterly Release Performance Test","Vantagepoint","2745978","[PERF] Vantagepoint: 2026.3: Kleinfelder: - Test Execution","Lotte Morales","Tests (correct)","2804972","5.5_004_DashboardProjectBase","VP 2026.3 July 25 Run","2825051","Failed","Lotte Morales",""
"2745581","[PERF] Vantagepoint:2026.3: Kleinfelder: Quarterly Release Performance Test","Vantagepoint","2745978","[PERF] Vantagepoint: 2026.3: Kleinfelder: - Test Execution","Lotte Morales","Tests (correct)","2804973","5.5_025_DashboardARDetailBase","VP 2026.3 July 25 Run","2825051","Failed","Lotte Morales",""
"2745581","[PERF] Vantagepoint:2026.3: Kleinfelder: Quarterly Release Performance Test","Vantagepoint","2745978","[PERF] Vantagepoint: 2026.3: Kleinfelder: - Test Execution","Lotte Morales","Tests (correct)","2804975","5.5_029_ResourceViewAddAssignment","VP 2026.3 July 25 Run","2825051","Failed","Lotte Morales",""
"2745581","[PERF] Vantagepoint:2026.3: Kleinfelder: Quarterly Release Performance Test","Vantagepoint","2745978","[PERF] Vantagepoint: 2026.3: Kleinfelder: - Test Execution","Lotte Morales","Tests (correct)","2804976","5.5_039_ResourceViewApplyProjectFilter","VP 2026.3 July 25 Run","2825051","Failed","Lotte Morales",""
"2745581","[PERF] Vantagepoint:2026.3: Kleinfelder: Quarterly Release Performance Test","Vantagepoint","2745978","[PERF] Vantagepoint: 2026.3: Kleinfelder: - Test Execution","Lotte Morales","Tests (correct)","2804981","5.5_032_CreateProjectFromAnother","VP 2026.3 July 25 Run","2825051","Failed","Lotte Morales",""
"2745581","[PERF] Vantagepoint:2026.3: Kleinfelder: Quarterly Release Performance Test","Vantagepoint","2745978","[PERF] Vantagepoint: 2026.3: Kleinfelder: - Test Execution","Lotte Morales","Tests (correct)","2804996","5.5_034_CreatePurchaseOrderSubmit","VP 2026.3 July 25 Run","2825051","Failed","Lotte Morales",""
"2745581","[PERF] Vantagepoint:2026.3: Kleinfelder: Quarterly Release Performance Test","Vantagepoint","2745978","[PERF] Vantagepoint: 2026.3: Kleinfelder: - Test Execution","Lotte Morales","Tests (correct)","2804997","5.5_035_CreateItemInPurchaseOrder","VP 2026.3 July 25 Run","2825051","Failed","Lotte Morales",""
"2745581","[PERF] Vantagepoint:2026.3: Kleinfelder: Quarterly Release Performance Test","Vantagepoint","2745978","[PERF] Vantagepoint: 2026.3: Kleinfelder: - Test Execution","Lotte Morales","Tests (correct)","2804999","5.5_028_RunProjectEarningsReport","VP 2026.3 July 25 Run","2825051","Failed","Lotte Morales",""
"2745581","[PERF] Vantagepoint:2026.3: Kleinfelder: Quarterly Release Performance Test","Vantagepoint","2745978","[PERF] Vantagepoint: 2026.3: Kleinfelder: - Test Execution","Lotte Morales","Tests (correct)","2805000","5.5_056_RunProjectEarningsReportSummary","VP 2026.3 July 25 Run","2825051","Failed","Lotte Morales",""
"2745581","[PERF] Vantagepoint:2026.3: Kleinfelder: Quarterly Release Performance Test","Vantagepoint","2745978","[PERF] Vantagepoint: 2026.3: Kleinfelder: - Test Execution","Lotte Morales","Tests (correct)","2805004","5.5_037_RunAccountsPayableReport","VP 2026.3 July 25 Run","2825051","Failed","Lotte Morales",""
"2745581","[PERF] Vantagepoint:2026.3: Kleinfelder: Quarterly Release Performance Test","Vantagepoint","2745978","[PERF] Vantagepoint: 2026.3: Kleinfelder: - Test Execution","Lotte Morales","Tests (correct)","2805005","5.5_006_RunAccountsReceivableReport","VP 2026.3 July 25 Run","2825051","Failed","Lotte Morales",""
"2745581","[PERF] Vantagepoint:2026.3: Kleinfelder: Quarterly Release Performance Test","Vantagepoint","2745978","[PERF] Vantagepoint: 2026.3: Kleinfelder: - Test Execution","Lotte Morales","Tests (correct)","2805006","5.5_030_RunBillingReport","VP 2026.3 July 25 Run","2825051","Failed","Lotte Morales",""
"2745581","[PERF] Vantagepoint:2026.3: Kleinfelder: Quarterly Release Performance Test","Vantagepoint","2745978","[PERF] Vantagepoint: 2026.3: Kleinfelder: - Test Execution","Lotte Morales","Tests (correct)","2805007","5.5_008_RunResourcePlanningReport","VP 2026.3 July 25 Run","2825051","Failed","Lotte Morales",""
"2745581","[PERF] Vantagepoint:2026.3: Kleinfelder: Quarterly Release Performance Test","Vantagepoint","2745978","[PERF] Vantagepoint: 2026.3: Kleinfelder: - Test Execution","Lotte Morales","Tests (correct)","2805008","5.5_031_CreatePayrollPaymentRunAll","VP 2026.3 July 25 Run","2825051","Failed","Lotte Morales",""
"2745581","[PERF] Vantagepoint:2026.3: Kleinfelder: Quarterly Release Performance Test","Vantagepoint","2745978","[PERF] Vantagepoint: 2026.3: Kleinfelder: - Test Execution","Lotte Morales","Tests (correct)","2805027","6.5_062_VoidedInvoiceProjectManager","VP 2026.3 July 25 Run","2825051","Failed","Lotte Morales",""
"2745581","[PERF] Vantagepoint:2026.3: Kleinfelder: Quarterly Release Performance Test","Vantagepoint","2745978","[PERF] Vantagepoint: 2026.3: Kleinfelder: - Test Execution","Lotte Morales","Tests (correct)","2805028","6.5_063_ProjectRequestApprovalProcessingCenter","VP 2026.3 July 25 Run","2825051","Failed","Lotte Morales",""
"2745581","[PERF] Vantagepoint:2026.3: Kleinfelder: Quarterly Release Performance Test","Vantagepoint","2745978","[PERF] Vantagepoint: 2026.3: Kleinfelder: - Test Execution","Lotte Morales","Tests (correct)","2805035","7.1_069_ProjectEarningsReportBiller","VP 2026.3 July 25 Run","2825051","Failed","Lotte Morales",""
"2745581","[PERF] Vantagepoint:2026.3: Kleinfelder: Quarterly Release Performance Test","Vantagepoint","2745978","[PERF] Vantagepoint: 2026.3: Kleinfelder: - Test Execution","Lotte Morales","Tests (correct)","2805038","7.2_072_CollectionsForecastMonthly","VP 2026.3 July 25 Run","2825051","Failed","Lotte Morales",""
"2745581","[PERF] Vantagepoint:2026.3: Kleinfelder: Quarterly Release Performance Test","Vantagepoint","2745978","[PERF] Vantagepoint: 2026.3: Kleinfelder: - Test Execution","Lotte Morales","Tests (correct)","2805042","2025.1_075_DocumentManagementUnder300Records","VP 2026.3 July 25 Run","2825051","Failed","Lotte Morales",""
"2745581","[PERF] Vantagepoint:2026.3: Kleinfelder: Quarterly Release Performance Test","Vantagepoint","2745978","[PERF] Vantagepoint: 2026.3: Kleinfelder: - Test Execution","Lotte Morales","Tests (correct)","2805043","2025.1_076_DocumentManagement300To600Records","VP 2026.3 July 25 Run","2825051","Failed","Lotte Morales",""
"2745581","[PERF] Vantagepoint:2026.3: Kleinfelder: Quarterly Release Performance Test","Vantagepoint","2745978","[PERF] Vantagepoint: 2026.3: Kleinfelder: - Test Execution","Lotte Morales","Tests (correct)","2805044","2025.1_077_DocumentManagementOver600Records","VP 2026.3 July 25 Run","2825051","Failed","Lotte Morales",""
"2745581","[PERF] Vantagepoint:2026.3: Kleinfelder: Quarterly Release Performance Test","Vantagepoint","2745978","[PERF] Vantagepoint: 2026.3: Kleinfelder: - Test Execution","Lotte Morales","Tests (correct)","2804969","5.5_026_CreateExpenseReport","VP 2026.3 August 1 Run","2831362","Failed","Lotte Morales",""
"2745581","[PERF] Vantagepoint:2026.3: Kleinfelder: Quarterly Release Performance Test","Vantagepoint","2745978","[PERF] Vantagepoint: 2026.3: Kleinfelder: - Test Execution","Lotte Morales","Tests (correct)","2804972","5.5_004_DashboardProjectBase","VP 2026.3 August 1 Run","2831362","Failed","Lotte Morales",""
"2745581","[PERF] Vantagepoint:2026.3: Kleinfelder: Quarterly Release Performance Test","Vantagepoint","2745978","[PERF] Vantagepoint: 2026.3: Kleinfelder: - Test Execution","Lotte Morales","Tests (correct)","2804973","5.5_025_DashboardARDetailBase","VP 2026.3 August 1 Run","2831362","Failed","Lotte Morales",""
"2745581","[PERF] Vantagepoint:2026.3: Kleinfelder: Quarterly Release Performance Test","Vantagepoint","2745978","[PERF] Vantagepoint: 2026.3: Kleinfelder: - Test Execution","Lotte Morales","Tests (correct)","2804980","5.5_021_AddingPhasesTasksEPSG","VP 2026.3 August 1 Run","2831362","Failed","Lotte Morales",""
"2745581","[PERF] Vantagepoint:2026.3: Kleinfelder: Quarterly Release Performance Test","Vantagepoint","2745978","[PERF] Vantagepoint: 2026.3: Kleinfelder: - Test Execution","Lotte Morales","Tests (correct)","2804991","5.5_012_CreateVendorPaymentRun","VP 2026.3 August 1 Run","2831362","Failed","Lotte Morales",""
"2745581","[PERF] Vantagepoint:2026.3: Kleinfelder: Quarterly Release Performance Test","Vantagepoint","2745978","[PERF] Vantagepoint: 2026.3: Kleinfelder: - Test Execution","Lotte Morales","Tests (correct)","2804999","5.5_028_RunProjectEarningsReport","VP 2026.3 August 1 Run","2831362","Failed","Lotte Morales",""
"2745581","[PERF] Vantagepoint:2026.3: Kleinfelder: Quarterly Release Performance Test","Vantagepoint","2745978","[PERF] Vantagepoint: 2026.3: Kleinfelder: - Test Execution","Lotte Morales","Tests (correct)","2805000","5.5_056_RunProjectEarningsReportSummary","VP 2026.3 August 1 Run","2831362","Failed","Lotte Morales",""
"2745581","[PERF] Vantagepoint:2026.3: Kleinfelder: Quarterly Release Performance Test","Vantagepoint","2745978","[PERF] Vantagepoint: 2026.3: Kleinfelder: - Test Execution","Lotte Morales","Tests (correct)","2805005","5.5_006_RunAccountsReceivableReport","VP 2026.3 August 1 Run","2831362","Failed","Lotte Morales",""
"2745581","[PERF] Vantagepoint:2026.3: Kleinfelder: Quarterly Release Performance Test","Vantagepoint","2745978","[PERF] Vantagepoint: 2026.3: Kleinfelder: - Test Execution","Lotte Morales","Tests (correct)","2805007","5.5_008_RunResourcePlanningReport","VP 2026.3 August 1 Run","2831362","Failed","Lotte Morales",""
"2745581","[PERF] Vantagepoint:2026.3: Kleinfelder: Quarterly Release Performance Test","Vantagepoint","2745978","[PERF] Vantagepoint: 2026.3: Kleinfelder: - Test Execution","Lotte Morales","Tests (correct)","2805019","6.0_051_ItemReviewLoadAllItems","VP 2026.3 August 1 Run","2831362","Failed","Lotte Morales",""
"2745581","[PERF] Vantagepoint:2026.3: Kleinfelder: Quarterly Release Performance Test","Vantagepoint","2745978","[PERF] Vantagepoint: 2026.3: Kleinfelder: - Test Execution","Lotte Morales","Tests (correct)","2805025","6.5_060_VoidedInvoiceBiller","VP 2026.3 August 1 Run","2831362","Failed","Lotte Morales",""
"2745581","[PERF] Vantagepoint:2026.3: Kleinfelder: Quarterly Release Performance Test","Vantagepoint","2745978","[PERF] Vantagepoint: 2026.3: Kleinfelder: - Test Execution","Lotte Morales","Tests (correct)","2805028","6.5_063_ProjectRequestApprovalProcessingCenter","VP 2026.3 August 1 Run","2831362","Failed","Lotte Morales",""
"2745581","[PERF] Vantagepoint:2026.3: Kleinfelder: Quarterly Release Performance Test","Vantagepoint","2745978","[PERF] Vantagepoint: 2026.3: Kleinfelder: - Test Execution","Lotte Morales","Tests (correct)","2805035","7.1_069_ProjectEarningsReportBiller","VP 2026.3 August 1 Run","2831362","Failed","Lotte Morales",""
"2745581","[PERF] Vantagepoint:2026.3: Kleinfelder: Quarterly Release Performance Test","Vantagepoint","2745978","[PERF] Vantagepoint: 2026.3: Kleinfelder: - Test Execution","Lotte Morales","Tests (correct)","2805038","7.2_072_CollectionsForecastMonthly","VP 2026.3 August 1 Run","2831362","Failed","Lotte Morales",""
"2745581","[PERF] Vantagepoint:2026.3: Kleinfelder: Quarterly Release Performance Test","Vantagepoint","2745978","[PERF] Vantagepoint: 2026.3: Kleinfelder: - Test Execution","Lotte Morales","Tests (correct)","2805042","2025.1_075_DocumentManagementUnder300Records","VP 2026.3 August 1 Run","2831362","Failed","Lotte Morales",""
"2745581","[PERF] Vantagepoint:2026.3: Kleinfelder: Quarterly Release Performance Test","Vantagepoint","2745978","[PERF] Vantagepoint: 2026.3: Kleinfelder: - Test Execution","Lotte Morales","Tests (correct)","2805043","2025.1_076_DocumentManagement300To600Records","VP 2026.3 August 1 Run","2831362","Failed","Lotte Morales",""
"2745581","[PERF] Vantagepoint:2026.3: Kleinfelder: Quarterly Release Performance Test","Vantagepoint","2745978","[PERF] Vantagepoint: 2026.3: Kleinfelder: - Test Execution","Lotte Morales","Tests (correct)","2805044","2025.1_077_DocumentManagementOver600Records","VP 2026.3 August 1 Run","2831362","Failed","Lotte Morales",""
"2745581","[PERF] Vantagepoint:2026.3: Kleinfelder: Quarterly Release Performance Test","Vantagepoint","2745978","[PERF] Vantagepoint: 2026.3: Kleinfelder: - Test Execution","Lotte Morales","Tests (correct)","2776949","5.5_034_CreatePurchaseOrderSubmit","VP 2026.3 August 8 Run","2838551","Failed","Lotte Morales",""
"2745581","[PERF] Vantagepoint:2026.3: Kleinfelder: Quarterly Release Performance Test","Vantagepoint","2745978","[PERF] Vantagepoint: 2026.3: Kleinfelder: - Test Execution","Lotte Morales","Tests (correct)","2776999","5.5_022_MultipleLoginsToTimesheets","VP 2026.3 August 8 Run","2838551","Failed","Lotte Morales",""
"2745581","[PERF] Vantagepoint:2026.3: Kleinfelder: Quarterly Release Performance Test","Vantagepoint","2745978","[PERF] Vantagepoint: 2026.3: Kleinfelder: - Test Execution","Lotte Morales","Tests (correct)","2804966","5.5_022_MultipleLoginsToTimesheets","VP 2026.3 August 8 Run","2838551","Failed","Lotte Morales",""
"2745581","[PERF] Vantagepoint:2026.3: Kleinfelder: Quarterly Release Performance Test","Vantagepoint","2745978","[PERF] Vantagepoint: 2026.3: Kleinfelder: - Test Execution","Lotte Morales","Tests (correct)","2804967","5.5_047_UpdateTimesheetHoursUnits","VP 2026.3 August 8 Run","2838551","Failed","Lotte Morales",""
"2745581","[PERF] Vantagepoint:2026.3: Kleinfelder: Quarterly Release Performance Test","Vantagepoint","2745978","[PERF] Vantagepoint: 2026.3: Kleinfelder: - Test Execution","Lotte Morales","Tests (correct)","2804968","5.5_005_UpdateSubmitTimesheets","VP 2026.3 August 8 Run","2838551","Failed","Lotte Morales",""
"2745581","[PERF] Vantagepoint:2026.3: Kleinfelder: Quarterly Release Performance Test","Vantagepoint","2745978","[PERF] Vantagepoint: 2026.3: Kleinfelder: - Test Execution","Lotte Morales","Tests (correct)","2804969","5.5_026_CreateExpenseReport","VP 2026.3 August 8 Run","2838551","Failed","Lotte Morales",""
"2745581","[PERF] Vantagepoint:2026.3: Kleinfelder: Quarterly Release Performance Test","Vantagepoint","2745978","[PERF] Vantagepoint: 2026.3: Kleinfelder: - Test Execution","Lotte Morales","Tests (correct)","2804970","5.5_023_ApprovalCenterTimesheetExpense","VP 2026.3 August 8 Run","2838551","Failed","Lotte Morales",""
"2745581","[PERF] Vantagepoint:2026.3: Kleinfelder: Quarterly Release Performance Test","Vantagepoint","2745978","[PERF] Vantagepoint: 2026.3: Kleinfelder: - Test Execution","Lotte Morales","Tests (correct)","2804971","5.5_024_DashboardAccountDetailBase","VP 2026.3 August 8 Run","2838551","Failed","Lotte Morales",""
"2745581","[PERF] Vantagepoint:2026.3: Kleinfelder: Quarterly Release Performance Test","Vantagepoint","2745978","[PERF] Vantagepoint: 2026.3: Kleinfelder: - Test Execution","Lotte Morales","Tests (correct)","2804972","5.5_004_DashboardProjectBase","VP 2026.3 August 8 Run","2838551","Failed","Lotte Morales",""
"2745581","[PERF] Vantagepoint:2026.3: Kleinfelder: Quarterly Release Performance Test","Vantagepoint","2745978","[PERF] Vantagepoint: 2026.3: Kleinfelder: - Test Execution","Lotte Morales","Tests (correct)","2804973","5.5_025_DashboardARDetailBase","VP 2026.3 August 8 Run","2838551","Failed","Lotte Morales",""
"2745581","[PERF] Vantagepoint:2026.3: Kleinfelder: Quarterly Release Performance Test","Vantagepoint","2745978","[PERF] Vantagepoint: 2026.3: Kleinfelder: - Test Execution","Lotte Morales","Tests (correct)","2804974","5.5_036_ProjectViewChangeScale","VP 2026.3 August 8 Run","2838551","Failed","Lotte Morales",""
"2745581","[PERF] Vantagepoint:2026.3: Kleinfelder: Quarterly Release Performance Test","Vantagepoint","2745978","[PERF] Vantagepoint: 2026.3: Kleinfelder: - Test Execution","Lotte Morales","Tests (correct)","2804975","5.5_029_ResourceViewAddAssignment","VP 2026.3 August 8 Run","2838551","Failed","Lotte Morales",""
"2745581","[PERF] Vantagepoint:2026.3: Kleinfelder: Quarterly Release Performance Test","Vantagepoint","2745978","[PERF] Vantagepoint: 2026.3: Kleinfelder: - Test Execution","Lotte Morales","Tests (correct)","2804976","5.5_039_ResourceViewApplyProjectFilter","VP 2026.3 August 8 Run","2838551","Failed","Lotte Morales",""
"2745581","[PERF] Vantagepoint:2026.3: Kleinfelder: Quarterly Release Performance Test","Vantagepoint","2745978","[PERF] Vantagepoint: 2026.3: Kleinfelder: - Test Execution","Lotte Morales","Tests (correct)","2804977","5.5_038_ReferenceNewEmployeeSearchFields","VP 2026.3 August 8 Run","2838551","Failed","Lotte Morales",""
"2745581","[PERF] Vantagepoint:2026.3: Kleinfelder: Quarterly Release Performance Test","Vantagepoint","2745978","[PERF] Vantagepoint: 2026.3: Kleinfelder: - Test Execution","Lotte Morales","Tests (correct)","2804978","5.5_044_ApplyNewEmployeeSearchFields","VP 2026.3 August 8 Run","2838551","Failed","Lotte Morales",""
"2745581","[PERF] Vantagepoint:2026.3: Kleinfelder: Quarterly Release Performance Test","Vantagepoint","2745978","[PERF] Vantagepoint: 2026.3: Kleinfelder: - Test Execution","Lotte Morales","Tests (correct)","2804979","5.5_020_ApplySavedSearchResourceView","VP 2026.3 August 8 Run","2838551","Failed","Lotte Morales",""
"2745581","[PERF] Vantagepoint:2026.3: Kleinfelder: Quarterly Release Performance Test","Vantagepoint","2745978","[PERF] Vantagepoint: 2026.3: Kleinfelder: - Test Execution","Lotte Morales","Tests (correct)","2804980","5.5_021_AddingPhasesTasksEPSG","VP 2026.3 August 8 Run","2838551","Failed","Lotte Morales",""
"2745581","[PERF] Vantagepoint:2026.3: Kleinfelder: Quarterly Release Performance Test","Vantagepoint","2745978","[PERF] Vantagepoint: 2026.3: Kleinfelder: - Test Execution","Lotte Morales","Tests (correct)","2804981","5.5_032_CreateProjectFromAnother","VP 2026.3 August 8 Run","2838551","Failed","Lotte Morales",""
"2745581","[PERF] Vantagepoint:2026.3: Kleinfelder: Quarterly Release Performance Test","Vantagepoint","2745978","[PERF] Vantagepoint: 2026.3: Kleinfelder: - Test Execution","Lotte Morales","Tests (correct)","2804982","5.5_002_ProjectSwitchListViewEdit","VP 2026.3 August 8 Run","2838551","Failed","Lotte Morales",""
"2745581","[PERF] Vantagepoint:2026.3: Kleinfelder: Quarterly Release Performance Test","Vantagepoint","2745978","[PERF] Vantagepoint: 2026.3: Kleinfelder: - Test Execution","Lotte Morales","Tests (correct)","2804983","5.5_016_CreateEmployee","VP 2026.3 August 8 Run","2838551","Failed","Lotte Morales",""
"2745581","[PERF] Vantagepoint:2026.3: Kleinfelder: Quarterly Release Performance Test","Vantagepoint","2745978","[PERF] Vantagepoint: 2026.3: Kleinfelder: - Test Execution","Lotte Morales","Tests (correct)","2804984","5.5_013_EmployeeSwitchListViewEdit","VP 2026.3 August 8 Run","2838551","Failed","Lotte Morales",""
"2745581","[PERF] Vantagepoint:2026.3: Kleinfelder: Quarterly Release Performance Test","Vantagepoint","2745978","[PERF] Vantagepoint: 2026.3: Kleinfelder: - Test Execution","Lotte Morales","Tests (correct)","2804985","5.5_003_CreateActivity","VP 2026.3 August 8 Run","2838551","Failed","Lotte Morales",""
"2745581","[PERF] Vantagepoint:2026.3: Kleinfelder: Quarterly Release Performance Test","Vantagepoint","2745978","[PERF] Vantagepoint: 2026.3: Kleinfelder: - Test Execution","Lotte Morales","Tests (correct)","2804986","5.5_015_ContactSwitchListViewEdit","VP 2026.3 August 8 Run","2838551","Failed","Lotte Morales",""
"2745581","[PERF] Vantagepoint:2026.3: Kleinfelder: Quarterly Release Performance Test","Vantagepoint","2745978","[PERF] Vantagepoint: 2026.3: Kleinfelder: - Test Execution","Lotte Morales","Tests (correct)","2804987","5.5_018_FirmSwitchListViewEdit","VP 2026.3 August 8 Run","2838551","Failed","Lotte Morales",""
"2745581","[PERF] Vantagepoint:2026.3: Kleinfelder: Quarterly Release Performance Test","Vantagepoint","2745978","[PERF] Vantagepoint: 2026.3: Kleinfelder: - Test Execution","Lotte Morales","Tests (correct)","2804988","5.5_014_RetrieveClientsOutstandingAR","VP 2026.3 August 8 Run","2838551","Failed","Lotte Morales",""
"2745581","[PERF] Vantagepoint:2026.3: Kleinfelder: Quarterly Release Performance Test","Vantagepoint","2745978","[PERF] Vantagepoint: 2026.3: Kleinfelder: - Test Execution","Lotte Morales","Tests (correct)","2804989","5.5_017_RetrieveVouchersActiveVendors","VP 2026.3 August 8 Run","2838551","Failed","Lotte Morales",""
"2745581","[PERF] Vantagepoint:2026.3: Kleinfelder: Quarterly Release Performance Test","Vantagepoint","2745978","[PERF] Vantagepoint: 2026.3: Kleinfelder: - Test Execution","Lotte Morales","Tests (correct)","2804990","5.5_049_CreateAPVoucherTransactions","VP 2026.3 August 8 Run","2838551","Failed","Lotte Morales",""
"2745581","[PERF] Vantagepoint:2026.3: Kleinfelder: Quarterly Release Performance Test","Vantagepoint","2745978","[PERF] Vantagepoint: 2026.3: Kleinfelder: - Test Execution","Lotte Morales","Tests (correct)","2804991","5.5_012_CreateVendorPaymentRun","VP 2026.3 August 8 Run","2838551","Failed","Lotte Morales",""
"2745581","[PERF] Vantagepoint:2026.3: Kleinfelder: Quarterly Release Performance Test","Vantagepoint","2745978","[PERF] Vantagepoint: 2026.3: Kleinfelder: - Test Execution","Lotte Morales","Tests (correct)","2804992","5.5_045_CreateEmployeePaymentRun","VP 2026.3 August 8 Run","2838551","Failed","Lotte Morales",""
"2745581","[PERF] Vantagepoint:2026.3: Kleinfelder: Quarterly Release Performance Test","Vantagepoint","2745978","[PERF] Vantagepoint: 2026.3: Kleinfelder: - Test Execution","Lotte Morales","Tests (correct)","2804993","5.5_057_RunBatchBilling","VP 2026.3 August 8 Run","2838551","Failed","Lotte Morales",""
"2745581","[PERF] Vantagepoint:2026.3: Kleinfelder: Quarterly Release Performance Test","Vantagepoint","2745978","[PERF] Vantagepoint: 2026.3: Kleinfelder: - Test Execution","Lotte Morales","Tests (correct)","2804994","5.5_011_PreviewInvoiceInteractiveBilling","VP 2026.3 August 8 Run","2838551","Failed","Lotte Morales",""
"2745581","[PERF] Vantagepoint:2026.3: Kleinfelder: Quarterly Release Performance Test","Vantagepoint","2745978","[PERF] Vantagepoint: 2026.3: Kleinfelder: - Test Execution","Lotte Morales","Tests (correct)","2804995","5.5_048_CreateCashReceiptTransactions","VP 2026.3 August 8 Run","2838551","Failed","Lotte Morales",""
"2745581","[PERF] Vantagepoint:2026.3: Kleinfelder: Quarterly Release Performance Test","Vantagepoint","2745978","[PERF] Vantagepoint: 2026.3: Kleinfelder: - Test Execution","Lotte Morales","Tests (correct)","2804996","5.5_034_CreatePurchaseOrderSubmit","VP 2026.3 August 8 Run","2838551","Failed","Lotte Morales",""
"2745581","[PERF] Vantagepoint:2026.3: Kleinfelder: Quarterly Release Performance Test","Vantagepoint","2745978","[PERF] Vantagepoint: 2026.3: Kleinfelder: - Test Execution","Lotte Morales","Tests (correct)","2804997","5.5_035_CreateItemInPurchaseOrder","VP 2026.3 August 8 Run","2838551","Failed","Lotte Morales",""
"2745581","[PERF] Vantagepoint:2026.3: Kleinfelder: Quarterly Release Performance Test","Vantagepoint","2745978","[PERF] Vantagepoint: 2026.3: Kleinfelder: - Test Execution","Lotte Morales","Tests (correct)","2804998","5.5_067_CreatePurchaseRequisitionSubmit","VP 2026.3 August 8 Run","2838551","Failed","Lotte Morales",""
"2745581","[PERF] Vantagepoint:2026.3: Kleinfelder: Quarterly Release Performance Test","Vantagepoint","2745978","[PERF] Vantagepoint: 2026.3: Kleinfelder: - Test Execution","Lotte Morales","Tests (correct)","2804999","5.5_028_RunProjectEarningsReport","VP 2026.3 August 8 Run","2838551","Failed","Lotte Morales",""
"2745581","[PERF] Vantagepoint:2026.3: Kleinfelder: Quarterly Release Performance Test","Vantagepoint","2745978","[PERF] Vantagepoint: 2026.3: Kleinfelder: - Test Execution","Lotte Morales","Tests (correct)","2805000","5.5_056_RunProjectEarningsReportSummary","VP 2026.3 August 8 Run","2838551","Failed","Lotte Morales",""
"2745581","[PERF] Vantagepoint:2026.3: Kleinfelder: Quarterly Release Performance Test","Vantagepoint","2745978","[PERF] Vantagepoint: 2026.3: Kleinfelder: - Test Execution","Lotte Morales","Tests (correct)","2805001","5.5_040_RunGeneralLedgerReport","VP 2026.3 August 8 Run","2838551","Failed","Lotte Morales",""
"2745581","[PERF] Vantagepoint:2026.3: Kleinfelder: Quarterly Release Performance Test","Vantagepoint","2745978","[PERF] Vantagepoint: 2026.3: Kleinfelder: - Test Execution","Lotte Morales","Tests (correct)","2805002","5.5_068_RunGeneralLedgerReportSummary","VP 2026.3 August 8 Run","2838551","Failed","Lotte Morales",""
"2745581","[PERF] Vantagepoint:2026.3: Kleinfelder: Quarterly Release Performance Test","Vantagepoint","2745978","[PERF] Vantagepoint: 2026.3: Kleinfelder: - Test Execution","Lotte Morales","Tests (correct)","2805003","5.5_027_RunAccountingReport","VP 2026.3 August 8 Run","2838551","Failed","Lotte Morales",""
"2745581","[PERF] Vantagepoint:2026.3: Kleinfelder: Quarterly Release Performance Test","Vantagepoint","2745978","[PERF] Vantagepoint: 2026.3: Kleinfelder: - Test Execution","Lotte Morales","Tests (correct)","2805004","5.5_037_RunAccountsPayableReport","VP 2026.3 August 8 Run","2838551","Failed","Lotte Morales",""
"2745581","[PERF] Vantagepoint:2026.3: Kleinfelder: Quarterly Release Performance Test","Vantagepoint","2745978","[PERF] Vantagepoint: 2026.3: Kleinfelder: - Test Execution","Lotte Morales","Tests (correct)","2805005","5.5_006_RunAccountsReceivableReport","VP 2026.3 August 8 Run","2838551","Failed","Lotte Morales",""
"2745581","[PERF] Vantagepoint:2026.3: Kleinfelder: Quarterly Release Performance Test","Vantagepoint","2745978","[PERF] Vantagepoint: 2026.3: Kleinfelder: - Test Execution","Lotte Morales","Tests (correct)","2805006","5.5_030_RunBillingReport","VP 2026.3 August 8 Run","2838551","Failed","Lotte Morales",""
"2745581","[PERF] Vantagepoint:2026.3: Kleinfelder: Quarterly Release Performance Test","Vantagepoint","2745978","[PERF] Vantagepoint: 2026.3: Kleinfelder: - Test Execution","Lotte Morales","Tests (correct)","2805007","5.5_008_RunResourcePlanningReport","VP 2026.3 August 8 Run","2838551","Failed","Lotte Morales",""
"2745581","[PERF] Vantagepoint:2026.3: Kleinfelder: Quarterly Release Performance Test","Vantagepoint","2745978","[PERF] Vantagepoint: 2026.3: Kleinfelder: - Test Execution","Lotte Morales","Tests (correct)","2805008","5.5_031_CreatePayrollPaymentRunAll","VP 2026.3 August 8 Run","2838551","Failed","Lotte Morales",""
"2745581","[PERF] Vantagepoint:2026.3: Kleinfelder: Quarterly Release Performance Test","Vantagepoint","2745978","[PERF] Vantagepoint: 2026.3: Kleinfelder: - Test Execution","Lotte Morales","Tests (correct)","2805009","5.5_009_RunRevenueGeneration","VP 2026.3 August 8 Run","2838551","Failed","Lotte Morales",""
"2745581","[PERF] Vantagepoint:2026.3: Kleinfelder: Quarterly Release Performance Test","Vantagepoint","2745978","[PERF] Vantagepoint: 2026.3: Kleinfelder: - Test Execution","Lotte Morales","Tests (correct)","2805010","5.5_007_RunOverheadAllocation","VP 2026.3 August 8 Run","2838551","Failed","Lotte Morales",""
"2745581","[PERF] Vantagepoint:2026.3: Kleinfelder: Quarterly Release Performance Test","Vantagepoint","2745978","[PERF] Vantagepoint: 2026.3: Kleinfelder: - Test Execution","Lotte Morales","Tests (correct)","2805011","5.5_019_CreateBillingTerms","VP 2026.3 August 8 Run","2838551","Failed","Lotte Morales",""
"2745581","[PERF] Vantagepoint:2026.3: Kleinfelder: Quarterly Release Performance Test","Vantagepoint","2745978","[PERF] Vantagepoint: 2026.3: Kleinfelder: - Test Execution","Lotte Morales","Tests (correct)","2805012","5.5_010_CreateBillingGroup","VP 2026.3 August 8 Run","2838551","Failed","Lotte Morales",""
"2745581","[PERF] Vantagepoint:2026.3: Kleinfelder: Quarterly Release Performance Test","Vantagepoint","2745978","[PERF] Vantagepoint: 2026.3: Kleinfelder: - Test Execution","Lotte Morales","Tests (correct)","2805013","5.5_033_CreateCustomProposalProjectLookup","VP 2026.3 August 8 Run","2838551","Failed","Lotte Morales",""
"2745581","[PERF] Vantagepoint:2026.3: Kleinfelder: Quarterly Release Performance Test","Vantagepoint","2745978","[PERF] Vantagepoint: 2026.3: Kleinfelder: - Test Execution","Lotte Morales","Tests (correct)","2805014","5.5_041_CreateRole","VP 2026.3 August 8 Run","2838551","Failed","Lotte Morales",""
"2745581","[PERF] Vantagepoint:2026.3: Kleinfelder: Quarterly Release Performance Test","Vantagepoint","2745978","[PERF] Vantagepoint: 2026.3: Kleinfelder: - Test Execution","Lotte Morales","Tests (correct)","2805015","5.5_042_LinkUserToRole","VP 2026.3 August 8 Run","2838551","Failed","Lotte Morales",""
"2745581","[PERF] Vantagepoint:2026.3: Kleinfelder: Quarterly Release Performance Test","Vantagepoint","2745978","[PERF] Vantagepoint: 2026.3: Kleinfelder: - Test Execution","Lotte Morales","Tests (correct)","2805016","5.5_043_CreateBillingLaborRateTable","VP 2026.3 August 8 Run","2838551","Failed","Lotte Morales",""
"2745581","[PERF] Vantagepoint:2026.3: Kleinfelder: Quarterly Release Performance Test","Vantagepoint","2745978","[PERF] Vantagepoint: 2026.3: Kleinfelder: - Test Execution","Lotte Morales","Tests (correct)","2805018","6.0_055_AcceptQuantityPurchaseOrderLineItems","VP 2026.3 August 8 Run","2838551","Failed","Lotte Morales",""
"2745581","[PERF] Vantagepoint:2026.3: Kleinfelder: Quarterly Release Performance Test","Vantagepoint","2745978","[PERF] Vantagepoint: 2026.3: Kleinfelder: - Test Execution","Lotte Morales","Tests (correct)","2805019","6.0_051_ItemReviewLoadAllItems","VP 2026.3 August 8 Run","2838551","Failed","Lotte Morales",""
"2745581","[PERF] Vantagepoint:2026.3: Kleinfelder: Quarterly Release Performance Test","Vantagepoint","2745978","[PERF] Vantagepoint: 2026.3: Kleinfelder: - Test Execution","Lotte Morales","Tests (correct)","2805020","6.0_053_UpdateProjectPlanTabs","VP 2026.3 August 8 Run","2838551","Failed","Lotte Morales",""
"2745581","[PERF] Vantagepoint:2026.3: Kleinfelder: Quarterly Release Performance Test","Vantagepoint","2745978","[PERF] Vantagepoint: 2026.3: Kleinfelder: - Test Execution","Lotte Morales","Tests (correct)","2805021","6.0_054_CreateProjectWithPreawardNumber","VP 2026.3 August 8 Run","2838551","Failed","Lotte Morales",""
"2745581","[PERF] Vantagepoint:2026.3: Kleinfelder: Quarterly Release Performance Test","Vantagepoint","2745978","[PERF] Vantagepoint: 2026.3: Kleinfelder: - Test Execution","Lotte Morales","Tests (correct)","2805022","6.0_052_CreateInvoiceTemplates","VP 2026.3 August 8 Run","2838551","Failed","Lotte Morales",""
"2745581","[PERF] Vantagepoint:2026.3: Kleinfelder: Quarterly Release Performance Test","Vantagepoint","2745978","[PERF] Vantagepoint: 2026.3: Kleinfelder: - Test Execution","Lotte Morales","Tests (correct)","2805023","6.0_050_CreatePersonalDashboards","VP 2026.3 August 8 Run","2838551","Failed","Lotte Morales",""
"2745581","[PERF] Vantagepoint:2026.3: Kleinfelder: Quarterly Release Performance Test","Vantagepoint","2745978","[PERF] Vantagepoint: 2026.3: Kleinfelder: - Test Execution","Lotte Morales","Tests (correct)","2805024","6.5_058_DocumentDeliveryChannels","VP 2026.3 August 8 Run","2838551","Failed","Lotte Morales",""
"2745581","[PERF] Vantagepoint:2026.3: Kleinfelder: Quarterly Release Performance Test","Vantagepoint","2745978","[PERF] Vantagepoint: 2026.3: Kleinfelder: - Test Execution","Lotte Morales","Tests (correct)","2805025","6.5_060_VoidedInvoiceBiller","VP 2026.3 August 8 Run","2838551","Failed","Lotte Morales",""
"2745581","[PERF] Vantagepoint:2026.3: Kleinfelder: Quarterly Release Performance Test","Vantagepoint","2745978","[PERF] Vantagepoint: 2026.3: Kleinfelder: - Test Execution","Lotte Morales","Tests (correct)","2805026","6.5_061_TimesheetFrequencyCostStructure","VP 2026.3 August 8 Run","2838551","Failed","Lotte Morales",""
"2745581","[PERF] Vantagepoint:2026.3: Kleinfelder: Quarterly Release Performance Test","Vantagepoint","2745978","[PERF] Vantagepoint: 2026.3: Kleinfelder: - Test Execution","Lotte Morales","Tests (correct)","2805027","6.5_062_VoidedInvoiceProjectManager","VP 2026.3 August 8 Run","2838551","Failed","Lotte Morales",""
"2745581","[PERF] Vantagepoint:2026.3: Kleinfelder: Quarterly Release Performance Test","Vantagepoint","2745978","[PERF] Vantagepoint: 2026.3: Kleinfelder: - Test Execution","Lotte Morales","Tests (correct)","2805028","6.5_063_ProjectRequestApprovalProcessingCenter","VP 2026.3 August 8 Run","2838551","Failed","Lotte Morales",""
"2745581","[PERF] Vantagepoint:2026.3: Kleinfelder: Quarterly Release Performance Test","Vantagepoint","2745978","[PERF] Vantagepoint: 2026.3: Kleinfelder: - Test Execution","Lotte Morales","Tests (correct)","2805029","6.5_065_NavigationBarMyHub","VP 2026.3 August 8 Run","2838551","Failed","Lotte Morales",""
"2745581","[PERF] Vantagepoint:2026.3: Kleinfelder: Quarterly Release Performance Test","Vantagepoint","2745978","[PERF] Vantagepoint: 2026.3: Kleinfelder: - Test Execution","Lotte Morales","Tests (correct)","2805030","6.5_066_EmployeeSearchReports","VP 2026.3 August 8 Run","2838551","Failed","Lotte Morales",""
"2745581","[PERF] Vantagepoint:2026.3: Kleinfelder: Quarterly Release Performance Test","Vantagepoint","2745978","[PERF] Vantagepoint: 2026.3: Kleinfelder: - Test Execution","Lotte Morales","Tests (correct)","2805031","6.5_059_GeneralLedgerGroups","VP 2026.3 August 8 Run","2838551","Failed","Lotte Morales",""
"2745581","[PERF] Vantagepoint:2026.3: Kleinfelder: Quarterly Release Performance Test","Vantagepoint","2745978","[PERF] Vantagepoint: 2026.3: Kleinfelder: - Test Execution","Lotte Morales","Tests (correct)","2805032","7.0_064_ProjectListViewExplicitSave","VP 2026.3 August 8 Run","2838551","Failed","Lotte Morales",""
"2745581","[PERF] Vantagepoint:2026.3: Kleinfelder: Quarterly Release Performance Test","Vantagepoint","2745978","[PERF] Vantagepoint: 2026.3: Kleinfelder: - Test Execution","Lotte Morales","Tests (correct)","2805033","7.0_046_RunOfficeEarningsReport","VP 2026.3 August 8 Run","2838551","Failed","Lotte Morales",""
"2745581","[PERF] Vantagepoint:2026.3: Kleinfelder: Quarterly Release Performance Test","Vantagepoint","2745978","[PERF] Vantagepoint: 2026.3: Kleinfelder: - Test Execution","Lotte Morales","Tests (correct)","2805035","7.1_069_ProjectEarningsReportBiller","VP 2026.3 August 8 Run","2838551","Failed","Lotte Morales",""
"2745581","[PERF] Vantagepoint:2026.3: Kleinfelder: Quarterly Release Performance Test","Vantagepoint","2745978","[PERF] Vantagepoint: 2026.3: Kleinfelder: - Test Execution","Lotte Morales","Tests (correct)","2805036","7.1_070_CreateMiscellaneousExpensesTransactions","VP 2026.3 August 8 Run","2838551","Failed","Lotte Morales",""
"2745581","[PERF] Vantagepoint:2026.3: Kleinfelder: Quarterly Release Performance Test","Vantagepoint","2745978","[PERF] Vantagepoint: 2026.3: Kleinfelder: - Test Execution","Lotte Morales","Tests (correct)","2805037","7.2_071_CollectionsForecastBaseline","VP 2026.3 August 8 Run","2838551","Failed","Lotte Morales",""
"2745581","[PERF] Vantagepoint:2026.3: Kleinfelder: Quarterly Release Performance Test","Vantagepoint","2745978","[PERF] Vantagepoint: 2026.3: Kleinfelder: - Test Execution","Lotte Morales","Tests (correct)","2805038","7.2_072_CollectionsForecastMonthly","VP 2026.3 August 8 Run","2838551","Failed","Lotte Morales",""
"2745581","[PERF] Vantagepoint:2026.3: Kleinfelder: Quarterly Release Performance Test","Vantagepoint","2745978","[PERF] Vantagepoint: 2026.3: Kleinfelder: - Test Execution","Lotte Morales","Tests (correct)","2805039","7.2_073_CollectionsForecastWeekly","VP 2026.3 August 8 Run","2838551","Failed","Lotte Morales",""
"2745581","[PERF] Vantagepoint:2026.3: Kleinfelder: Quarterly Release Performance Test","Vantagepoint","2745978","[PERF] Vantagepoint: 2026.3: Kleinfelder: - Test Execution","Lotte Morales","Tests (correct)","2805041","2025.1_074_CreateClarityDashpart","VP 2026.3 August 8 Run","2838551","Failed","Lotte Morales",""
"2745581","[PERF] Vantagepoint:2026.3: Kleinfelder: Quarterly Release Performance Test","Vantagepoint","2745978","[PERF] Vantagepoint: 2026.3: Kleinfelder: - Test Execution","Lotte Morales","Tests (correct)","2805042","2025.1_075_DocumentManagementUnder300Records","VP 2026.3 August 8 Run","2838551","Failed","Lotte Morales",""
"2745581","[PERF] Vantagepoint:2026.3: Kleinfelder: Quarterly Release Performance Test","Vantagepoint","2745978","[PERF] Vantagepoint: 2026.3: Kleinfelder: - Test Execution","Lotte Morales","Tests (correct)","2805043","2025.1_076_DocumentManagement300To600Records","VP 2026.3 August 8 Run","2838551","Failed","Lotte Morales",""
"2745581","[PERF] Vantagepoint:2026.3: Kleinfelder: Quarterly Release Performance Test","Vantagepoint","2745978","[PERF] Vantagepoint: 2026.3: Kleinfelder: - Test Execution","Lotte Morales","Tests (correct)","2805044","2025.1_077_DocumentManagementOver600Records","VP 2026.3 August 8 Run","2838551","Failed","Lotte Morales",""
"2745581","[PERF] Vantagepoint:2026.3: Kleinfelder: Quarterly Release Performance Test","Vantagepoint","2745978","[PERF] Vantagepoint: 2026.3: Kleinfelder: - Test Execution","Lotte Morales","Tests (correct)","2805045","2025.3_078_ProjectCrossHubSearching","VP 2026.3 August 8 Run","2838551","Failed","Lotte Morales",""
"2745581","[PERF] Vantagepoint:2026.3: Kleinfelder: Quarterly Release Performance Test","Vantagepoint","2745978","[PERF] Vantagepoint: 2026.3: Kleinfelder: - Test Execution","Lotte Morales","Tests (correct)","2805046","2025.3_079_BillingTermsListView","VP 2026.3 August 8 Run","2838551","Failed","Lotte Morales",""
"2745581","[PERF] Vantagepoint:2026.3: Kleinfelder: Quarterly Release Performance Test","Vantagepoint","2745978","[PERF] Vantagepoint: 2026.3: Kleinfelder: - Test Execution","Lotte Morales","Tests (correct)","2804972","5.5_004_DashboardProjectBase","VP 2026.3 August 11 SQL2025 Run","2850715","Failed","Lotte Morales",""
"2745581","[PERF] Vantagepoint:2026.3: Kleinfelder: Quarterly Release Performance Test","Vantagepoint","2745978","[PERF] Vantagepoint: 2026.3: Kleinfelder: - Test Execution","Lotte Morales","Tests (correct)","2804991","5.5_012_CreateVendorPaymentRun","VP 2026.3 August 11 SQL2025 Run","2850715","Failed","Lotte Morales",""
"2745581","[PERF] Vantagepoint:2026.3: Kleinfelder: Quarterly Release Performance Test","Vantagepoint","2745978","[PERF] Vantagepoint: 2026.3: Kleinfelder: - Test Execution","Lotte Morales","Tests (correct)","2804994","5.5_011_PreviewInvoiceInteractiveBilling","VP 2026.3 August 11 SQL2025 Run","2850715","Failed","Lotte Morales",""
"2745581","[PERF] Vantagepoint:2026.3: Kleinfelder: Quarterly Release Performance Test","Vantagepoint","2745978","[PERF] Vantagepoint: 2026.3: Kleinfelder: - Test Execution","Lotte Morales","Tests (correct)","2805005","5.5_006_RunAccountsReceivableReport","VP 2026.3 August 11 SQL2025 Run","2850715","Failed","Lotte Morales",""
"2745581","[PERF] Vantagepoint:2026.3: Kleinfelder: Quarterly Release Performance Test","Vantagepoint","2745978","[PERF] Vantagepoint: 2026.3: Kleinfelder: - Test Execution","Lotte Morales","Tests (correct)","2805007","5.5_008_RunResourcePlanningReport","VP 2026.3 August 11 SQL2025 Run","2850715","Failed","Lotte Morales",""
"2745581","[PERF] Vantagepoint:2026.3: Kleinfelder: Quarterly Release Performance Test","Vantagepoint","2745978","[PERF] Vantagepoint: 2026.3: Kleinfelder: - Test Execution","Lotte Morales","Tests (correct)","2805035","7.1_069_ProjectEarningsReportBiller","VP 2026.3 August 11 SQL2025 Run","2850715","Failed","Lotte Morales",""
"2745581","[PERF] Vantagepoint:2026.3: Kleinfelder: Quarterly Release Performance Test","Vantagepoint","2745978","[PERF] Vantagepoint: 2026.3: Kleinfelder: - Test Execution","Lotte Morales","Tests (correct)","2805037","7.2_071_CollectionsForecastBaseline","VP 2026.3 August 11 SQL2025 Run","2850715","Failed","Lotte Morales",""
"2745581","[PERF] Vantagepoint:2026.3: Kleinfelder: Quarterly Release Performance Test","Vantagepoint","2745978","[PERF] Vantagepoint: 2026.3: Kleinfelder: - Test Execution","Lotte Morales","Tests (correct)","2805038","7.2_072_CollectionsForecastMonthly","VP 2026.3 August 11 SQL2025 Run","2850715","Failed","Lotte Morales",""
"2745581","[PERF] Vantagepoint:2026.3: Kleinfelder: Quarterly Release Performance Test","Vantagepoint","2745978","[PERF] Vantagepoint: 2026.3: Kleinfelder: - Test Execution","Lotte Morales","Tests (correct)","2805039","7.2_073_CollectionsForecastWeekly","VP 2026.3 August 11 SQL2025 Run","2850715","Failed","Lotte Morales",""
"2745581","[PERF] Vantagepoint:2026.3: Kleinfelder: Quarterly Release Performance Test","Vantagepoint","2745978","[PERF] Vantagepoint: 2026.3: Kleinfelder: - Test Execution","Lotte Morales","Tests (correct)","2805042","2025.1_075_DocumentManagementUnder300Records","VP 2026.3 August 11 SQL2025 Run","2850715","Failed","Lotte Morales",""
"2745581","[PERF] Vantagepoint:2026.3: Kleinfelder: Quarterly Release Performance Test","Vantagepoint","2745978","[PERF] Vantagepoint: 2026.3: Kleinfelder: - Test Execution","Lotte Morales","Tests (correct)","2805043","2025.1_076_DocumentManagement300To600Records","VP 2026.3 August 11 SQL2025 Run","2850715","Failed","Lotte Morales",""
"2745581","[PERF] Vantagepoint:2026.3: Kleinfelder: Quarterly Release Performance Test","Vantagepoint","2745978","[PERF] Vantagepoint: 2026.3: Kleinfelder: - Test Execution","Lotte Morales","Tests (correct)","2805044","2025.1_077_DocumentManagementOver600Records","VP 2026.3 August 11 SQL2025 Run","2850715","Failed","Lotte Morales",""
"2745581","[PERF] Vantagepoint:2026.3: Kleinfelder: Quarterly Release Performance Test","Vantagepoint","2745978","[PERF] Vantagepoint: 2026.3: Kleinfelder: - Test Execution","Lotte Morales","Tests (correct)","2804969","5.5_026_CreateExpenseReport","VP 2026.3 August 12 SQL2025 Run","2850716","Failed","Lotte Morales",""
"2745581","[PERF] Vantagepoint:2026.3: Kleinfelder: Quarterly Release Performance Test","Vantagepoint","2745978","[PERF] Vantagepoint: 2026.3: Kleinfelder: - Test Execution","Lotte Morales","Tests (correct)","2804971","5.5_024_DashboardAccountDetailBase","VP 2026.3 August 12 SQL2025 Run","2850716","Failed","Lotte Morales",""
"2745581","[PERF] Vantagepoint:2026.3: Kleinfelder: Quarterly Release Performance Test","Vantagepoint","2745978","[PERF] Vantagepoint: 2026.3: Kleinfelder: - Test Execution","Lotte Morales","Tests (correct)","2804973","5.5_025_DashboardARDetailBase","VP 2026.3 August 12 SQL2025 Run","2850716","Failed","Lotte Morales",""
"2745581","[PERF] Vantagepoint:2026.3: Kleinfelder: Quarterly Release Performance Test","Vantagepoint","2745978","[PERF] Vantagepoint: 2026.3: Kleinfelder: - Test Execution","Lotte Morales","Tests (correct)","2804988","5.5_014_RetrieveClientsOutstandingAR","VP 2026.3 August 12 SQL2025 Run","2850716","Failed","Lotte Morales",""
"2745581","[PERF] Vantagepoint:2026.3: Kleinfelder: Quarterly Release Performance Test","Vantagepoint","2745978","[PERF] Vantagepoint: 2026.3: Kleinfelder: - Test Execution","Lotte Morales","Tests (correct)","2804999","5.5_028_RunProjectEarningsReport","VP 2026.3 August 12 SQL2025 Run","2850716","Failed","Lotte Morales",""
"2745581","[PERF] Vantagepoint:2026.3: Kleinfelder: Quarterly Release Performance Test","Vantagepoint","2745978","[PERF] Vantagepoint: 2026.3: Kleinfelder: - Test Execution","Lotte Morales","Tests (correct)","2805003","5.5_027_RunAccountingReport","VP 2026.3 August 12 SQL2025 Run","2850716","Failed","Lotte Morales",""
"2745581","[PERF] Vantagepoint:2026.3: Kleinfelder: Quarterly Release Performance Test","Vantagepoint","2745978","[PERF] Vantagepoint: 2026.3: Kleinfelder: - Test Execution","Lotte Morales","Tests (correct)","2776949","5.5_034_CreatePurchaseOrderSubmit","VP 2026.3 August 13 SQL2025 Run","2850717","Failed","Lotte Morales",""
"2745581","[PERF] Vantagepoint:2026.3: Kleinfelder: Quarterly Release Performance Test","Vantagepoint","2745978","[PERF] Vantagepoint: 2026.3: Kleinfelder: - Test Execution","Lotte Morales","Tests (correct)","2804992","5.5_045_CreateEmployeePaymentRun","VP 2026.3 August 13 SQL2025 Run","2850717","Failed","Lotte Morales",""
"2745581","[PERF] Vantagepoint:2026.3: Kleinfelder: Quarterly Release Performance Test","Vantagepoint","2745978","[PERF] Vantagepoint: 2026.3: Kleinfelder: - Test Execution","Lotte Morales","Tests (correct)","2804993","5.5_057_RunBatchBilling","VP 2026.3 August 13 SQL2025 Run","2850717","Failed","Lotte Morales",""
"2745581","[PERF] Vantagepoint:2026.3: Kleinfelder: Quarterly Release Performance Test","Vantagepoint","2745978","[PERF] Vantagepoint: 2026.3: Kleinfelder: - Test Execution","Lotte Morales","Tests (correct)","2804996","5.5_034_CreatePurchaseOrderSubmit","VP 2026.3 August 13 SQL2025 Run","2850717","Failed","Lotte Morales",""
"2745581","[PERF] Vantagepoint:2026.3: Kleinfelder: Quarterly Release Performance Test","Vantagepoint","2745978","[PERF] Vantagepoint: 2026.3: Kleinfelder: - Test Execution","Lotte Morales","Tests (correct)","2804997","5.5_035_CreateItemInPurchaseOrder","VP 2026.3 August 13 SQL2025 Run","2850717","Failed","Lotte Morales",""
"2745581","[PERF] Vantagepoint:2026.3: Kleinfelder: Quarterly Release Performance Test","Vantagepoint","2745978","[PERF] Vantagepoint: 2026.3: Kleinfelder: - Test Execution","Lotte Morales","Tests (correct)","2804998","5.5_067_CreatePurchaseRequisitionSubmit","VP 2026.3 August 13 SQL2025 Run","2850717","Failed","Lotte Morales",""
"2745581","[PERF] Vantagepoint:2026.3: Kleinfelder: Quarterly Release Performance Test","Vantagepoint","2745978","[PERF] Vantagepoint: 2026.3: Kleinfelder: - Test Execution","Lotte Morales","Tests (correct)","2805000","5.5_056_RunProjectEarningsReportSummary","VP 2026.3 August 13 SQL2025 Run","2850717","Failed","Lotte Morales",""
"2745581","[PERF] Vantagepoint:2026.3: Kleinfelder: Quarterly Release Performance Test","Vantagepoint","2745978","[PERF] Vantagepoint: 2026.3: Kleinfelder: - Test Execution","Lotte Morales","Tests (correct)","2805001","5.5_040_RunGeneralLedgerReport","VP 2026.3 August 13 SQL2025 Run","2850717","Failed","Lotte Morales",""
"2745581","[PERF] Vantagepoint:2026.3: Kleinfelder: Quarterly Release Performance Test","Vantagepoint","2745978","[PERF] Vantagepoint: 2026.3: Kleinfelder: - Test Execution","Lotte Morales","Tests (correct)","2805002","5.5_068_RunGeneralLedgerReportSummary","VP 2026.3 August 13 SQL2025 Run","2850717","Failed","Lotte Morales",""
"2745581","[PERF] Vantagepoint:2026.3: Kleinfelder: Quarterly Release Performance Test","Vantagepoint","2745978","[PERF] Vantagepoint: 2026.3: Kleinfelder: - Test Execution","Lotte Morales","Tests (correct)","2805004","5.5_037_RunAccountsPayableReport","VP 2026.3 August 13 SQL2025 Run","2850717","Failed","Lotte Morales",""
"2745581","[PERF] Vantagepoint:2026.3: Kleinfelder: Quarterly Release Performance Test","Vantagepoint","2745978","[PERF] Vantagepoint: 2026.3: Kleinfelder: - Test Execution","Lotte Morales","Tests (correct)","2805006","5.5_030_RunBillingReport","VP 2026.3 August 13 SQL2025 Run","2850717","Failed","Lotte Morales",""
"2745581","[PERF] Vantagepoint:2026.3: Kleinfelder: Quarterly Release Performance Test","Vantagepoint","2745978","[PERF] Vantagepoint: 2026.3: Kleinfelder: - Test Execution","Lotte Morales","Tests (correct)","2805008","5.5_031_CreatePayrollPaymentRunAll","VP 2026.3 August 13 SQL2025 Run","2850717","Failed","Lotte Morales",""
"2745581","[PERF] Vantagepoint:2026.3: Kleinfelder: Quarterly Release Performance Test","Vantagepoint","2745978","[PERF] Vantagepoint: 2026.3: Kleinfelder: - Test Execution","Lotte Morales","Tests (correct)","2805014","5.5_041_CreateRole","VP 2026.3 August 13 SQL2025 Run","2850717","Failed","Lotte Morales",""
"2745581","[PERF] Vantagepoint:2026.3: Kleinfelder: Quarterly Release Performance Test","Vantagepoint","2745978","[PERF] Vantagepoint: 2026.3: Kleinfelder: - Test Execution","Lotte Morales","Tests (correct)","2805015","5.5_042_LinkUserToRole","VP 2026.3 August 13 SQL2025 Run","2850717","Failed","Lotte Morales",""
"2745581","[PERF] Vantagepoint:2026.3: Kleinfelder: Quarterly Release Performance Test","Vantagepoint","2745978","[PERF] Vantagepoint: 2026.3: Kleinfelder: - Test Execution","Lotte Morales","Tests (correct)","2805028","6.5_063_ProjectRequestApprovalProcessingCenter","VP 2026.3 August 13 SQL2025 Run","2850717","Failed","Lotte Morales",""
"2745581","[PERF] Vantagepoint:2026.3: Kleinfelder: Quarterly Release Performance Test","Vantagepoint","2745978","[PERF] Vantagepoint: 2026.3: Kleinfelder: - Test Execution","Lotte Morales","Tests (correct)","2805033","7.0_046_RunOfficeEarningsReport","VP 2026.3 August 13 SQL2025 Run","2850717","Failed","Lotte Morales",""
"2748596","[PERF] Vantagepoint:2026.4: Englobe: Quarterly Release Performance Test","Vantagepoint","2750331","[PERF] Vantagepoint: 2026.4: Englobe: - Scripting","Lotte Morales","Tests (correct)","2870095","Englobe: Performance Validation: All Collapsed Above Synchronous Threshold","AllCollapsed_50Users","2872529","Failed","Lotte Morales",""
"2748596","[PERF] Vantagepoint:2026.4: Englobe: Quarterly Release Performance Test","Vantagepoint","2750331","[PERF] Vantagepoint: 2026.4: Englobe: - Scripting","Lotte Morales","Tests (correct)","2870095","Englobe: Performance Validation: All Collapsed Above Synchronous Threshold","AllCollapsed_AllExpanded_ExportAll_15Users","2873648","Failed","Lotte Morales",""
"2748596","[PERF] Vantagepoint:2026.4: Englobe: Quarterly Release Performance Test","Vantagepoint","2750331","[PERF] Vantagepoint: 2026.4: Englobe: - Scripting","Lotte Morales","Tests (correct)","2872519","Englobe: Performance Validation: All Expanded Above Synchronous Threshold","AllCollapsed_AllExpanded_ExportAll_15Users","2873648","Failed","Lotte Morales",""
"2748596","[PERF] Vantagepoint:2026.4: Englobe: Quarterly Release Performance Test","Vantagepoint","2750331","[PERF] Vantagepoint: 2026.4: Englobe: - Scripting","Lotte Morales","Tests (correct)","2872521","Englobe: Performance Validation: Export All Above Synchronous Threshold","AllCollapsed_AllExpanded_ExportAll_15Users","2873648","Failed","Lotte Morales",""
"2748596","[PERF] Vantagepoint:2026.4: Englobe: Quarterly Release Performance Test","Vantagepoint","2750332","[PERF] Vantagepoint: 2026.4: Englobe: - Test Execution","Lotte Morales","Tests (correct)","2824781","Englobe_03_RunProjectDetailReport","VP 2026.4 Englobe Standard Run September 1","2863279","Failed","Lotte Morales",""
"2748596","[PERF] Vantagepoint:2026.4: Englobe: Quarterly Release Performance Test","Vantagepoint","2750332","[PERF] Vantagepoint: 2026.4: Englobe: - Test Execution","Lotte Morales","Tests (correct)","2824783","Englobe_05_RunAccountsReceivableReport","VP 2026.4 Englobe Standard Run September 1","2863279","Failed","Lotte Morales",""
"2748596","[PERF] Vantagepoint:2026.4: Englobe: Quarterly Release Performance Test","Vantagepoint","2750332","[PERF] Vantagepoint: 2026.4: Englobe: - Test Execution","Lotte Morales","Tests (correct)","2824788","Englobe_08_CreateNewProject","VP 2026.4 Englobe Standard Run September 1","2863279","Failed","Lotte Morales",""
"2748596","[PERF] Vantagepoint:2026.4: Englobe: Quarterly Release Performance Test","Vantagepoint","2750332","[PERF] Vantagepoint: 2026.4: Englobe: - Test Execution","Lotte Morales","Tests (correct)","2824793","Englobe_17_SubmitApproveAndAcceptBillingInvoice","VP 2026.4 Englobe Standard Run September 1","2863279","Failed","Lotte Morales",""
"2748596","[PERF] Vantagepoint:2026.4: Englobe: Quarterly Release Performance Test","Vantagepoint","2750332","[PERF] Vantagepoint: 2026.4: Englobe: - Test Execution","Lotte Morales","Tests (correct)","2824795","Englobe_10_CreateSubmitApproveAPInvoiceApproval","VP 2026.4 Englobe Standard Run September 1","2863279","Failed","Lotte Morales",""
"2748596","[PERF] Vantagepoint:2026.4: Englobe: Quarterly Release Performance Test","Vantagepoint","2750332","[PERF] Vantagepoint: 2026.4: Englobe: - Test Execution","Lotte Morales","Tests (correct)","2824781","Englobe_03_RunProjectDetailReport","VP 2026.4 Englobe Standard Run September 3 Morning","2870011","Failed","Lotte Morales",""
"2748596","[PERF] Vantagepoint:2026.4: Englobe: Quarterly Release Performance Test","Vantagepoint","2750332","[PERF] Vantagepoint: 2026.4: Englobe: - Test Execution","Lotte Morales","Tests (correct)","2824783","Englobe_05_RunAccountsReceivableReport","VP 2026.4 Englobe Standard Run September 3 Morning","2870011","Failed","Lotte Morales",""
"2748596","[PERF] Vantagepoint:2026.4: Englobe: Quarterly Release Performance Test","Vantagepoint","2750332","[PERF] Vantagepoint: 2026.4: Englobe: - Test Execution","Lotte Morales","Tests (correct)","2824788","Englobe_08_CreateNewProject","VP 2026.4 Englobe Standard Run September 3 Morning","2870011","Failed","Lotte Morales",""
"2748596","[PERF] Vantagepoint:2026.4: Englobe: Quarterly Release Performance Test","Vantagepoint","2750332","[PERF] Vantagepoint: 2026.4: Englobe: - Test Execution","Lotte Morales","Tests (correct)","2824793","Englobe_17_SubmitApproveAndAcceptBillingInvoice","VP 2026.4 Englobe Standard Run September 3 Morning","2870011","Failed","Lotte Morales",""
"2748596","[PERF] Vantagepoint:2026.4: Englobe: Quarterly Release Performance Test","Vantagepoint","2750332","[PERF] Vantagepoint: 2026.4: Englobe: - Test Execution","Lotte Morales","Tests (correct)","2824795","Englobe_10_CreateSubmitApproveAPInvoiceApproval","VP 2026.4 Englobe Standard Run September 3 Morning","2870011","Failed","Lotte Morales",""
"2748596","[PERF] Vantagepoint:2026.4: Englobe: Quarterly Release Performance Test","Vantagepoint","2750332","[PERF] Vantagepoint: 2026.4: Englobe: - Test Execution","Lotte Morales","Tests (correct)","2824803","Englobe_50_RunPLReportByOC","VP 2026.4 Englobe Standard Run September 3 Morning","2870011","Failed","Lotte Morales",""
"2748596","[PERF] Vantagepoint:2026.4: Englobe: Quarterly Release Performance Test","Vantagepoint","2750332","[PERF] Vantagepoint: 2026.4: Englobe: - Test Execution","Lotte Morales","Tests (correct)","2824806","Englobe_53_UtilizationReportFinUtilizationDetail","VP 2026.4 Englobe Standard Run September 3 Morning","2870011","Failed","Lotte Morales",""
"2748596","[PERF] Vantagepoint:2026.4: Englobe: Quarterly Release Performance Test","Vantagepoint","2750332","[PERF] Vantagepoint: 2026.4: Englobe: - Test Execution","Lotte Morales","Tests (correct)","2824783","Englobe_05_RunAccountsReceivableReport","VP 2026.4 Englobe Standard Run September 3 Evening","2870012","Failed","Lotte Morales",""
"2748596","[PERF] Vantagepoint:2026.4: Englobe: Quarterly Release Performance Test","Vantagepoint","2750332","[PERF] Vantagepoint: 2026.4: Englobe: - Test Execution","Lotte Morales","Tests (correct)","2824788","Englobe_08_CreateNewProject","VP 2026.4 Englobe Standard Run September 3 Evening","2870012","Failed","Lotte Morales",""
"2748596","[PERF] Vantagepoint:2026.4: Englobe: Quarterly Release Performance Test","Vantagepoint","2750332","[PERF] Vantagepoint: 2026.4: Englobe: - Test Execution","Lotte Morales","Tests (correct)","2824793","Englobe_17_SubmitApproveAndAcceptBillingInvoice","VP 2026.4 Englobe Standard Run September 3 Evening","2870012","Failed","Lotte Morales",""
"2748596","[PERF] Vantagepoint:2026.4: Englobe: Quarterly Release Performance Test","Vantagepoint","2750332","[PERF] Vantagepoint: 2026.4: Englobe: - Test Execution","Lotte Morales","Tests (correct)","2824795","Englobe_10_CreateSubmitApproveAPInvoiceApproval","VP 2026.4 Englobe Standard Run September 3 Evening","2870012","Failed","Lotte Morales",""
"2748596","[PERF] Vantagepoint:2026.4: Englobe: Quarterly Release Performance Test","Vantagepoint","2750332","[PERF] Vantagepoint: 2026.4: Englobe: - Test Execution","Lotte Morales","Tests (correct)","2824781","Englobe_03_RunProjectDetailReport","VP 2026.4 Englobe Standard Run September 7 Morning","2870013","Failed","Lotte Morales",""
"2748596","[PERF] Vantagepoint:2026.4: Englobe: Quarterly Release Performance Test","Vantagepoint","2750332","[PERF] Vantagepoint: 2026.4: Englobe: - Test Execution","Lotte Morales","Tests (correct)","2824783","Englobe_05_RunAccountsReceivableReport","VP 2026.4 Englobe Standard Run September 7 Morning","2870013","Failed","Lotte Morales",""
"2748596","[PERF] Vantagepoint:2026.4: Englobe: Quarterly Release Performance Test","Vantagepoint","2750332","[PERF] Vantagepoint: 2026.4: Englobe: - Test Execution","Lotte Morales","Tests (correct)","2824788","Englobe_08_CreateNewProject","VP 2026.4 Englobe Standard Run September 7 Morning","2870013","Failed","Lotte Morales",""
"2748596","[PERF] Vantagepoint:2026.4: Englobe: Quarterly Release Performance Test","Vantagepoint","2750332","[PERF] Vantagepoint: 2026.4: Englobe: - Test Execution","Lotte Morales","Tests (correct)","2824794","Englobe_09_CreateSubmitApprovePurchaseOrder","VP 2026.4 Englobe Standard Run September 7 Morning","2870013","Failed","Lotte Morales",""
"2748596","[PERF] Vantagepoint:2026.4: Englobe: Quarterly Release Performance Test","Vantagepoint","2750332","[PERF] Vantagepoint: 2026.4: Englobe: - Test Execution","Lotte Morales","Tests (correct)","2824795","Englobe_10_CreateSubmitApproveAPInvoiceApproval","VP 2026.4 Englobe Standard Run September 7 Morning","2870013","Failed","Lotte Morales",""
"2748596","[PERF] Vantagepoint:2026.4: Englobe: Quarterly Release Performance Test","Vantagepoint","2750332","[PERF] Vantagepoint: 2026.4: Englobe: - Test Execution","Lotte Morales","Tests (correct)","2824803","Englobe_50_RunPLReportByOC","VP 2026.4 Englobe Standard Run September 7 Morning","2870013","Failed","Lotte Morales",""
"2748596","[PERF] Vantagepoint:2026.4: Englobe: Quarterly Release Performance Test","Vantagepoint","2750332","[PERF] Vantagepoint: 2026.4: Englobe: - Test Execution","Lotte Morales","Tests (correct)","2824804","Englobe_51_RunFinARAgedByBU","VP 2026.4 Englobe Standard Run September 7 Morning","2870013","Failed","Lotte Morales",""
"2748596","[PERF] Vantagepoint:2026.4: Englobe: Quarterly Release Performance Test","Vantagepoint","2750332","[PERF] Vantagepoint: 2026.4: Englobe: - Test Execution","Lotte Morales","Tests (correct)","2824806","Englobe_53_UtilizationReportFinUtilizationDetail","VP 2026.4 Englobe Standard Run September 7 Morning","2870013","Failed","Lotte Morales",""
"2748596","[PERF] Vantagepoint:2026.4: Englobe: Quarterly Release Performance Test","Vantagepoint","2750332","[PERF] Vantagepoint: 2026.4: Englobe: - Test Execution","Lotte Morales","Tests (correct)","2824783","Englobe_05_RunAccountsReceivableReport","VP 2026.4 Englobe Standard Run September 7 Evening","2870014","Failed","Lotte Morales",""
"2748596","[PERF] Vantagepoint:2026.4: Englobe: Quarterly Release Performance Test","Vantagepoint","2750332","[PERF] Vantagepoint: 2026.4: Englobe: - Test Execution","Lotte Morales","Tests (correct)","2824788","Englobe_08_CreateNewProject","VP 2026.4 Englobe Standard Run September 7 Evening","2870014","Failed","Lotte Morales",""
"2748596","[PERF] Vantagepoint:2026.4: Englobe: Quarterly Release Performance Test","Vantagepoint","2750332","[PERF] Vantagepoint: 2026.4: Englobe: - Test Execution","Lotte Morales","Tests (correct)","2824793","Englobe_17_SubmitApproveAndAcceptBillingInvoice","VP 2026.4 Englobe Standard Run September 7 Evening","2870014","Failed","Lotte Morales",""
"2748596","[PERF] Vantagepoint:2026.4: Englobe: Quarterly Release Performance Test","Vantagepoint","2750332","[PERF] Vantagepoint: 2026.4: Englobe: - Test Execution","Lotte Morales","Tests (correct)","2824795","Englobe_10_CreateSubmitApproveAPInvoiceApproval","VP 2026.4 Englobe Standard Run September 7 Evening","2870014","Failed","Lotte Morales",""
"2748596","[PERF] Vantagepoint:2026.4: Englobe: Quarterly Release Performance Test","Vantagepoint","2750332","[PERF] Vantagepoint: 2026.4: Englobe: - Test Execution","Lotte Morales","Tests (correct)","2824803","Englobe_50_RunPLReportByOC","VP 2026.4 Englobe Standard Run September 7 Evening","2870014","Failed","Lotte Morales",""
"2748596","[PERF] Vantagepoint:2026.4: Englobe: Quarterly Release Performance Test","Vantagepoint","2750332","[PERF] Vantagepoint: 2026.4: Englobe: - Test Execution","Lotte Morales","Tests (correct)","2824780","Englobe_02_RunProjectEarningsReportTeamLeads","VP 2026.4 Englobe Standard Run September 8 Morning","2870015","Failed","Lotte Morales",""
"2748596","[PERF] Vantagepoint:2026.4: Englobe: Quarterly Release Performance Test","Vantagepoint","2750332","[PERF] Vantagepoint: 2026.4: Englobe: - Test Execution","Lotte Morales","Tests (correct)","2824781","Englobe_03_RunProjectDetailReport","VP 2026.4 Englobe Standard Run September 8 Morning","2870015","Failed","Lotte Morales",""
"2748596","[PERF] Vantagepoint:2026.4: Englobe: Quarterly Release Performance Test","Vantagepoint","2750332","[PERF] Vantagepoint: 2026.4: Englobe: - Test Execution","Lotte Morales","Tests (correct)","2824782","Englobe_04_RunOfficeEarningsReport","VP 2026.4 Englobe Standard Run September 8 Morning","2870015","Failed","Lotte Morales",""
"2748596","[PERF] Vantagepoint:2026.4: Englobe: Quarterly Release Performance Test","Vantagepoint","2750332","[PERF] Vantagepoint: 2026.4: Englobe: - Test Execution","Lotte Morales","Tests (correct)","2824783","Englobe_05_RunAccountsReceivableReport","VP 2026.4 Englobe Standard Run September 8 Morning","2870015","Failed","Lotte Morales",""
"2748596","[PERF] Vantagepoint:2026.4: Englobe: Quarterly Release Performance Test","Vantagepoint","2750332","[PERF] Vantagepoint: 2026.4: Englobe: - Test Execution","Lotte Morales","Tests (correct)","2824788","Englobe_08_CreateNewProject","VP 2026.4 Englobe Standard Run September 8 Morning","2870015","Failed","Lotte Morales",""
"2748596","[PERF] Vantagepoint:2026.4: Englobe: Quarterly Release Performance Test","Vantagepoint","2750332","[PERF] Vantagepoint: 2026.4: Englobe: - Test Execution","Lotte Morales","Tests (correct)","2824792","Englobe_16_UpdateBillingStatusInteractiveBilling","VP 2026.4 Englobe Standard Run September 8 Morning","2870015","Failed","Lotte Morales",""
"2748596","[PERF] Vantagepoint:2026.4: Englobe: Quarterly Release Performance Test","Vantagepoint","2750332","[PERF] Vantagepoint: 2026.4: Englobe: - Test Execution","Lotte Morales","Tests (correct)","2824794","Englobe_09_CreateSubmitApprovePurchaseOrder","VP 2026.4 Englobe Standard Run September 8 Morning","2870015","Failed","Lotte Morales",""
"2748596","[PERF] Vantagepoint:2026.4: Englobe: Quarterly Release Performance Test","Vantagepoint","2750332","[PERF] Vantagepoint: 2026.4: Englobe: - Test Execution","Lotte Morales","Tests (correct)","2824795","Englobe_10_CreateSubmitApproveAPInvoiceApproval","VP 2026.4 Englobe Standard Run September 8 Morning","2870015","Failed","Lotte Morales",""
"2748596","[PERF] Vantagepoint:2026.4: Englobe: Quarterly Release Performance Test","Vantagepoint","2750332","[PERF] Vantagepoint: 2026.4: Englobe: - Test Execution","Lotte Morales","Tests (correct)","2824803","Englobe_50_RunPLReportByOC","VP 2026.4 Englobe Standard Run September 8 Morning","2870015","Failed","Lotte Morales",""
"2748596","[PERF] Vantagepoint:2026.4: Englobe: Quarterly Release Performance Test","Vantagepoint","2750332","[PERF] Vantagepoint: 2026.4: Englobe: - Test Execution","Lotte Morales","Tests (correct)","2824804","Englobe_51_RunFinARAgedByBU","VP 2026.4 Englobe Standard Run September 8 Morning","2870015","Failed","Lotte Morales",""
"2748596","[PERF] Vantagepoint:2026.4: Englobe: Quarterly Release Performance Test","Vantagepoint","2750332","[PERF] Vantagepoint: 2026.4: Englobe: - Test Execution","Lotte Morales","Tests (correct)","2824806","Englobe_53_UtilizationReportFinUtilizationDetail","VP 2026.4 Englobe Standard Run September 8 Morning","2870015","Failed","Lotte Morales",""
"2748596","[PERF] Vantagepoint:2026.4: Englobe: Quarterly Release Performance Test","Vantagepoint","2750332","[PERF] Vantagepoint: 2026.4: Englobe: - Test Execution","Lotte Morales","Tests (correct)","2870095","Englobe: Performance Validation: All Collapsed Above Synchronous Threshold","AllCollapsed_50Users","2872529","Failed","Lotte Morales",""
"2748596","[PERF] Vantagepoint:2026.4: Englobe: Quarterly Release Performance Test","Vantagepoint","2750332","[PERF] Vantagepoint: 2026.4: Englobe: - Test Execution","Lotte Morales","Tests (correct)","2824788","Englobe_08_CreateNewProject","VP 2026.4 Englobe Standard Run September  8 Evening","2872592","Failed","Lotte Morales",""
"2748596","[PERF] Vantagepoint:2026.4: Englobe: Quarterly Release Performance Test","Vantagepoint","2750332","[PERF] Vantagepoint: 2026.4: Englobe: - Test Execution","Lotte Morales","Tests (correct)","2824795","Englobe_10_CreateSubmitApproveAPInvoiceApproval","VP 2026.4 Englobe Standard Run September  8 Evening","2872592","Failed","Lotte Morales",""
"2748596","[PERF] Vantagepoint:2026.4: Englobe: Quarterly Release Performance Test","Vantagepoint","2750332","[PERF] Vantagepoint: 2026.4: Englobe: - Test Execution","Lotte Morales","Tests (correct)","2824796","Englobe_18_BatchRunARLedgerReport","VP 2026.4 Englobe Standard Run September  8 Evening","2872592","Failed","Lotte Morales",""
"2748596","[PERF] Vantagepoint:2026.4: Englobe: Quarterly Release Performance Test","Vantagepoint","2750332","[PERF] Vantagepoint: 2026.4: Englobe: - Test Execution","Lotte Morales","Tests (correct)","2870095","Englobe: Performance Validation: All Collapsed Above Synchronous Threshold","AllCollapsed_AllExpanded_ExportAll_15Users","2873648","Failed","Lotte Morales",""
"2748596","[PERF] Vantagepoint:2026.4: Englobe: Quarterly Release Performance Test","Vantagepoint","2750332","[PERF] Vantagepoint: 2026.4: Englobe: - Test Execution","Lotte Morales","Tests (correct)","2872519","Englobe: Performance Validation: All Expanded Above Synchronous Threshold","AllCollapsed_AllExpanded_ExportAll_15Users","2873648","Failed","Lotte Morales",""
"2748596","[PERF] Vantagepoint:2026.4: Englobe: Quarterly Release Performance Test","Vantagepoint","2750332","[PERF] Vantagepoint: 2026.4: Englobe: - Test Execution","Lotte Morales","Tests (correct)","2872521","Englobe: Performance Validation: Export All Above Synchronous Threshold","AllCollapsed_AllExpanded_ExportAll_15Users","2873648","Failed","Lotte Morales",""
"2748596","[PERF] Vantagepoint:2026.4: Englobe: Quarterly Release Performance Test","Vantagepoint","2750332","[PERF] Vantagepoint: 2026.4: Englobe: - Test Execution","Lotte Morales","Tests (correct)","2824795","Englobe_10_CreateSubmitApproveAPInvoiceApproval","VP 2026.4 Englobe Standard Run September 11 Morning","2874058","Failed","Lotte Morales",""
"2748596","[PERF] Vantagepoint:2026.4: Englobe: Quarterly Release Performance Test","Vantagepoint","2750332","[PERF] Vantagepoint: 2026.4: Englobe: - Test Execution","Lotte Morales","Tests (correct)","2824796","Englobe_18_BatchRunARLedgerReport","VP 2026.4 Englobe Standard Run September 11 Morning","2874058","Failed","Lotte Morales",""
"2750333","[PERF] Vantagepoint:2026.2: Kleinfelder: Performance Test","Vantagepoint","2750334","[PERF] Vantagepoint: 2026.2: Kleinfelder: - Scripting","Lotte Morales","Tests (correct)","2804969","5.5_026_CreateExpenseReport","VP 2026.3 August 12 SQL2025 Run","2850716","Failed","Lotte Morales",""
"2750333","[PERF] Vantagepoint:2026.2: Kleinfelder: Performance Test","Vantagepoint","2750334","[PERF] Vantagepoint: 2026.2: Kleinfelder: - Scripting","Lotte Morales","Tests (correct)","2804969","5.5_026_CreateExpenseReport","VP 2026.3 August 8 Run","2838551","Failed","Lotte Morales",""
"2750333","[PERF] Vantagepoint:2026.2: Kleinfelder: Performance Test","Vantagepoint","2750334","[PERF] Vantagepoint: 2026.2: Kleinfelder: - Scripting","Lotte Morales","Tests (correct)","2804969","5.5_026_CreateExpenseReport","VP 2026.3 July 25 Run","2825051","Failed","Lotte Morales",""
"2750333","[PERF] Vantagepoint:2026.2: Kleinfelder: Performance Test","Vantagepoint","2750334","[PERF] Vantagepoint: 2026.2: Kleinfelder: - Scripting","Lotte Morales","Tests (correct)","2804969","5.5_026_CreateExpenseReport","VP 2026.2 March 31 Run","2827975","Failed","Lotte Morales",""
"2750333","[PERF] Vantagepoint:2026.2: Kleinfelder: Performance Test","Vantagepoint","2750334","[PERF] Vantagepoint: 2026.2: Kleinfelder: - Scripting","Lotte Morales","Tests (correct)","2804969","5.5_026_CreateExpenseReport","VP 2026.4 September 12 Weekend Run","2875813","Failed","Lotte Morales",""
"2750333","[PERF] Vantagepoint:2026.2: Kleinfelder: Performance Test","Vantagepoint","2750334","[PERF] Vantagepoint: 2026.2: Kleinfelder: - Scripting","Lotte Morales","Tests (correct)","2804969","5.5_026_CreateExpenseReport","VP 2026.3 August 1 Run","2831362","Failed","Lotte Morales",""
"2750333","[PERF] Vantagepoint:2026.2: Kleinfelder: Performance Test","Vantagepoint","2750334","[PERF] Vantagepoint: 2026.2: Kleinfelder: - Scripting","Lotte Morales","Tests (correct)","2804969","5.5_026_CreateExpenseReport","VP 2026.3 July 11 Run","2805058","Failed","Lotte Morales",""
"2750333","[PERF] Vantagepoint:2026.2: Kleinfelder: Performance Test","Vantagepoint","2750334","[PERF] Vantagepoint: 2026.2: Kleinfelder: - Scripting","Lotte Morales","Tests (correct)","2804969","5.5_026_CreateExpenseReport","VP 2026.3 June 30 Run","2777010","Failed","Lotte Morales",""
"2750333","[PERF] Vantagepoint:2026.2: Kleinfelder: Performance Test","Vantagepoint","2750334","[PERF] Vantagepoint: 2026.2: Kleinfelder: - Scripting","Lotte Morales","Tests (correct)","2804969","5.5_026_CreateExpenseReport","VP 2026.3 June 22 Run","2777009","Failed","Lotte Morales",""
"2750333","[PERF] Vantagepoint:2026.2: Kleinfelder: Performance Test","Vantagepoint","2750334","[PERF] Vantagepoint: 2026.2: Kleinfelder: - Scripting","Lotte Morales","Tests (correct)","2804969","5.5_026_CreateExpenseReport","VP 2026.3 June 6 Run","2777000","Failed","Lotte Morales",""
"2750333","[PERF] Vantagepoint:2026.2: Kleinfelder: Performance Test","Vantagepoint","2750334","[PERF] Vantagepoint: 2026.2: Kleinfelder: - Scripting","Lotte Morales","Tests (correct)","2804971","5.5_024_DashboardAccountDetailBase","VP 2026.3 August 12 SQL2025 Run","2850716","Failed","Lotte Morales",""
"2750333","[PERF] Vantagepoint:2026.2: Kleinfelder: Performance Test","Vantagepoint","2750334","[PERF] Vantagepoint: 2026.2: Kleinfelder: - Scripting","Lotte Morales","Tests (correct)","2804971","5.5_024_DashboardAccountDetailBase","VP 2026.3 August 8 Run","2838551","Failed","Lotte Morales",""
"2750333","[PERF] Vantagepoint:2026.2: Kleinfelder: Performance Test","Vantagepoint","2750334","[PERF] Vantagepoint: 2026.2: Kleinfelder: - Scripting","Lotte Morales","Tests (correct)","2804971","5.5_024_DashboardAccountDetailBase","VP 2026.3 July 18 Run","2823378","Failed","Lotte Morales",""
"2750333","[PERF] Vantagepoint:2026.2: Kleinfelder: Performance Test","Vantagepoint","2750334","[PERF] Vantagepoint: 2026.2: Kleinfelder: - Scripting","Lotte Morales","Tests (correct)","2804971","5.5_024_DashboardAccountDetailBase","VP 2026.3 July 4 Run","2805057","Failed","Lotte Morales",""
"2750333","[PERF] Vantagepoint:2026.2: Kleinfelder: Performance Test","Vantagepoint","2750334","[PERF] Vantagepoint: 2026.2: Kleinfelder: - Scripting","Lotte Morales","Tests (correct)","2804971","5.5_024_DashboardAccountDetailBase","VP 2026.2 March 31 Run","2827975","Failed","Lotte Morales",""
"2750333","[PERF] Vantagepoint:2026.2: Kleinfelder: Performance Test","Vantagepoint","2750334","[PERF] Vantagepoint: 2026.2: Kleinfelder: - Scripting","Lotte Morales","Tests (correct)","2804971","5.5_024_DashboardAccountDetailBase","VP 2026.4 September 12 Weekend Run","2875813","Failed","Lotte Morales",""
"2750333","[PERF] Vantagepoint:2026.2: Kleinfelder: Performance Test","Vantagepoint","2750334","[PERF] Vantagepoint: 2026.2: Kleinfelder: - Scripting","Lotte Morales","Tests (correct)","2804971","5.5_024_DashboardAccountDetailBase","VP 2026.3 June 30 Run","2777010","Failed","Lotte Morales",""
"2750333","[PERF] Vantagepoint:2026.2: Kleinfelder: Performance Test","Vantagepoint","2750334","[PERF] Vantagepoint: 2026.2: Kleinfelder: - Scripting","Lotte Morales","Tests (correct)","2804971","5.5_024_DashboardAccountDetailBase","VP 2026.3 June 22 Run","2777009","Failed","Lotte Morales",""
"2750333","[PERF] Vantagepoint:2026.2: Kleinfelder: Performance Test","Vantagepoint","2750334","[PERF] Vantagepoint: 2026.2: Kleinfelder: - Scripting","Lotte Morales","Tests (correct)","2804971","5.5_024_DashboardAccountDetailBase","VP 2026.3 June 6 Run","2777000","Failed","Lotte Morales",""
"2750333","[PERF] Vantagepoint:2026.2: Kleinfelder: Performance Test","Vantagepoint","2750334","[PERF] Vantagepoint: 2026.2: Kleinfelder: - Scripting","Lotte Morales","Tests (correct)","2804975","5.5_029_ResourceViewAddAssignment","VP 2026.3 August 8 Run","2838551","Failed","Lotte Morales",""
"2750333","[PERF] Vantagepoint:2026.2: Kleinfelder: Performance Test","Vantagepoint","2750334","[PERF] Vantagepoint: 2026.2: Kleinfelder: - Scripting","Lotte Morales","Tests (correct)","2804975","5.5_029_ResourceViewAddAssignment","VP 2026.3 July 25 Run","2825051","Failed","Lotte Morales",""
"2750333","[PERF] Vantagepoint:2026.2: Kleinfelder: Performance Test","Vantagepoint","2750334","[PERF] Vantagepoint: 2026.2: Kleinfelder: - Scripting","Lotte Morales","Tests (correct)","2804975","5.5_029_ResourceViewAddAssignment","VP 2026.3 July 4 Run","2805057","Failed","Lotte Morales",""
"2750333","[PERF] Vantagepoint:2026.2: Kleinfelder: Performance Test","Vantagepoint","2750334","[PERF] Vantagepoint: 2026.2: Kleinfelder: - Scripting","Lotte Morales","Tests (correct)","2804975","5.5_029_ResourceViewAddAssignment","VP 2026.2 March 31 Run","2827975","Failed","Lotte Morales",""
"2750333","[PERF] Vantagepoint:2026.2: Kleinfelder: Performance Test","Vantagepoint","2750334","[PERF] Vantagepoint: 2026.2: Kleinfelder: - Scripting","Lotte Morales","Tests (correct)","2804975","5.5_029_ResourceViewAddAssignment","VP 2026.3 June 22 Run","2777009","Failed","Lotte Morales",""
"2750333","[PERF] Vantagepoint:2026.2: Kleinfelder: Performance Test","Vantagepoint","2750334","[PERF] Vantagepoint: 2026.2: Kleinfelder: - Scripting","Lotte Morales","Tests (correct)","2804975","5.5_029_ResourceViewAddAssignment","VP 2026.3 June 6 Run","2777000","Failed","Lotte Morales",""
"2750333","[PERF] Vantagepoint:2026.2: Kleinfelder: Performance Test","Vantagepoint","2750334","[PERF] Vantagepoint: 2026.2: Kleinfelder: - Scripting","Lotte Morales","Tests (correct)","2804980","5.5_021_AddingPhasesTasksEPSG","VP 2026.3 August 8 Run","2838551","Failed","Lotte Morales",""
"2750333","[PERF] Vantagepoint:2026.2: Kleinfelder: Performance Test","Vantagepoint","2750334","[PERF] Vantagepoint: 2026.2: Kleinfelder: - Scripting","Lotte Morales","Tests (correct)","2804980","5.5_021_AddingPhasesTasksEPSG","VP 2026.2 April 18 Run","2827976","Failed","Lotte Morales",""
"2750333","[PERF] Vantagepoint:2026.2: Kleinfelder: Performance Test","Vantagepoint","2750334","[PERF] Vantagepoint: 2026.2: Kleinfelder: - Scripting","Lotte Morales","Tests (correct)","2804980","5.5_021_AddingPhasesTasksEPSG","VP 2026.2 March 31 Run","2827975","Failed","Lotte Morales",""
"2750333","[PERF] Vantagepoint:2026.2: Kleinfelder: Performance Test","Vantagepoint","2750334","[PERF] Vantagepoint: 2026.2: Kleinfelder: - Scripting","Lotte Morales","Tests (correct)","2804980","5.5_021_AddingPhasesTasksEPSG","VP 2026.3 August 1 Run","2831362","Failed","Lotte Morales",""
"2750333","[PERF] Vantagepoint:2026.2: Kleinfelder: Performance Test","Vantagepoint","2750334","[PERF] Vantagepoint: 2026.2: Kleinfelder: - Scripting","Lotte Morales","Tests (correct)","2804980","5.5_021_AddingPhasesTasksEPSG","VP 2026.3 June 22 Run","2777009","Failed","Lotte Morales",""
"2750333","[PERF] Vantagepoint:2026.2: Kleinfelder: Performance Test","Vantagepoint","2750334","[PERF] Vantagepoint: 2026.2: Kleinfelder: - Scripting","Lotte Morales","Tests (correct)","2804984","5.5_013_EmployeeSwitchListViewEdit","VP 2026.3 August 8 Run","2838551","Failed","Lotte Morales",""
"2750333","[PERF] Vantagepoint:2026.2: Kleinfelder: Performance Test","Vantagepoint","2750334","[PERF] Vantagepoint: 2026.2: Kleinfelder: - Scripting","Lotte Morales","Tests (correct)","2804984","5.5_013_EmployeeSwitchListViewEdit","VP 2026.2 April 18 Run","2827976","Failed","Lotte Morales",""
"2750333","[PERF] Vantagepoint:2026.2: Kleinfelder: Performance Test","Vantagepoint","2750334","[PERF] Vantagepoint: 2026.2: Kleinfelder: - Scripting","Lotte Morales","Tests (correct)","2804984","5.5_013_EmployeeSwitchListViewEdit","VP 2026.2 March 31 Run","2827975","Failed","Lotte Morales",""
"2750333","[PERF] Vantagepoint:2026.2: Kleinfelder: Performance Test","Vantagepoint","2750334","[PERF] Vantagepoint: 2026.2: Kleinfelder: - Scripting","Lotte Morales","Tests (correct)","2804984","5.5_013_EmployeeSwitchListViewEdit","VP 2026.4 September 12 Weekend Run","2875813","Failed","Lotte Morales",""
"2750333","[PERF] Vantagepoint:2026.2: Kleinfelder: Performance Test","Vantagepoint","2750334","[PERF] Vantagepoint: 2026.2: Kleinfelder: - Scripting","Lotte Morales","Tests (correct)","2804984","5.5_013_EmployeeSwitchListViewEdit","VP 2026.3 June 30 Run","2777010","Failed","Lotte Morales",""
"2750333","[PERF] Vantagepoint:2026.2: Kleinfelder: Performance Test","Vantagepoint","2750334","[PERF] Vantagepoint: 2026.2: Kleinfelder: - Scripting","Lotte Morales","Tests (correct)","2804984","5.5_013_EmployeeSwitchListViewEdit","VP 2026.3 June 22 Run","2777009","Failed","Lotte Morales",""
"2750333","[PERF] Vantagepoint:2026.2: Kleinfelder: Performance Test","Vantagepoint","2750334","[PERF] Vantagepoint: 2026.2: Kleinfelder: - Scripting","Lotte Morales","Tests (correct)","2804984","5.5_013_EmployeeSwitchListViewEdit","VP 2026.3 June 6 Run","2777000","Failed","Lotte Morales",""
"2750333","[PERF] Vantagepoint:2026.2: Kleinfelder: Performance Test","Vantagepoint","2750334","[PERF] Vantagepoint: 2026.2: Kleinfelder: - Scripting","Lotte Morales","Tests (correct)","2804998","5.5_067_CreatePurchaseRequisitionSubmit","VP 2026.3 August 8 Run","2838551","Failed","Lotte Morales",""
"2750333","[PERF] Vantagepoint:2026.2: Kleinfelder: Performance Test","Vantagepoint","2750334","[PERF] Vantagepoint: 2026.2: Kleinfelder: - Scripting","Lotte Morales","Tests (correct)","2804998","5.5_067_CreatePurchaseRequisitionSubmit","VP 2026.2 March 31 Run","2827975","Failed","Lotte Morales",""
"2750333","[PERF] Vantagepoint:2026.2: Kleinfelder: Performance Test","Vantagepoint","2750334","[PERF] Vantagepoint: 2026.2: Kleinfelder: - Scripting","Lotte Morales","Tests (correct)","2804998","5.5_067_CreatePurchaseRequisitionSubmit","Smoke Test August 28, 2026","2863234","Failed","Lotte Morales",""
"2750333","[PERF] Vantagepoint:2026.2: Kleinfelder: Performance Test","Vantagepoint","2750334","[PERF] Vantagepoint: 2026.2: Kleinfelder: - Scripting","Lotte Morales","Tests (correct)","2804998","5.5_067_CreatePurchaseRequisitionSubmit","VP 2026.3 August 13 SQL2025 Run","2850717","Failed","Lotte Morales",""
"2750333","[PERF] Vantagepoint:2026.2: Kleinfelder: Performance Test","Vantagepoint","2750334","[PERF] Vantagepoint: 2026.2: Kleinfelder: - Scripting","Lotte Morales","Tests (correct)","2804998","5.5_067_CreatePurchaseRequisitionSubmit","VP 2026.3 June 22 Run","2777009","Failed","Lotte Morales",""
"2750333","[PERF] Vantagepoint:2026.2: Kleinfelder: Performance Test","Vantagepoint","2750334","[PERF] Vantagepoint: 2026.2: Kleinfelder: - Scripting","Lotte Morales","Tests (correct)","2804998","5.5_067_CreatePurchaseRequisitionSubmit","VP 2026.3 June 6 Run","2777000","Failed","Lotte Morales",""
"2750333","[PERF] Vantagepoint:2026.2: Kleinfelder: Performance Test","Vantagepoint","2750334","[PERF] Vantagepoint: 2026.2: Kleinfelder: - Scripting","Lotte Morales","Tests (correct)","2804999","5.5_028_RunProjectEarningsReport","VP 2026.3 August 12 SQL2025 Run","2850716","Failed","Lotte Morales",""
"2750333","[PERF] Vantagepoint:2026.2: Kleinfelder: Performance Test","Vantagepoint","2750334","[PERF] Vantagepoint: 2026.2: Kleinfelder: - Scripting","Lotte Morales","Tests (correct)","2804999","5.5_028_RunProjectEarningsReport","VP 2026.3 August 8 Run","2838551","Failed","Lotte Morales",""
"2750333","[PERF] Vantagepoint:2026.2: Kleinfelder: Performance Test","Vantagepoint","2750334","[PERF] Vantagepoint: 2026.2: Kleinfelder: - Scripting","Lotte Morales","Tests (correct)","2804999","5.5_028_RunProjectEarningsReport","VP 2026.3 July 25 Run","2825051","Failed","Lotte Morales",""
"2750333","[PERF] Vantagepoint:2026.2: Kleinfelder: Performance Test","Vantagepoint","2750334","[PERF] Vantagepoint: 2026.2: Kleinfelder: - Scripting","Lotte Morales","Tests (correct)","2804999","5.5_028_RunProjectEarningsReport","VP 2026.2 March 31 Run","2827975","Failed","Lotte Morales",""
"2750333","[PERF] Vantagepoint:2026.2: Kleinfelder: Performance Test","Vantagepoint","2750334","[PERF] Vantagepoint: 2026.2: Kleinfelder: - Scripting","Lotte Morales","Tests (correct)","2804999","5.5_028_RunProjectEarningsReport","VP 2026.3 August 1 Run","2831362","Failed","Lotte Morales",""
"2750333","[PERF] Vantagepoint:2026.2: Kleinfelder: Performance Test","Vantagepoint","2750334","[PERF] Vantagepoint: 2026.2: Kleinfelder: - Scripting","Lotte Morales","Tests (correct)","2804999","5.5_028_RunProjectEarningsReport","Smoke Test August 28, 2026","2863234","Failed","Lotte Morales",""
"2750333","[PERF] Vantagepoint:2026.2: Kleinfelder: Performance Test","Vantagepoint","2750334","[PERF] Vantagepoint: 2026.2: Kleinfelder: - Scripting","Lotte Morales","Tests (correct)","2804999","5.5_028_RunProjectEarningsReport","VP 2026.3 June 30 Run","2777010","Failed","Lotte Morales",""
"2750333","[PERF] Vantagepoint:2026.2: Kleinfelder: Performance Test","Vantagepoint","2750334","[PERF] Vantagepoint: 2026.2: Kleinfelder: - Scripting","Lotte Morales","Tests (correct)","2805015","5.5_042_LinkUserToRole","VP 2026.3 August 8 Run","2838551","Failed","Lotte Morales",""
"2750333","[PERF] Vantagepoint:2026.2: Kleinfelder: Performance Test","Vantagepoint","2750334","[PERF] Vantagepoint: 2026.2: Kleinfelder: - Scripting","Lotte Morales","Tests (correct)","2805015","5.5_042_LinkUserToRole","VP 2026.4 First Weekend Run","2872598","Failed","Lotte Morales",""
"2750333","[PERF] Vantagepoint:2026.2: Kleinfelder: Performance Test","Vantagepoint","2750334","[PERF] Vantagepoint: 2026.2: Kleinfelder: - Scripting","Lotte Morales","Tests (correct)","2805015","5.5_042_LinkUserToRole","VP 2026.2 April 18 Run","2827976","Failed","Lotte Morales",""
"2750333","[PERF] Vantagepoint:2026.2: Kleinfelder: Performance Test","Vantagepoint","2750334","[PERF] Vantagepoint: 2026.2: Kleinfelder: - Scripting","Lotte Morales","Tests (correct)","2805015","5.5_042_LinkUserToRole","VP 2026.2 March 31 Run","2827975","Failed","Lotte Morales",""
"2750333","[PERF] Vantagepoint:2026.2: Kleinfelder: Performance Test","Vantagepoint","2750334","[PERF] Vantagepoint: 2026.2: Kleinfelder: - Scripting","Lotte Morales","Tests (correct)","2805015","5.5_042_LinkUserToRole","VP 2026.4 September 12 Weekend Run","2875813","Failed","Lotte Morales",""
"2750333","[PERF] Vantagepoint:2026.2: Kleinfelder: Performance Test","Vantagepoint","2750334","[PERF] Vantagepoint: 2026.2: Kleinfelder: - Scripting","Lotte Morales","Tests (correct)","2805015","5.5_042_LinkUserToRole","Smoke Test August 28, 2026","2863234","Failed","Lotte Morales",""
"2750333","[PERF] Vantagepoint:2026.2: Kleinfelder: Performance Test","Vantagepoint","2750334","[PERF] Vantagepoint: 2026.2: Kleinfelder: - Scripting","Lotte Morales","Tests (correct)","2805015","5.5_042_LinkUserToRole","VP 2026.3 August 13 SQL2025 Run","2850717","Failed","Lotte Morales",""
"2750333","[PERF] Vantagepoint:2026.2: Kleinfelder: Performance Test","Vantagepoint","2750334","[PERF] Vantagepoint: 2026.2: Kleinfelder: - Scripting","Lotte Morales","Tests (correct)","2805020","6.0_053_UpdateProjectPlanTabs","VP 2026.3 August 8 Run","2838551","Failed","Lotte Morales",""
"2750333","[PERF] Vantagepoint:2026.2: Kleinfelder: Performance Test","Vantagepoint","2750334","[PERF] Vantagepoint: 2026.2: Kleinfelder: - Scripting","Lotte Morales","Tests (correct)","2805020","6.0_053_UpdateProjectPlanTabs","VP 2026.2 March 31 Run","2827975","Failed","Lotte Morales",""
"2750333","[PERF] Vantagepoint:2026.2: Kleinfelder: Performance Test","Vantagepoint","2750334","[PERF] Vantagepoint: 2026.2: Kleinfelder: - Scripting","Lotte Morales","Tests (correct)","2805020","6.0_053_UpdateProjectPlanTabs","VP 2026.3 June 6 Run","2777000","Failed","Lotte Morales",""
"2750333","[PERF] Vantagepoint:2026.2: Kleinfelder: Performance Test","Vantagepoint","2750334","[PERF] Vantagepoint: 2026.2: Kleinfelder: - Scripting","Lotte Morales","Tests (correct)","2805025","6.5_060_VoidedInvoiceBiller","VP 2026.3 August 8 Run","2838551","Failed","Lotte Morales",""
"2750333","[PERF] Vantagepoint:2026.2: Kleinfelder: Performance Test","Vantagepoint","2750334","[PERF] Vantagepoint: 2026.2: Kleinfelder: - Scripting","Lotte Morales","Tests (correct)","2805025","6.5_060_VoidedInvoiceBiller","VP 2026.4 First Weekend Run","2872598","Failed","Lotte Morales",""
"2750333","[PERF] Vantagepoint:2026.2: Kleinfelder: Performance Test","Vantagepoint","2750334","[PERF] Vantagepoint: 2026.2: Kleinfelder: - Scripting","Lotte Morales","Tests (correct)","2805025","6.5_060_VoidedInvoiceBiller","VP 2026.2 March 31 Run","2827975","Failed","Lotte Morales",""
"2750333","[PERF] Vantagepoint:2026.2: Kleinfelder: Performance Test","Vantagepoint","2750334","[PERF] Vantagepoint: 2026.2: Kleinfelder: - Scripting","Lotte Morales","Tests (correct)","2805025","6.5_060_VoidedInvoiceBiller","VP 2026.4 September 12 Weekend Run","2875813","Failed","Lotte Morales",""
"2750333","[PERF] Vantagepoint:2026.2: Kleinfelder: Performance Test","Vantagepoint","2750334","[PERF] Vantagepoint: 2026.2: Kleinfelder: - Scripting","Lotte Morales","Tests (correct)","2805025","6.5_060_VoidedInvoiceBiller","VP 2026.3 August 1 Run","2831362","Failed","Lotte Morales",""
"2750333","[PERF] Vantagepoint:2026.2: Kleinfelder: Performance Test","Vantagepoint","2750334","[PERF] Vantagepoint: 2026.2: Kleinfelder: - Scripting","Lotte Morales","Tests (correct)","2805025","6.5_060_VoidedInvoiceBiller","VP 2026.3 July 11 Run","2805058","Failed","Lotte Morales",""
"2750333","[PERF] Vantagepoint:2026.2: Kleinfelder: Performance Test","Vantagepoint","2750334","[PERF] Vantagepoint: 2026.2: Kleinfelder: - Scripting","Lotte Morales","Tests (correct)","2805025","6.5_060_VoidedInvoiceBiller","Smoke Test August 28, 2026","2863234","Failed","Lotte Morales",""
"2750333","[PERF] Vantagepoint:2026.2: Kleinfelder: Performance Test","Vantagepoint","2750334","[PERF] Vantagepoint: 2026.2: Kleinfelder: - Scripting","Lotte Morales","Tests (correct)","2805028","6.5_063_ProjectRequestApprovalProcessingCenter","VP 2026.3 August 8 Run","2838551","Failed","Lotte Morales",""
"2750333","[PERF] Vantagepoint:2026.2: Kleinfelder: Performance Test","Vantagepoint","2750334","[PERF] Vantagepoint: 2026.2: Kleinfelder: - Scripting","Lotte Morales","Tests (correct)","2805028","6.5_063_ProjectRequestApprovalProcessingCenter","VP 2026.3 July 18 Run","2823378","Failed","Lotte Morales",""
"2750333","[PERF] Vantagepoint:2026.2: Kleinfelder: Performance Test","Vantagepoint","2750334","[PERF] Vantagepoint: 2026.2: Kleinfelder: - Scripting","Lotte Morales","Tests (correct)","2805028","6.5_063_ProjectRequestApprovalProcessingCenter","VP 2026.3 July 25 Run","2825051","Failed","Lotte Morales",""
"2750333","[PERF] Vantagepoint:2026.2: Kleinfelder: Performance Test","Vantagepoint","2750334","[PERF] Vantagepoint: 2026.2: Kleinfelder: - Scripting","Lotte Morales","Tests (correct)","2805028","6.5_063_ProjectRequestApprovalProcessingCenter","VP 2026.3 July 4 Run","2805057","Failed","Lotte Morales",""
"2750333","[PERF] Vantagepoint:2026.2: Kleinfelder: Performance Test","Vantagepoint","2750334","[PERF] Vantagepoint: 2026.2: Kleinfelder: - Scripting","Lotte Morales","Tests (correct)","2805028","6.5_063_ProjectRequestApprovalProcessingCenter","VP 2026.2 April 18 Run","2827976","Failed","Lotte Morales",""
"2750333","[PERF] Vantagepoint:2026.2: Kleinfelder: Performance Test","Vantagepoint","2750334","[PERF] Vantagepoint: 2026.2: Kleinfelder: - Scripting","Lotte Morales","Tests (correct)","2805028","6.5_063_ProjectRequestApprovalProcessingCenter","VP 2026.2 March 31 Run","2827975","Failed","Lotte Morales",""
"2750333","[PERF] Vantagepoint:2026.2: Kleinfelder: Performance Test","Vantagepoint","2750334","[PERF] Vantagepoint: 2026.2: Kleinfelder: - Scripting","Lotte Morales","Tests (correct)","2805028","6.5_063_ProjectRequestApprovalProcessingCenter","VP 2026.3 August 1 Run","2831362","Failed","Lotte Morales",""
"2750333","[PERF] Vantagepoint:2026.2: Kleinfelder: Performance Test","Vantagepoint","2750334","[PERF] Vantagepoint: 2026.2: Kleinfelder: - Scripting","Lotte Morales","Tests (correct)","2805028","6.5_063_ProjectRequestApprovalProcessingCenter","VP 2026.3 July 11 Run","2805058","Failed","Lotte Morales",""
"2750333","[PERF] Vantagepoint:2026.2: Kleinfelder: Performance Test","Vantagepoint","2750334","[PERF] Vantagepoint: 2026.2: Kleinfelder: - Scripting","Lotte Morales","Tests (correct)","2805028","6.5_063_ProjectRequestApprovalProcessingCenter","VP 2026.3 August 13 SQL2025 Run","2850717","Failed","Lotte Morales",""
"2750333","[PERF] Vantagepoint:2026.2: Kleinfelder: Performance Test","Vantagepoint","2750334","[PERF] Vantagepoint: 2026.2: Kleinfelder: - Scripting","Lotte Morales","Tests (correct)","2805028","6.5_063_ProjectRequestApprovalProcessingCenter","VP 2026.3 June 22 Run","2777009","Failed","Lotte Morales",""
"2750333","[PERF] Vantagepoint:2026.2: Kleinfelder: Performance Test","Vantagepoint","2750334","[PERF] Vantagepoint: 2026.2: Kleinfelder: - Scripting","Lotte Morales","Tests (correct)","2805028","6.5_063_ProjectRequestApprovalProcessingCenter","VP 2026.3 June 6 Run","2777000","Failed","Lotte Morales",""
"2750333","[PERF] Vantagepoint:2026.2: Kleinfelder: Performance Test","Vantagepoint","2750334","[PERF] Vantagepoint: 2026.2: Kleinfelder: - Scripting","Lotte Morales","Tests (correct)","2805035","7.1_069_ProjectEarningsReportBiller","VP 2026.3 August 8 Run","2838551","Failed","Lotte Morales",""
"2750333","[PERF] Vantagepoint:2026.2: Kleinfelder: Performance Test","Vantagepoint","2750334","[PERF] Vantagepoint: 2026.2: Kleinfelder: - Scripting","Lotte Morales","Tests (correct)","2805035","7.1_069_ProjectEarningsReportBiller","VP 2026.3 July 25 Run","2825051","Failed","Lotte Morales",""
"2750333","[PERF] Vantagepoint:2026.2: Kleinfelder: Performance Test","Vantagepoint","2750334","[PERF] Vantagepoint: 2026.2: Kleinfelder: - Scripting","Lotte Morales","Tests (correct)","2805035","7.1_069_ProjectEarningsReportBiller","VP 2026.3 July 4 Run","2805057","Failed","Lotte Morales",""
"2750333","[PERF] Vantagepoint:2026.2: Kleinfelder: Performance Test","Vantagepoint","2750334","[PERF] Vantagepoint: 2026.2: Kleinfelder: - Scripting","Lotte Morales","Tests (correct)","2805035","7.1_069_ProjectEarningsReportBiller","VP 2026.4 First Weekend Run","2872598","Failed","Lotte Morales",""
"2750333","[PERF] Vantagepoint:2026.2: Kleinfelder: Performance Test","Vantagepoint","2750334","[PERF] Vantagepoint: 2026.2: Kleinfelder: - Scripting","Lotte Morales","Tests (correct)","2805035","7.1_069_ProjectEarningsReportBiller","VP 2026.2 April 18 Run","2827976","Failed","Lotte Morales",""
"2750333","[PERF] Vantagepoint:2026.2: Kleinfelder: Performance Test","Vantagepoint","2750334","[PERF] Vantagepoint: 2026.2: Kleinfelder: - Scripting","Lotte Morales","Tests (correct)","2805035","7.1_069_ProjectEarningsReportBiller","VP 2026.2 March 31 Run","2827975","Failed","Lotte Morales",""
"2750333","[PERF] Vantagepoint:2026.2: Kleinfelder: Performance Test","Vantagepoint","2750334","[PERF] Vantagepoint: 2026.2: Kleinfelder: - Scripting","Lotte Morales","Tests (correct)","2805035","7.1_069_ProjectEarningsReportBiller","VP 2026.3 August 1 Run","2831362","Failed","Lotte Morales",""
"2750333","[PERF] Vantagepoint:2026.2: Kleinfelder: Performance Test","Vantagepoint","2750334","[PERF] Vantagepoint: 2026.2: Kleinfelder: - Scripting","Lotte Morales","Tests (correct)","2805035","7.1_069_ProjectEarningsReportBiller","VP 2026.3 July 11 Run","2805058","Failed","Lotte Morales",""
"2750333","[PERF] Vantagepoint:2026.2: Kleinfelder: Performance Test","Vantagepoint","2750334","[PERF] Vantagepoint: 2026.2: Kleinfelder: - Scripting","Lotte Morales","Tests (correct)","2805035","7.1_069_ProjectEarningsReportBiller","Smoke Test August 28, 2026","2863234","Failed","Lotte Morales",""
"2750333","[PERF] Vantagepoint:2026.2: Kleinfelder: Performance Test","Vantagepoint","2750334","[PERF] Vantagepoint: 2026.2: Kleinfelder: - Scripting","Lotte Morales","Tests (correct)","2805035","7.1_069_ProjectEarningsReportBiller","VP 2026.3 August 11 SQL2025 Run","2850715","Failed","Lotte Morales",""
"2750333","[PERF] Vantagepoint:2026.2: Kleinfelder: Performance Test","Vantagepoint","2750334","[PERF] Vantagepoint: 2026.2: Kleinfelder: - Scripting","Lotte Morales","Tests (correct)","2805035","7.1_069_ProjectEarningsReportBiller","VP 2026.3 June 30 Run","2777010","Failed","Lotte Morales",""
"2750333","[PERF] Vantagepoint:2026.2: Kleinfelder: Performance Test","Vantagepoint","2750334","[PERF] Vantagepoint: 2026.2: Kleinfelder: - Scripting","Lotte Morales","Tests (correct)","2805035","7.1_069_ProjectEarningsReportBiller","VP 2026.3 June 22 Run","2777009","Failed","Lotte Morales",""
"2750333","[PERF] Vantagepoint:2026.2: Kleinfelder: Performance Test","Vantagepoint","2750334","[PERF] Vantagepoint: 2026.2: Kleinfelder: - Scripting","Lotte Morales","Tests (correct)","2805035","7.1_069_ProjectEarningsReportBiller","VP 2026.3 June 6 Run","2777000","Failed","Lotte Morales",""
"2750333","[PERF] Vantagepoint:2026.2: Kleinfelder: Performance Test","Vantagepoint","2750334","[PERF] Vantagepoint: 2026.2: Kleinfelder: - Scripting","Lotte Morales","Tests (correct)","2805038","7.2_072_CollectionsForecastMonthly","VP 2026.3 August 8 Run","2838551","Failed","Lotte Morales",""
"2750333","[PERF] Vantagepoint:2026.2: Kleinfelder: Performance Test","Vantagepoint","2750334","[PERF] Vantagepoint: 2026.2: Kleinfelder: - Scripting","Lotte Morales","Tests (correct)","2805038","7.2_072_CollectionsForecastMonthly","VP 2026.3 July 18 Run","2823378","Failed","Lotte Morales",""
"2750333","[PERF] Vantagepoint:2026.2: Kleinfelder: Performance Test","Vantagepoint","2750334","[PERF] Vantagepoint: 2026.2: Kleinfelder: - Scripting","Lotte Morales","Tests (correct)","2805038","7.2_072_CollectionsForecastMonthly","VP 2026.3 July 25 Run","2825051","Failed","Lotte Morales",""
"2750333","[PERF] Vantagepoint:2026.2: Kleinfelder: Performance Test","Vantagepoint","2750334","[PERF] Vantagepoint: 2026.2: Kleinfelder: - Scripting","Lotte Morales","Tests (correct)","2805038","7.2_072_CollectionsForecastMonthly","VP 2026.4 First Weekend Run","2872598","Failed","Lotte Morales",""
"2750333","[PERF] Vantagepoint:2026.2: Kleinfelder: Performance Test","Vantagepoint","2750334","[PERF] Vantagepoint: 2026.2: Kleinfelder: - Scripting","Lotte Morales","Tests (correct)","2805038","7.2_072_CollectionsForecastMonthly","VP 2026.2 April 18 Run","2827976","Failed","Lotte Morales",""
"2750333","[PERF] Vantagepoint:2026.2: Kleinfelder: Performance Test","Vantagepoint","2750334","[PERF] Vantagepoint: 2026.2: Kleinfelder: - Scripting","Lotte Morales","Tests (correct)","2805038","7.2_072_CollectionsForecastMonthly","VP 2026.2 March 31 Run","2827975","Failed","Lotte Morales",""
"2750333","[PERF] Vantagepoint:2026.2: Kleinfelder: Performance Test","Vantagepoint","2750334","[PERF] Vantagepoint: 2026.2: Kleinfelder: - Scripting","Lotte Morales","Tests (correct)","2805038","7.2_072_CollectionsForecastMonthly","VP 2026.4 September 12 Weekend Run","2875813","Failed","Lotte Morales",""
"2750333","[PERF] Vantagepoint:2026.2: Kleinfelder: Performance Test","Vantagepoint","2750334","[PERF] Vantagepoint: 2026.2: Kleinfelder: - Scripting","Lotte Morales","Tests (correct)","2805038","7.2_072_CollectionsForecastMonthly","VP 2026.3 August 1 Run","2831362","Failed","Lotte Morales",""
"2750333","[PERF] Vantagepoint:2026.2: Kleinfelder: Performance Test","Vantagepoint","2750334","[PERF] Vantagepoint: 2026.2: Kleinfelder: - Scripting","Lotte Morales","Tests (correct)","2805038","7.2_072_CollectionsForecastMonthly","Smoke Test August 28, 2026","2863234","Failed","Lotte Morales",""
"2750333","[PERF] Vantagepoint:2026.2: Kleinfelder: Performance Test","Vantagepoint","2750334","[PERF] Vantagepoint: 2026.2: Kleinfelder: - Scripting","Lotte Morales","Tests (correct)","2805038","7.2_072_CollectionsForecastMonthly","VP 2026.3 August 11 SQL2025 Run","2850715","Failed","Lotte Morales",""
"2750333","[PERF] Vantagepoint:2026.2: Kleinfelder: Performance Test","Vantagepoint","2750334","[PERF] Vantagepoint: 2026.2: Kleinfelder: - Scripting","Lotte Morales","Tests (correct)","2805038","7.2_072_CollectionsForecastMonthly","VP 2026.3 June 30 Run","2777010","Failed","Lotte Morales",""
"2750333","[PERF] Vantagepoint:2026.2: Kleinfelder: Performance Test","Vantagepoint","2750334","[PERF] Vantagepoint: 2026.2: Kleinfelder: - Scripting","Lotte Morales","Tests (correct)","2805042","2025.1_075_DocumentManagementUnder300Records","VP 2026.3 August 8 Run","2838551","Failed","Lotte Morales",""
"2750333","[PERF] Vantagepoint:2026.2: Kleinfelder: Performance Test","Vantagepoint","2750334","[PERF] Vantagepoint: 2026.2: Kleinfelder: - Scripting","Lotte Morales","Tests (correct)","2805042","2025.1_075_DocumentManagementUnder300Records","VP 2026.3 July 18 Run","2823378","Failed","Lotte Morales",""
"2750333","[PERF] Vantagepoint:2026.2: Kleinfelder: Performance Test","Vantagepoint","2750334","[PERF] Vantagepoint: 2026.2: Kleinfelder: - Scripting","Lotte Morales","Tests (correct)","2805042","2025.1_075_DocumentManagementUnder300Records","VP 2026.3 July 25 Run","2825051","Failed","Lotte Morales",""
"2750333","[PERF] Vantagepoint:2026.2: Kleinfelder: Performance Test","Vantagepoint","2750334","[PERF] Vantagepoint: 2026.2: Kleinfelder: - Scripting","Lotte Morales","Tests (correct)","2805042","2025.1_075_DocumentManagementUnder300Records","VP 2026.3 July 4 Run","2805057","Failed","Lotte Morales",""
"2750333","[PERF] Vantagepoint:2026.2: Kleinfelder: Performance Test","Vantagepoint","2750334","[PERF] Vantagepoint: 2026.2: Kleinfelder: - Scripting","Lotte Morales","Tests (correct)","2805042","2025.1_075_DocumentManagementUnder300Records","VP 2026.4 First Weekend Run","2872598","Failed","Lotte Morales",""
"2750333","[PERF] Vantagepoint:2026.2: Kleinfelder: Performance Test","Vantagepoint","2750334","[PERF] Vantagepoint: 2026.2: Kleinfelder: - Scripting","Lotte Morales","Tests (correct)","2805042","2025.1_075_DocumentManagementUnder300Records","VP 2026.2 April 18 Run","2827976","Failed","Lotte Morales",""
"2750333","[PERF] Vantagepoint:2026.2: Kleinfelder: Performance Test","Vantagepoint","2750334","[PERF] Vantagepoint: 2026.2: Kleinfelder: - Scripting","Lotte Morales","Tests (correct)","2805042","2025.1_075_DocumentManagementUnder300Records","VP 2026.2 March 31 Run","2827975","Failed","Lotte Morales",""
"2750333","[PERF] Vantagepoint:2026.2: Kleinfelder: Performance Test","Vantagepoint","2750334","[PERF] Vantagepoint: 2026.2: Kleinfelder: - Scripting","Lotte Morales","Tests (correct)","2805042","2025.1_075_DocumentManagementUnder300Records","VP 2026.4 September 12 Weekend Run","2875813","Failed","Lotte Morales",""
"2750333","[PERF] Vantagepoint:2026.2: Kleinfelder: Performance Test","Vantagepoint","2750334","[PERF] Vantagepoint: 2026.2: Kleinfelder: - Scripting","Lotte Morales","Tests (correct)","2805042","2025.1_075_DocumentManagementUnder300Records","VP 2026.3 August 1 Run","2831362","Failed","Lotte Morales",""
"2750333","[PERF] Vantagepoint:2026.2: Kleinfelder: Performance Test","Vantagepoint","2750334","[PERF] Vantagepoint: 2026.2: Kleinfelder: - Scripting","Lotte Morales","Tests (correct)","2805042","2025.1_075_DocumentManagementUnder300Records","VP 2026.3 July 11 Run","2805058","Failed","Lotte Morales",""
"2750333","[PERF] Vantagepoint:2026.2: Kleinfelder: Performance Test","Vantagepoint","2750334","[PERF] Vantagepoint: 2026.2: Kleinfelder: - Scripting","Lotte Morales","Tests (correct)","2805042","2025.1_075_DocumentManagementUnder300Records","Smoke Test August 28, 2026","2863234","Failed","Lotte Morales",""
"2750333","[PERF] Vantagepoint:2026.2: Kleinfelder: Performance Test","Vantagepoint","2750334","[PERF] Vantagepoint: 2026.2: Kleinfelder: - Scripting","Lotte Morales","Tests (correct)","2805042","2025.1_075_DocumentManagementUnder300Records","VP 2026.3 August 11 SQL2025 Run","2850715","Failed","Lotte Morales",""
"2750333","[PERF] Vantagepoint:2026.2: Kleinfelder: Performance Test","Vantagepoint","2750334","[PERF] Vantagepoint: 2026.2: Kleinfelder: - Scripting","Lotte Morales","Tests (correct)","2805042","2025.1_075_DocumentManagementUnder300Records","VP 2026.3 June 22 Run","2777009","Failed","Lotte Morales",""
"2750333","[PERF] Vantagepoint:2026.2: Kleinfelder: Performance Test","Vantagepoint","2750334","[PERF] Vantagepoint: 2026.2: Kleinfelder: - Scripting","Lotte Morales","Tests (correct)","2805042","2025.1_075_DocumentManagementUnder300Records","VP 2026.3 June 6 Run","2777000","Failed","Lotte Morales",""
"2750333","[PERF] Vantagepoint:2026.2: Kleinfelder: Performance Test","Vantagepoint","2750334","[PERF] Vantagepoint: 2026.2: Kleinfelder: - Scripting","Lotte Morales","Tests (correct)","2805043","2025.1_076_DocumentManagement300To600Records","VP 2026.3 August 8 Run","2838551","Failed","Lotte Morales",""
"2750333","[PERF] Vantagepoint:2026.2: Kleinfelder: Performance Test","Vantagepoint","2750334","[PERF] Vantagepoint: 2026.2: Kleinfelder: - Scripting","Lotte Morales","Tests (correct)","2805043","2025.1_076_DocumentManagement300To600Records","VP 2026.3 July 18 Run","2823378","Failed","Lotte Morales",""
"2750333","[PERF] Vantagepoint:2026.2: Kleinfelder: Performance Test","Vantagepoint","2750334","[PERF] Vantagepoint: 2026.2: Kleinfelder: - Scripting","Lotte Morales","Tests (correct)","2805043","2025.1_076_DocumentManagement300To600Records","VP 2026.3 July 25 Run","2825051","Failed","Lotte Morales",""
"2750333","[PERF] Vantagepoint:2026.2: Kleinfelder: Performance Test","Vantagepoint","2750334","[PERF] Vantagepoint: 2026.2: Kleinfelder: - Scripting","Lotte Morales","Tests (correct)","2805043","2025.1_076_DocumentManagement300To600Records","VP 2026.3 July 4 Run","2805057","Failed","Lotte Morales",""
"2750333","[PERF] Vantagepoint:2026.2: Kleinfelder: Performance Test","Vantagepoint","2750334","[PERF] Vantagepoint: 2026.2: Kleinfelder: - Scripting","Lotte Morales","Tests (correct)","2805043","2025.1_076_DocumentManagement300To600Records","VP 2026.4 First Weekend Run","2872598","Failed","Lotte Morales",""
"2750333","[PERF] Vantagepoint:2026.2: Kleinfelder: Performance Test","Vantagepoint","2750334","[PERF] Vantagepoint: 2026.2: Kleinfelder: - Scripting","Lotte Morales","Tests (correct)","2805043","2025.1_076_DocumentManagement300To600Records","VP 2026.2 April 18 Run","2827976","Failed","Lotte Morales",""
"2750333","[PERF] Vantagepoint:2026.2: Kleinfelder: Performance Test","Vantagepoint","2750334","[PERF] Vantagepoint: 2026.2: Kleinfelder: - Scripting","Lotte Morales","Tests (correct)","2805043","2025.1_076_DocumentManagement300To600Records","VP 2026.2 March 31 Run","2827975","Failed","Lotte Morales",""
"2750333","[PERF] Vantagepoint:2026.2: Kleinfelder: Performance Test","Vantagepoint","2750334","[PERF] Vantagepoint: 2026.2: Kleinfelder: - Scripting","Lotte Morales","Tests (correct)","2805043","2025.1_076_DocumentManagement300To600Records","VP 2026.4 September 12 Weekend Run","2875813","Failed","Lotte Morales",""
"2750333","[PERF] Vantagepoint:2026.2: Kleinfelder: Performance Test","Vantagepoint","2750334","[PERF] Vantagepoint: 2026.2: Kleinfelder: - Scripting","Lotte Morales","Tests (correct)","2805043","2025.1_076_DocumentManagement300To600Records","VP 2026.3 August 1 Run","2831362","Failed","Lotte Morales",""
"2750333","[PERF] Vantagepoint:2026.2: Kleinfelder: Performance Test","Vantagepoint","2750334","[PERF] Vantagepoint: 2026.2: Kleinfelder: - Scripting","Lotte Morales","Tests (correct)","2805043","2025.1_076_DocumentManagement300To600Records","VP 2026.3 July 11 Run","2805058","Failed","Lotte Morales",""
"2750333","[PERF] Vantagepoint:2026.2: Kleinfelder: Performance Test","Vantagepoint","2750334","[PERF] Vantagepoint: 2026.2: Kleinfelder: - Scripting","Lotte Morales","Tests (correct)","2805043","2025.1_076_DocumentManagement300To600Records","Smoke Test August 28, 2026","2863234","Failed","Lotte Morales",""
"2750333","[PERF] Vantagepoint:2026.2: Kleinfelder: Performance Test","Vantagepoint","2750334","[PERF] Vantagepoint: 2026.2: Kleinfelder: - Scripting","Lotte Morales","Tests (correct)","2805043","2025.1_076_DocumentManagement300To600Records","VP 2026.3 August 11 SQL2025 Run","2850715","Failed","Lotte Morales",""
"2750333","[PERF] Vantagepoint:2026.2: Kleinfelder: Performance Test","Vantagepoint","2750334","[PERF] Vantagepoint: 2026.2: Kleinfelder: - Scripting","Lotte Morales","Tests (correct)","2805043","2025.1_076_DocumentManagement300To600Records","VP 2026.3 June 22 Run","2777009","Failed","Lotte Morales",""
"2750333","[PERF] Vantagepoint:2026.2: Kleinfelder: Performance Test","Vantagepoint","2750334","[PERF] Vantagepoint: 2026.2: Kleinfelder: - Scripting","Lotte Morales","Tests (correct)","2805043","2025.1_076_DocumentManagement300To600Records","VP 2026.3 June 6 Run","2777000","Failed","Lotte Morales",""
"2750333","[PERF] Vantagepoint:2026.2: Kleinfelder: Performance Test","Vantagepoint","2750334","[PERF] Vantagepoint: 2026.2: Kleinfelder: - Scripting","Lotte Morales","Tests (correct)","2805044","2025.1_077_DocumentManagementOver600Records","VP 2026.3 August 8 Run","2838551","Failed","Lotte Morales",""
"2750333","[PERF] Vantagepoint:2026.2: Kleinfelder: Performance Test","Vantagepoint","2750334","[PERF] Vantagepoint: 2026.2: Kleinfelder: - Scripting","Lotte Morales","Tests (correct)","2805044","2025.1_077_DocumentManagementOver600Records","VP 2026.3 July 18 Run","2823378","Failed","Lotte Morales",""
"2750333","[PERF] Vantagepoint:2026.2: Kleinfelder: Performance Test","Vantagepoint","2750334","[PERF] Vantagepoint: 2026.2: Kleinfelder: - Scripting","Lotte Morales","Tests (correct)","2805044","2025.1_077_DocumentManagementOver600Records","VP 2026.3 July 25 Run","2825051","Failed","Lotte Morales",""
"2750333","[PERF] Vantagepoint:2026.2: Kleinfelder: Performance Test","Vantagepoint","2750334","[PERF] Vantagepoint: 2026.2: Kleinfelder: - Scripting","Lotte Morales","Tests (correct)","2805044","2025.1_077_DocumentManagementOver600Records","VP 2026.3 July 4 Run","2805057","Failed","Lotte Morales",""
"2750333","[PERF] Vantagepoint:2026.2: Kleinfelder: Performance Test","Vantagepoint","2750334","[PERF] Vantagepoint: 2026.2: Kleinfelder: - Scripting","Lotte Morales","Tests (correct)","2805044","2025.1_077_DocumentManagementOver600Records","VP 2026.4 First Weekend Run","2872598","Failed","Lotte Morales",""
"2750333","[PERF] Vantagepoint:2026.2: Kleinfelder: Performance Test","Vantagepoint","2750334","[PERF] Vantagepoint: 2026.2: Kleinfelder: - Scripting","Lotte Morales","Tests (correct)","2805044","2025.1_077_DocumentManagementOver600Records","VP 2026.2 April 18 Run","2827976","Failed","Lotte Morales",""
"2750333","[PERF] Vantagepoint:2026.2: Kleinfelder: Performance Test","Vantagepoint","2750334","[PERF] Vantagepoint: 2026.2: Kleinfelder: - Scripting","Lotte Morales","Tests (correct)","2805044","2025.1_077_DocumentManagementOver600Records","VP 2026.2 March 31 Run","2827975","Failed","Lotte Morales",""
"2750333","[PERF] Vantagepoint:2026.2: Kleinfelder: Performance Test","Vantagepoint","2750334","[PERF] Vantagepoint: 2026.2: Kleinfelder: - Scripting","Lotte Morales","Tests (correct)","2805044","2025.1_077_DocumentManagementOver600Records","VP 2026.4 September 12 Weekend Run","2875813","Failed","Lotte Morales",""
"2750333","[PERF] Vantagepoint:2026.2: Kleinfelder: Performance Test","Vantagepoint","2750334","[PERF] Vantagepoint: 2026.2: Kleinfelder: - Scripting","Lotte Morales","Tests (correct)","2805044","2025.1_077_DocumentManagementOver600Records","VP 2026.3 August 1 Run","2831362","Failed","Lotte Morales",""
"2750333","[PERF] Vantagepoint:2026.2: Kleinfelder: Performance Test","Vantagepoint","2750334","[PERF] Vantagepoint: 2026.2: Kleinfelder: - Scripting","Lotte Morales","Tests (correct)","2805044","2025.1_077_DocumentManagementOver600Records","VP 2026.3 July 11 Run","2805058","Failed","Lotte Morales",""
"2750333","[PERF] Vantagepoint:2026.2: Kleinfelder: Performance Test","Vantagepoint","2750334","[PERF] Vantagepoint: 2026.2: Kleinfelder: - Scripting","Lotte Morales","Tests (correct)","2805044","2025.1_077_DocumentManagementOver600Records","Smoke Test August 28, 2026","2863234","Failed","Lotte Morales",""
"2750333","[PERF] Vantagepoint:2026.2: Kleinfelder: Performance Test","Vantagepoint","2750334","[PERF] Vantagepoint: 2026.2: Kleinfelder: - Scripting","Lotte Morales","Tests (correct)","2805044","2025.1_077_DocumentManagementOver600Records","VP 2026.3 August 11 SQL2025 Run","2850715","Failed","Lotte Morales",""
"2750333","[PERF] Vantagepoint:2026.2: Kleinfelder: Performance Test","Vantagepoint","2750334","[PERF] Vantagepoint: 2026.2: Kleinfelder: - Scripting","Lotte Morales","Tests (correct)","2805044","2025.1_077_DocumentManagementOver600Records","VP 2026.3 June 22 Run","2777009","Failed","Lotte Morales",""
"2750333","[PERF] Vantagepoint:2026.2: Kleinfelder: Performance Test","Vantagepoint","2750334","[PERF] Vantagepoint: 2026.2: Kleinfelder: - Scripting","Lotte Morales","Tests (correct)","2805044","2025.1_077_DocumentManagementOver600Records","VP 2026.3 June 6 Run","2777000","Failed","Lotte Morales",""
"2750333","[PERF] Vantagepoint:2026.2: Kleinfelder: Performance Test","Vantagepoint","2750335","[PERF] Vantagepoint: 2026.2: Kleinfelder: - Test Execution","Lotte Morales","Tests (correct)","2804969","5.5_026_CreateExpenseReport","VP 2026.2 March 31 Run","2827975","Failed","Lotte Morales",""
"2750333","[PERF] Vantagepoint:2026.2: Kleinfelder: Performance Test","Vantagepoint","2750335","[PERF] Vantagepoint: 2026.2: Kleinfelder: - Test Execution","Lotte Morales","Tests (correct)","2804971","5.5_024_DashboardAccountDetailBase","VP 2026.2 March 31 Run","2827975","Failed","Lotte Morales",""
"2750333","[PERF] Vantagepoint:2026.2: Kleinfelder: Performance Test","Vantagepoint","2750335","[PERF] Vantagepoint: 2026.2: Kleinfelder: - Test Execution","Lotte Morales","Tests (correct)","2804975","5.5_029_ResourceViewAddAssignment","VP 2026.2 March 31 Run","2827975","Failed","Lotte Morales",""
"2750333","[PERF] Vantagepoint:2026.2: Kleinfelder: Performance Test","Vantagepoint","2750335","[PERF] Vantagepoint: 2026.2: Kleinfelder: - Test Execution","Lotte Morales","Tests (correct)","2804980","5.5_021_AddingPhasesTasksEPSG","VP 2026.2 March 31 Run","2827975","Failed","Lotte Morales",""
"2750333","[PERF] Vantagepoint:2026.2: Kleinfelder: Performance Test","Vantagepoint","2750335","[PERF] Vantagepoint: 2026.2: Kleinfelder: - Test Execution","Lotte Morales","Tests (correct)","2804984","5.5_013_EmployeeSwitchListViewEdit","VP 2026.2 March 31 Run","2827975","Failed","Lotte Morales",""
"2750333","[PERF] Vantagepoint:2026.2: Kleinfelder: Performance Test","Vantagepoint","2750335","[PERF] Vantagepoint: 2026.2: Kleinfelder: - Test Execution","Lotte Morales","Tests (correct)","2804998","5.5_067_CreatePurchaseRequisitionSubmit","VP 2026.2 March 31 Run","2827975","Failed","Lotte Morales",""
"2750333","[PERF] Vantagepoint:2026.2: Kleinfelder: Performance Test","Vantagepoint","2750335","[PERF] Vantagepoint: 2026.2: Kleinfelder: - Test Execution","Lotte Morales","Tests (correct)","2804999","5.5_028_RunProjectEarningsReport","VP 2026.2 March 31 Run","2827975","Failed","Lotte Morales",""
"2750333","[PERF] Vantagepoint:2026.2: Kleinfelder: Performance Test","Vantagepoint","2750335","[PERF] Vantagepoint: 2026.2: Kleinfelder: - Test Execution","Lotte Morales","Tests (correct)","2805012","5.5_010_CreateBillingGroup","VP 2026.2 March 31 Run","2827975","Failed","Lotte Morales",""
"2750333","[PERF] Vantagepoint:2026.2: Kleinfelder: Performance Test","Vantagepoint","2750335","[PERF] Vantagepoint: 2026.2: Kleinfelder: - Test Execution","Lotte Morales","Tests (correct)","2805015","5.5_042_LinkUserToRole","VP 2026.2 March 31 Run","2827975","Failed","Lotte Morales",""
"2750333","[PERF] Vantagepoint:2026.2: Kleinfelder: Performance Test","Vantagepoint","2750335","[PERF] Vantagepoint: 2026.2: Kleinfelder: - Test Execution","Lotte Morales","Tests (correct)","2805020","6.0_053_UpdateProjectPlanTabs","VP 2026.2 March 31 Run","2827975","Failed","Lotte Morales",""
"2750333","[PERF] Vantagepoint:2026.2: Kleinfelder: Performance Test","Vantagepoint","2750335","[PERF] Vantagepoint: 2026.2: Kleinfelder: - Test Execution","Lotte Morales","Tests (correct)","2805025","6.5_060_VoidedInvoiceBiller","VP 2026.2 March 31 Run","2827975","Failed","Lotte Morales",""
"2750333","[PERF] Vantagepoint:2026.2: Kleinfelder: Performance Test","Vantagepoint","2750335","[PERF] Vantagepoint: 2026.2: Kleinfelder: - Test Execution","Lotte Morales","Tests (correct)","2805028","6.5_063_ProjectRequestApprovalProcessingCenter","VP 2026.2 March 31 Run","2827975","Failed","Lotte Morales",""
"2750333","[PERF] Vantagepoint:2026.2: Kleinfelder: Performance Test","Vantagepoint","2750335","[PERF] Vantagepoint: 2026.2: Kleinfelder: - Test Execution","Lotte Morales","Tests (correct)","2805035","7.1_069_ProjectEarningsReportBiller","VP 2026.2 March 31 Run","2827975","Failed","Lotte Morales",""
"2750333","[PERF] Vantagepoint:2026.2: Kleinfelder: Performance Test","Vantagepoint","2750335","[PERF] Vantagepoint: 2026.2: Kleinfelder: - Test Execution","Lotte Morales","Tests (correct)","2805038","7.2_072_CollectionsForecastMonthly","VP 2026.2 March 31 Run","2827975","Failed","Lotte Morales",""
"2750333","[PERF] Vantagepoint:2026.2: Kleinfelder: Performance Test","Vantagepoint","2750335","[PERF] Vantagepoint: 2026.2: Kleinfelder: - Test Execution","Lotte Morales","Tests (correct)","2805042","2025.1_075_DocumentManagementUnder300Records","VP 2026.2 March 31 Run","2827975","Failed","Lotte Morales",""
"2750333","[PERF] Vantagepoint:2026.2: Kleinfelder: Performance Test","Vantagepoint","2750335","[PERF] Vantagepoint: 2026.2: Kleinfelder: - Test Execution","Lotte Morales","Tests (correct)","2805043","2025.1_076_DocumentManagement300To600Records","VP 2026.2 March 31 Run","2827975","Failed","Lotte Morales",""
"2750333","[PERF] Vantagepoint:2026.2: Kleinfelder: Performance Test","Vantagepoint","2750335","[PERF] Vantagepoint: 2026.2: Kleinfelder: - Test Execution","Lotte Morales","Tests (correct)","2805044","2025.1_077_DocumentManagementOver600Records","VP 2026.2 March 31 Run","2827975","Failed","Lotte Morales",""
"2750333","[PERF] Vantagepoint:2026.2: Kleinfelder: Performance Test","Vantagepoint","2750335","[PERF] Vantagepoint: 2026.2: Kleinfelder: - Test Execution","Lotte Morales","Tests (correct)","2804973","5.5_025_DashboardARDetailBase","VP 2026.2 April 18 Run","2827976","Failed","Lotte Morales",""
"2750333","[PERF] Vantagepoint:2026.2: Kleinfelder: Performance Test","Vantagepoint","2750335","[PERF] Vantagepoint: 2026.2: Kleinfelder: - Test Execution","Lotte Morales","Tests (correct)","2804980","5.5_021_AddingPhasesTasksEPSG","VP 2026.2 April 18 Run","2827976","Failed","Lotte Morales",""
"2750333","[PERF] Vantagepoint:2026.2: Kleinfelder: Performance Test","Vantagepoint","2750335","[PERF] Vantagepoint: 2026.2: Kleinfelder: - Test Execution","Lotte Morales","Tests (correct)","2804984","5.5_013_EmployeeSwitchListViewEdit","VP 2026.2 April 18 Run","2827976","Failed","Lotte Morales",""
"2750333","[PERF] Vantagepoint:2026.2: Kleinfelder: Performance Test","Vantagepoint","2750335","[PERF] Vantagepoint: 2026.2: Kleinfelder: - Test Execution","Lotte Morales","Tests (correct)","2805000","5.5_056_RunProjectEarningsReportSummary","VP 2026.2 April 18 Run","2827976","Failed","Lotte Morales",""
"2750333","[PERF] Vantagepoint:2026.2: Kleinfelder: Performance Test","Vantagepoint","2750335","[PERF] Vantagepoint: 2026.2: Kleinfelder: - Test Execution","Lotte Morales","Tests (correct)","2805015","5.5_042_LinkUserToRole","VP 2026.2 April 18 Run","2827976","Failed","Lotte Morales",""
"2750333","[PERF] Vantagepoint:2026.2: Kleinfelder: Performance Test","Vantagepoint","2750335","[PERF] Vantagepoint: 2026.2: Kleinfelder: - Test Execution","Lotte Morales","Tests (correct)","2805028","6.5_063_ProjectRequestApprovalProcessingCenter","VP 2026.2 April 18 Run","2827976","Failed","Lotte Morales",""
"2750333","[PERF] Vantagepoint:2026.2: Kleinfelder: Performance Test","Vantagepoint","2750335","[PERF] Vantagepoint: 2026.2: Kleinfelder: - Test Execution","Lotte Morales","Tests (correct)","2805035","7.1_069_ProjectEarningsReportBiller","VP 2026.2 April 18 Run","2827976","Failed","Lotte Morales",""
"2750333","[PERF] Vantagepoint:2026.2: Kleinfelder: Performance Test","Vantagepoint","2750335","[PERF] Vantagepoint: 2026.2: Kleinfelder: - Test Execution","Lotte Morales","Tests (correct)","2805038","7.2_072_CollectionsForecastMonthly","VP 2026.2 April 18 Run","2827976","Failed","Lotte Morales",""
"2750333","[PERF] Vantagepoint:2026.2: Kleinfelder: Performance Test","Vantagepoint","2750335","[PERF] Vantagepoint: 2026.2: Kleinfelder: - Test Execution","Lotte Morales","Tests (correct)","2805042","2025.1_075_DocumentManagementUnder300Records","VP 2026.2 April 18 Run","2827976","Failed","Lotte Morales",""
"2750333","[PERF] Vantagepoint:2026.2: Kleinfelder: Performance Test","Vantagepoint","2750335","[PERF] Vantagepoint: 2026.2: Kleinfelder: - Test Execution","Lotte Morales","Tests (correct)","2805043","2025.1_076_DocumentManagement300To600Records","VP 2026.2 April 18 Run","2827976","Failed","Lotte Morales",""
"2750333","[PERF] Vantagepoint:2026.2: Kleinfelder: Performance Test","Vantagepoint","2750335","[PERF] Vantagepoint: 2026.2: Kleinfelder: - Test Execution","Lotte Morales","Tests (correct)","2805044","2025.1_077_DocumentManagementOver600Records","VP 2026.2 April 18 Run","2827976","Failed","Lotte Morales",""
"2824775","[PERF] Vantagepoint:2026.4: Kleinfelder: Quarterly Release Performance Test","Vantagepoint","2824776","[PERF] Vantagepoint: 2026.4: Kleinfelder: - Scripting","Lotte Morales","Tests (correct)","2804969","5.5_026_CreateExpenseReport","VP 2026.3 August 12 SQL2025 Run","2850716","Failed","Lotte Morales",""
"2824775","[PERF] Vantagepoint:2026.4: Kleinfelder: Quarterly Release Performance Test","Vantagepoint","2824776","[PERF] Vantagepoint: 2026.4: Kleinfelder: - Scripting","Lotte Morales","Tests (correct)","2804969","5.5_026_CreateExpenseReport","VP 2026.3 August 8 Run","2838551","Failed","Lotte Morales",""
"2824775","[PERF] Vantagepoint:2026.4: Kleinfelder: Quarterly Release Performance Test","Vantagepoint","2824776","[PERF] Vantagepoint: 2026.4: Kleinfelder: - Scripting","Lotte Morales","Tests (correct)","2804969","5.5_026_CreateExpenseReport","VP 2026.3 July 25 Run","2825051","Failed","Lotte Morales",""
"2824775","[PERF] Vantagepoint:2026.4: Kleinfelder: Quarterly Release Performance Test","Vantagepoint","2824776","[PERF] Vantagepoint: 2026.4: Kleinfelder: - Scripting","Lotte Morales","Tests (correct)","2804969","5.5_026_CreateExpenseReport","VP 2026.2 March 31 Run","2827975","Failed","Lotte Morales",""
"2824775","[PERF] Vantagepoint:2026.4: Kleinfelder: Quarterly Release Performance Test","Vantagepoint","2824776","[PERF] Vantagepoint: 2026.4: Kleinfelder: - Scripting","Lotte Morales","Tests (correct)","2804969","5.5_026_CreateExpenseReport","VP 2026.4 September 12 Weekend Run","2875813","Failed","Lotte Morales",""
"2824775","[PERF] Vantagepoint:2026.4: Kleinfelder: Quarterly Release Performance Test","Vantagepoint","2824776","[PERF] Vantagepoint: 2026.4: Kleinfelder: - Scripting","Lotte Morales","Tests (correct)","2804969","5.5_026_CreateExpenseReport","VP 2026.3 August 1 Run","2831362","Failed","Lotte Morales",""
"2824775","[PERF] Vantagepoint:2026.4: Kleinfelder: Quarterly Release Performance Test","Vantagepoint","2824776","[PERF] Vantagepoint: 2026.4: Kleinfelder: - Scripting","Lotte Morales","Tests (correct)","2804969","5.5_026_CreateExpenseReport","VP 2026.3 July 11 Run","2805058","Failed","Lotte Morales",""
"2824775","[PERF] Vantagepoint:2026.4: Kleinfelder: Quarterly Release Performance Test","Vantagepoint","2824776","[PERF] Vantagepoint: 2026.4: Kleinfelder: - Scripting","Lotte Morales","Tests (correct)","2804969","5.5_026_CreateExpenseReport","VP 2026.3 June 30 Run","2777010","Failed","Lotte Morales",""
"2824775","[PERF] Vantagepoint:2026.4: Kleinfelder: Quarterly Release Performance Test","Vantagepoint","2824776","[PERF] Vantagepoint: 2026.4: Kleinfelder: - Scripting","Lotte Morales","Tests (correct)","2804969","5.5_026_CreateExpenseReport","VP 2026.3 June 22 Run","2777009","Failed","Lotte Morales",""
"2824775","[PERF] Vantagepoint:2026.4: Kleinfelder: Quarterly Release Performance Test","Vantagepoint","2824776","[PERF] Vantagepoint: 2026.4: Kleinfelder: - Scripting","Lotte Morales","Tests (correct)","2804969","5.5_026_CreateExpenseReport","VP 2026.3 June 6 Run","2777000","Failed","Lotte Morales",""
"2824775","[PERF] Vantagepoint:2026.4: Kleinfelder: Quarterly Release Performance Test","Vantagepoint","2824776","[PERF] Vantagepoint: 2026.4: Kleinfelder: - Scripting","Lotte Morales","Tests (correct)","2804984","5.5_013_EmployeeSwitchListViewEdit","VP 2026.3 August 8 Run","2838551","Failed","Lotte Morales",""
"2824775","[PERF] Vantagepoint:2026.4: Kleinfelder: Quarterly Release Performance Test","Vantagepoint","2824776","[PERF] Vantagepoint: 2026.4: Kleinfelder: - Scripting","Lotte Morales","Tests (correct)","2804984","5.5_013_EmployeeSwitchListViewEdit","VP 2026.2 April 18 Run","2827976","Failed","Lotte Morales",""
"2824775","[PERF] Vantagepoint:2026.4: Kleinfelder: Quarterly Release Performance Test","Vantagepoint","2824776","[PERF] Vantagepoint: 2026.4: Kleinfelder: - Scripting","Lotte Morales","Tests (correct)","2804984","5.5_013_EmployeeSwitchListViewEdit","VP 2026.2 March 31 Run","2827975","Failed","Lotte Morales",""
"2824775","[PERF] Vantagepoint:2026.4: Kleinfelder: Quarterly Release Performance Test","Vantagepoint","2824776","[PERF] Vantagepoint: 2026.4: Kleinfelder: - Scripting","Lotte Morales","Tests (correct)","2804984","5.5_013_EmployeeSwitchListViewEdit","VP 2026.4 September 12 Weekend Run","2875813","Failed","Lotte Morales",""
"2824775","[PERF] Vantagepoint:2026.4: Kleinfelder: Quarterly Release Performance Test","Vantagepoint","2824776","[PERF] Vantagepoint: 2026.4: Kleinfelder: - Scripting","Lotte Morales","Tests (correct)","2804984","5.5_013_EmployeeSwitchListViewEdit","VP 2026.3 June 30 Run","2777010","Failed","Lotte Morales",""
"2824775","[PERF] Vantagepoint:2026.4: Kleinfelder: Quarterly Release Performance Test","Vantagepoint","2824776","[PERF] Vantagepoint: 2026.4: Kleinfelder: - Scripting","Lotte Morales","Tests (correct)","2804984","5.5_013_EmployeeSwitchListViewEdit","VP 2026.3 June 22 Run","2777009","Failed","Lotte Morales",""
"2824775","[PERF] Vantagepoint:2026.4: Kleinfelder: Quarterly Release Performance Test","Vantagepoint","2824776","[PERF] Vantagepoint: 2026.4: Kleinfelder: - Scripting","Lotte Morales","Tests (correct)","2804984","5.5_013_EmployeeSwitchListViewEdit","VP 2026.3 June 6 Run","2777000","Failed","Lotte Morales",""
"2824775","[PERF] Vantagepoint:2026.4: Kleinfelder: Quarterly Release Performance Test","Vantagepoint","2824776","[PERF] Vantagepoint: 2026.4: Kleinfelder: - Scripting","Lotte Morales","Tests (correct)","2804993","5.5_057_RunBatchBilling","VP 2026.3 August 8 Run","2838551","Failed","Lotte Morales",""
"2824775","[PERF] Vantagepoint:2026.4: Kleinfelder: Quarterly Release Performance Test","Vantagepoint","2824776","[PERF] Vantagepoint: 2026.4: Kleinfelder: - Scripting","Lotte Morales","Tests (correct)","2804993","5.5_057_RunBatchBilling","Smoke Test August 28, 2026","2863234","Failed","Lotte Morales",""
"2824775","[PERF] Vantagepoint:2026.4: Kleinfelder: Quarterly Release Performance Test","Vantagepoint","2824776","[PERF] Vantagepoint: 2026.4: Kleinfelder: - Scripting","Lotte Morales","Tests (correct)","2804993","5.5_057_RunBatchBilling","VP 2026.3 August 13 SQL2025 Run","2850717","Failed","Lotte Morales",""
"2824775","[PERF] Vantagepoint:2026.4: Kleinfelder: Quarterly Release Performance Test","Vantagepoint","2824776","[PERF] Vantagepoint: 2026.4: Kleinfelder: - Scripting","Lotte Morales","Tests (correct)","2805001","5.5_040_RunGeneralLedgerReport","VP 2026.3 August 8 Run","2838551","Failed","Lotte Morales",""
"2824775","[PERF] Vantagepoint:2026.4: Kleinfelder: Quarterly Release Performance Test","Vantagepoint","2824776","[PERF] Vantagepoint: 2026.4: Kleinfelder: - Scripting","Lotte Morales","Tests (correct)","2805001","5.5_040_RunGeneralLedgerReport","Smoke Test August 28, 2026","2863234","Failed","Lotte Morales",""
"2824775","[PERF] Vantagepoint:2026.4: Kleinfelder: Quarterly Release Performance Test","Vantagepoint","2824776","[PERF] Vantagepoint: 2026.4: Kleinfelder: - Scripting","Lotte Morales","Tests (correct)","2805001","5.5_040_RunGeneralLedgerReport","VP 2026.3 August 13 SQL2025 Run","2850717","Failed","Lotte Morales",""
"2824775","[PERF] Vantagepoint:2026.4: Kleinfelder: Quarterly Release Performance Test","Vantagepoint","2824776","[PERF] Vantagepoint: 2026.4: Kleinfelder: - Scripting","Lotte Morales","Tests (correct)","2805001","5.5_040_RunGeneralLedgerReport","VP 2026.3 June 6 Run","2777000","Failed","Lotte Morales",""
"2824775","[PERF] Vantagepoint:2026.4: Kleinfelder: Quarterly Release Performance Test","Vantagepoint","2824776","[PERF] Vantagepoint: 2026.4: Kleinfelder: - Scripting","Lotte Morales","Tests (correct)","2805004","5.5_037_RunAccountsPayableReport","VP 2026.3 August 8 Run","2838551","Failed","Lotte Morales",""
"2824775","[PERF] Vantagepoint:2026.4: Kleinfelder: Quarterly Release Performance Test","Vantagepoint","2824776","[PERF] Vantagepoint: 2026.4: Kleinfelder: - Scripting","Lotte Morales","Tests (correct)","2805004","5.5_037_RunAccountsPayableReport","VP 2026.3 July 25 Run","2825051","Failed","Lotte Morales",""
"2824775","[PERF] Vantagepoint:2026.4: Kleinfelder: Quarterly Release Performance Test","Vantagepoint","2824776","[PERF] Vantagepoint: 2026.4: Kleinfelder: - Scripting","Lotte Morales","Tests (correct)","2805004","5.5_037_RunAccountsPayableReport","Smoke Test August 28, 2026","2863234","Failed","Lotte Morales",""
"2824775","[PERF] Vantagepoint:2026.4: Kleinfelder: Quarterly Release Performance Test","Vantagepoint","2824776","[PERF] Vantagepoint: 2026.4: Kleinfelder: - Scripting","Lotte Morales","Tests (correct)","2805004","5.5_037_RunAccountsPayableReport","VP 2026.3 August 13 SQL2025 Run","2850717","Failed","Lotte Morales",""
"2824775","[PERF] Vantagepoint:2026.4: Kleinfelder: Quarterly Release Performance Test","Vantagepoint","2824776","[PERF] Vantagepoint: 2026.4: Kleinfelder: - Scripting","Lotte Morales","Tests (correct)","2805004","5.5_037_RunAccountsPayableReport","VP 2026.3 June 6 Run","2777000","Failed","Lotte Morales",""
"2824775","[PERF] Vantagepoint:2026.4: Kleinfelder: Quarterly Release Performance Test","Vantagepoint","2824776","[PERF] Vantagepoint: 2026.4: Kleinfelder: - Scripting","Lotte Morales","Tests (correct)","2805006","5.5_030_RunBillingReport","VP 2026.3 August 8 Run","2838551","Failed","Lotte Morales",""
"2824775","[PERF] Vantagepoint:2026.4: Kleinfelder: Quarterly Release Performance Test","Vantagepoint","2824776","[PERF] Vantagepoint: 2026.4: Kleinfelder: - Scripting","Lotte Morales","Tests (correct)","2805006","5.5_030_RunBillingReport","VP 2026.3 July 25 Run","2825051","Failed","Lotte Morales",""
"2824775","[PERF] Vantagepoint:2026.4: Kleinfelder: Quarterly Release Performance Test","Vantagepoint","2824776","[PERF] Vantagepoint: 2026.4: Kleinfelder: - Scripting","Lotte Morales","Tests (correct)","2805006","5.5_030_RunBillingReport","VP 2026.4 September 12 Weekend Run","2875813","Failed","Lotte Morales",""
"2824775","[PERF] Vantagepoint:2026.4: Kleinfelder: Quarterly Release Performance Test","Vantagepoint","2824776","[PERF] Vantagepoint: 2026.4: Kleinfelder: - Scripting","Lotte Morales","Tests (correct)","2805006","5.5_030_RunBillingReport","Smoke Test August 28, 2026","2863234","Failed","Lotte Morales",""
"2824775","[PERF] Vantagepoint:2026.4: Kleinfelder: Quarterly Release Performance Test","Vantagepoint","2824776","[PERF] Vantagepoint: 2026.4: Kleinfelder: - Scripting","Lotte Morales","Tests (correct)","2805006","5.5_030_RunBillingReport","VP 2026.3 August 13 SQL2025 Run","2850717","Failed","Lotte Morales",""
"2824775","[PERF] Vantagepoint:2026.4: Kleinfelder: Quarterly Release Performance Test","Vantagepoint","2824776","[PERF] Vantagepoint: 2026.4: Kleinfelder: - Scripting","Lotte Morales","Tests (correct)","2805024","6.5_058_DocumentDeliveryChannels","VP 2026.3 August 8 Run","2838551","Failed","Lotte Morales",""
"2824775","[PERF] Vantagepoint:2026.4: Kleinfelder: Quarterly Release Performance Test","Vantagepoint","2824776","[PERF] Vantagepoint: 2026.4: Kleinfelder: - Scripting","Lotte Morales","Tests (correct)","2805024","6.5_058_DocumentDeliveryChannels","VP 2026.3 July 18 Run","2823378","Failed","Lotte Morales",""
"2824775","[PERF] Vantagepoint:2026.4: Kleinfelder: Quarterly Release Performance Test","Vantagepoint","2824776","[PERF] Vantagepoint: 2026.4: Kleinfelder: - Scripting","Lotte Morales","Tests (correct)","2805024","6.5_058_DocumentDeliveryChannels","VP 2026.4 September 12 Weekend Run","2875813","Failed","Lotte Morales",""
"2824775","[PERF] Vantagepoint:2026.4: Kleinfelder: Quarterly Release Performance Test","Vantagepoint","2824776","[PERF] Vantagepoint: 2026.4: Kleinfelder: - Scripting","Lotte Morales","Tests (correct)","2805024","6.5_058_DocumentDeliveryChannels","VP 2026.3 July 11 Run","2805058","Failed","Lotte Morales",""
"2824775","[PERF] Vantagepoint:2026.4: Kleinfelder: Quarterly Release Performance Test","Vantagepoint","2824777","[PERF] Vantagepoint: 2026.4: Kleinfelder: - Test Execution","Lotte Morales","UNKNOWN (System.LinkTypes.Related)","2776949","5.5_034_CreatePurchaseOrderSubmit","Smoke Test August 28, 2026","2863234","Failed","Lotte Morales",""
"2824775","[PERF] Vantagepoint:2026.4: Kleinfelder: Quarterly Release Performance Test","Vantagepoint","2824777","[PERF] Vantagepoint: 2026.4: Kleinfelder: - Test Execution","Lotte Morales","UNKNOWN (System.LinkTypes.Related)","2776999","5.5_022_MultipleLoginsToTimesheets","Smoke Test August 28, 2026","2863234","Passed","Lotte Morales",""
"2824775","[PERF] Vantagepoint:2026.4: Kleinfelder: Quarterly Release Performance Test","Vantagepoint","2824777","[PERF] Vantagepoint: 2026.4: Kleinfelder: - Test Execution","Lotte Morales","UNKNOWN (System.LinkTypes.Related)","2804966","5.5_022_MultipleLoginsToTimesheets","Smoke Test August 28, 2026","2863234","Passed","Lotte Morales",""
"2824775","[PERF] Vantagepoint:2026.4: Kleinfelder: Quarterly Release Performance Test","Vantagepoint","2824777","[PERF] Vantagepoint: 2026.4: Kleinfelder: - Test Execution","Lotte Morales","UNKNOWN (System.LinkTypes.Related)","2804967","5.5_047_UpdateTimesheetHoursUnits","Smoke Test August 28, 2026","2863234","Passed","Lotte Morales",""
"2824775","[PERF] Vantagepoint:2026.4: Kleinfelder: Quarterly Release Performance Test","Vantagepoint","2824777","[PERF] Vantagepoint: 2026.4: Kleinfelder: - Test Execution","Lotte Morales","UNKNOWN (System.LinkTypes.Related)","2804968","5.5_005_UpdateSubmitTimesheets","Smoke Test August 28, 2026","2863234","Passed","Lotte Morales",""
"2824775","[PERF] Vantagepoint:2026.4: Kleinfelder: Quarterly Release Performance Test","Vantagepoint","2824777","[PERF] Vantagepoint: 2026.4: Kleinfelder: - Test Execution","Lotte Morales","UNKNOWN (System.LinkTypes.Related)","2804969","5.5_026_CreateExpenseReport","Smoke Test August 28, 2026","2863234","Passed","Lotte Morales",""
"2824775","[PERF] Vantagepoint:2026.4: Kleinfelder: Quarterly Release Performance Test","Vantagepoint","2824777","[PERF] Vantagepoint: 2026.4: Kleinfelder: - Test Execution","Lotte Morales","UNKNOWN (System.LinkTypes.Related)","2804970","5.5_023_ApprovalCenterTimesheetExpense","Smoke Test August 28, 2026","2863234","Passed","Lotte Morales",""
"2824775","[PERF] Vantagepoint:2026.4: Kleinfelder: Quarterly Release Performance Test","Vantagepoint","2824777","[PERF] Vantagepoint: 2026.4: Kleinfelder: - Test Execution","Lotte Morales","UNKNOWN (System.LinkTypes.Related)","2804971","5.5_024_DashboardAccountDetailBase","Smoke Test August 28, 2026","2863234","Passed","Lotte Morales",""
"2824775","[PERF] Vantagepoint:2026.4: Kleinfelder: Quarterly Release Performance Test","Vantagepoint","2824777","[PERF] Vantagepoint: 2026.4: Kleinfelder: - Test Execution","Lotte Morales","UNKNOWN (System.LinkTypes.Related)","2804972","5.5_004_DashboardProjectBase","Smoke Test August 28, 2026","2863234","Failed","Lotte Morales",""
"2824775","[PERF] Vantagepoint:2026.4: Kleinfelder: Quarterly Release Performance Test","Vantagepoint","2824777","[PERF] Vantagepoint: 2026.4: Kleinfelder: - Test Execution","Lotte Morales","UNKNOWN (System.LinkTypes.Related)","2804973","5.5_025_DashboardARDetailBase","Smoke Test August 28, 2026","2863234","Failed","Lotte Morales",""
"2824775","[PERF] Vantagepoint:2026.4: Kleinfelder: Quarterly Release Performance Test","Vantagepoint","2824777","[PERF] Vantagepoint: 2026.4: Kleinfelder: - Test Execution","Lotte Morales","UNKNOWN (System.LinkTypes.Related)","2804974","5.5_036_ProjectViewChangeScale","Smoke Test August 28, 2026","2863234","Passed","Lotte Morales",""
"2824775","[PERF] Vantagepoint:2026.4: Kleinfelder: Quarterly Release Performance Test","Vantagepoint","2824777","[PERF] Vantagepoint: 2026.4: Kleinfelder: - Test Execution","Lotte Morales","UNKNOWN (System.LinkTypes.Related)","2804975","5.5_029_ResourceViewAddAssignment","Smoke Test August 28, 2026","2863234","Passed","Lotte Morales",""
"2824775","[PERF] Vantagepoint:2026.4: Kleinfelder: Quarterly Release Performance Test","Vantagepoint","2824777","[PERF] Vantagepoint: 2026.4: Kleinfelder: - Test Execution","Lotte Morales","UNKNOWN (System.LinkTypes.Related)","2804976","5.5_039_ResourceViewApplyProjectFilter","Smoke Test August 28, 2026","2863234","Passed","Lotte Morales",""
"2824775","[PERF] Vantagepoint:2026.4: Kleinfelder: Quarterly Release Performance Test","Vantagepoint","2824777","[PERF] Vantagepoint: 2026.4: Kleinfelder: - Test Execution","Lotte Morales","UNKNOWN (System.LinkTypes.Related)","2804977","5.5_038_ReferenceNewEmployeeSearchFields","Smoke Test August 28, 2026","2863234","Passed","Lotte Morales",""
"2824775","[PERF] Vantagepoint:2026.4: Kleinfelder: Quarterly Release Performance Test","Vantagepoint","2824777","[PERF] Vantagepoint: 2026.4: Kleinfelder: - Test Execution","Lotte Morales","UNKNOWN (System.LinkTypes.Related)","2804978","5.5_044_ApplyNewEmployeeSearchFields","Smoke Test August 28, 2026","2863234","Passed","Lotte Morales",""
"2824775","[PERF] Vantagepoint:2026.4: Kleinfelder: Quarterly Release Performance Test","Vantagepoint","2824777","[PERF] Vantagepoint: 2026.4: Kleinfelder: - Test Execution","Lotte Morales","UNKNOWN (System.LinkTypes.Related)","2804979","5.5_020_ApplySavedSearchResourceView","Smoke Test August 28, 2026","2863234","Passed","Lotte Morales",""
"2824775","[PERF] Vantagepoint:2026.4: Kleinfelder: Quarterly Release Performance Test","Vantagepoint","2824777","[PERF] Vantagepoint: 2026.4: Kleinfelder: - Test Execution","Lotte Morales","UNKNOWN (System.LinkTypes.Related)","2804980","5.5_021_AddingPhasesTasksEPSG","Smoke Test August 28, 2026","2863234","Passed","Lotte Morales",""
"2824775","[PERF] Vantagepoint:2026.4: Kleinfelder: Quarterly Release Performance Test","Vantagepoint","2824777","[PERF] Vantagepoint: 2026.4: Kleinfelder: - Test Execution","Lotte Morales","UNKNOWN (System.LinkTypes.Related)","2804981","5.5_032_CreateProjectFromAnother","Smoke Test August 28, 2026","2863234","Passed","Lotte Morales",""
"2824775","[PERF] Vantagepoint:2026.4: Kleinfelder: Quarterly Release Performance Test","Vantagepoint","2824777","[PERF] Vantagepoint: 2026.4: Kleinfelder: - Test Execution","Lotte Morales","UNKNOWN (System.LinkTypes.Related)","2804982","5.5_002_ProjectSwitchListViewEdit","Smoke Test August 28, 2026","2863234","Passed","Lotte Morales",""
"2824775","[PERF] Vantagepoint:2026.4: Kleinfelder: Quarterly Release Performance Test","Vantagepoint","2824777","[PERF] Vantagepoint: 2026.4: Kleinfelder: - Test Execution","Lotte Morales","UNKNOWN (System.LinkTypes.Related)","2804983","5.5_016_CreateEmployee","Smoke Test August 28, 2026","2863234","Passed","Lotte Morales",""
"2824775","[PERF] Vantagepoint:2026.4: Kleinfelder: Quarterly Release Performance Test","Vantagepoint","2824777","[PERF] Vantagepoint: 2026.4: Kleinfelder: - Test Execution","Lotte Morales","UNKNOWN (System.LinkTypes.Related)","2804984","5.5_013_EmployeeSwitchListViewEdit","Smoke Test August 28, 2026","2863234","Passed","Lotte Morales",""
"2824775","[PERF] Vantagepoint:2026.4: Kleinfelder: Quarterly Release Performance Test","Vantagepoint","2824777","[PERF] Vantagepoint: 2026.4: Kleinfelder: - Test Execution","Lotte Morales","UNKNOWN (System.LinkTypes.Related)","2804985","5.5_003_CreateActivity","Smoke Test August 28, 2026","2863234","Passed","Lotte Morales",""
"2824775","[PERF] Vantagepoint:2026.4: Kleinfelder: Quarterly Release Performance Test","Vantagepoint","2824777","[PERF] Vantagepoint: 2026.4: Kleinfelder: - Test Execution","Lotte Morales","UNKNOWN (System.LinkTypes.Related)","2804986","5.5_015_ContactSwitchListViewEdit","Smoke Test August 28, 2026","2863234","Passed","Lotte Morales",""
"2824775","[PERF] Vantagepoint:2026.4: Kleinfelder: Quarterly Release Performance Test","Vantagepoint","2824777","[PERF] Vantagepoint: 2026.4: Kleinfelder: - Test Execution","Lotte Morales","UNKNOWN (System.LinkTypes.Related)","2804987","5.5_018_FirmSwitchListViewEdit","Smoke Test August 28, 2026","2863234","Passed","Lotte Morales",""
"2824775","[PERF] Vantagepoint:2026.4: Kleinfelder: Quarterly Release Performance Test","Vantagepoint","2824777","[PERF] Vantagepoint: 2026.4: Kleinfelder: - Test Execution","Lotte Morales","UNKNOWN (System.LinkTypes.Related)","2804988","5.5_014_RetrieveClientsOutstandingAR","Smoke Test August 28, 2026","2863234","Failed","Lotte Morales",""
"2824775","[PERF] Vantagepoint:2026.4: Kleinfelder: Quarterly Release Performance Test","Vantagepoint","2824777","[PERF] Vantagepoint: 2026.4: Kleinfelder: - Test Execution","Lotte Morales","UNKNOWN (System.LinkTypes.Related)","2804989","5.5_017_RetrieveVouchersActiveVendors","Smoke Test August 28, 2026","2863234","Passed","Lotte Morales",""
"2824775","[PERF] Vantagepoint:2026.4: Kleinfelder: Quarterly Release Performance Test","Vantagepoint","2824777","[PERF] Vantagepoint: 2026.4: Kleinfelder: - Test Execution","Lotte Morales","UNKNOWN (System.LinkTypes.Related)","2804990","5.5_049_CreateAPVoucherTransactions","Smoke Test August 28, 2026","2863234","Passed","Lotte Morales",""
"2824775","[PERF] Vantagepoint:2026.4: Kleinfelder: Quarterly Release Performance Test","Vantagepoint","2824777","[PERF] Vantagepoint: 2026.4: Kleinfelder: - Test Execution","Lotte Morales","UNKNOWN (System.LinkTypes.Related)","2804991","5.5_012_CreateVendorPaymentRun","Smoke Test August 28, 2026","2863234","Failed","Lotte Morales",""
"2824775","[PERF] Vantagepoint:2026.4: Kleinfelder: Quarterly Release Performance Test","Vantagepoint","2824777","[PERF] Vantagepoint: 2026.4: Kleinfelder: - Test Execution","Lotte Morales","UNKNOWN (System.LinkTypes.Related)","2804992","5.5_045_CreateEmployeePaymentRun","Smoke Test August 28, 2026","2863234","Failed","Lotte Morales",""
"2824775","[PERF] Vantagepoint:2026.4: Kleinfelder: Quarterly Release Performance Test","Vantagepoint","2824777","[PERF] Vantagepoint: 2026.4: Kleinfelder: - Test Execution","Lotte Morales","UNKNOWN (System.LinkTypes.Related)","2804993","5.5_057_RunBatchBilling","Smoke Test August 28, 2026","2863234","Failed","Lotte Morales",""
"2824775","[PERF] Vantagepoint:2026.4: Kleinfelder: Quarterly Release Performance Test","Vantagepoint","2824777","[PERF] Vantagepoint: 2026.4: Kleinfelder: - Test Execution","Lotte Morales","UNKNOWN (System.LinkTypes.Related)","2804994","5.5_011_PreviewInvoiceInteractiveBilling","Smoke Test August 28, 2026","2863234","Failed","Lotte Morales",""
"2824775","[PERF] Vantagepoint:2026.4: Kleinfelder: Quarterly Release Performance Test","Vantagepoint","2824777","[PERF] Vantagepoint: 2026.4: Kleinfelder: - Test Execution","Lotte Morales","UNKNOWN (System.LinkTypes.Related)","2804995","5.5_048_CreateCashReceiptTransactions","Smoke Test August 28, 2026","2863234","Passed","Lotte Morales",""
"2824775","[PERF] Vantagepoint:2026.4: Kleinfelder: Quarterly Release Performance Test","Vantagepoint","2824777","[PERF] Vantagepoint: 2026.4: Kleinfelder: - Test Execution","Lotte Morales","UNKNOWN (System.LinkTypes.Related)","2804996","5.5_034_CreatePurchaseOrderSubmit","Smoke Test August 28, 2026","2863234","Failed","Lotte Morales",""
"2824775","[PERF] Vantagepoint:2026.4: Kleinfelder: Quarterly Release Performance Test","Vantagepoint","2824777","[PERF] Vantagepoint: 2026.4: Kleinfelder: - Test Execution","Lotte Morales","UNKNOWN (System.LinkTypes.Related)","2804997","5.5_035_CreateItemInPurchaseOrder","Smoke Test August 28, 2026","2863234","Failed","Lotte Morales",""
"2824775","[PERF] Vantagepoint:2026.4: Kleinfelder: Quarterly Release Performance Test","Vantagepoint","2824777","[PERF] Vantagepoint: 2026.4: Kleinfelder: - Test Execution","Lotte Morales","UNKNOWN (System.LinkTypes.Related)","2804998","5.5_067_CreatePurchaseRequisitionSubmit","Smoke Test August 28, 2026","2863234","Failed","Lotte Morales",""
"2824775","[PERF] Vantagepoint:2026.4: Kleinfelder: Quarterly Release Performance Test","Vantagepoint","2824777","[PERF] Vantagepoint: 2026.4: Kleinfelder: - Test Execution","Lotte Morales","UNKNOWN (System.LinkTypes.Related)","2804999","5.5_028_RunProjectEarningsReport","Smoke Test August 28, 2026","2863234","Failed","Lotte Morales",""
"2824775","[PERF] Vantagepoint:2026.4: Kleinfelder: Quarterly Release Performance Test","Vantagepoint","2824777","[PERF] Vantagepoint: 2026.4: Kleinfelder: - Test Execution","Lotte Morales","UNKNOWN (System.LinkTypes.Related)","2805000","5.5_056_RunProjectEarningsReportSummary","Smoke Test August 28, 2026","2863234","Failed","Lotte Morales",""
"2824775","[PERF] Vantagepoint:2026.4: Kleinfelder: Quarterly Release Performance Test","Vantagepoint","2824777","[PERF] Vantagepoint: 2026.4: Kleinfelder: - Test Execution","Lotte Morales","UNKNOWN (System.LinkTypes.Related)","2805001","5.5_040_RunGeneralLedgerReport","Smoke Test August 28, 2026","2863234","Failed","Lotte Morales",""
"2824775","[PERF] Vantagepoint:2026.4: Kleinfelder: Quarterly Release Performance Test","Vantagepoint","2824777","[PERF] Vantagepoint: 2026.4: Kleinfelder: - Test Execution","Lotte Morales","UNKNOWN (System.LinkTypes.Related)","2805002","5.5_068_RunGeneralLedgerReportSummary","Smoke Test August 28, 2026","2863234","Failed","Lotte Morales",""
"2824775","[PERF] Vantagepoint:2026.4: Kleinfelder: Quarterly Release Performance Test","Vantagepoint","2824777","[PERF] Vantagepoint: 2026.4: Kleinfelder: - Test Execution","Lotte Morales","UNKNOWN (System.LinkTypes.Related)","2805003","5.5_027_RunAccountingReport","Smoke Test August 28, 2026","2863234","Failed","Lotte Morales",""
"2824775","[PERF] Vantagepoint:2026.4: Kleinfelder: Quarterly Release Performance Test","Vantagepoint","2824777","[PERF] Vantagepoint: 2026.4: Kleinfelder: - Test Execution","Lotte Morales","UNKNOWN (System.LinkTypes.Related)","2805004","5.5_037_RunAccountsPayableReport","Smoke Test August 28, 2026","2863234","Failed","Lotte Morales",""
"2824775","[PERF] Vantagepoint:2026.4: Kleinfelder: Quarterly Release Performance Test","Vantagepoint","2824777","[PERF] Vantagepoint: 2026.4: Kleinfelder: - Test Execution","Lotte Morales","UNKNOWN (System.LinkTypes.Related)","2805005","5.5_006_RunAccountsReceivableReport","Smoke Test August 28, 2026","2863234","Failed","Lotte Morales",""
"2824775","[PERF] Vantagepoint:2026.4: Kleinfelder: Quarterly Release Performance Test","Vantagepoint","2824777","[PERF] Vantagepoint: 2026.4: Kleinfelder: - Test Execution","Lotte Morales","UNKNOWN (System.LinkTypes.Related)","2805006","5.5_030_RunBillingReport","Smoke Test August 28, 2026","2863234","Failed","Lotte Morales",""
"2824775","[PERF] Vantagepoint:2026.4: Kleinfelder: Quarterly Release Performance Test","Vantagepoint","2824777","[PERF] Vantagepoint: 2026.4: Kleinfelder: - Test Execution","Lotte Morales","UNKNOWN (System.LinkTypes.Related)","2805007","5.5_008_RunResourcePlanningReport","Smoke Test August 28, 2026","2863234","Failed","Lotte Morales",""
"2824775","[PERF] Vantagepoint:2026.4: Kleinfelder: Quarterly Release Performance Test","Vantagepoint","2824777","[PERF] Vantagepoint: 2026.4: Kleinfelder: - Test Execution","Lotte Morales","UNKNOWN (System.LinkTypes.Related)","2805008","5.5_031_CreatePayrollPaymentRunAll","Smoke Test August 28, 2026","2863234","Failed","Lotte Morales",""
"2824775","[PERF] Vantagepoint:2026.4: Kleinfelder: Quarterly Release Performance Test","Vantagepoint","2824777","[PERF] Vantagepoint: 2026.4: Kleinfelder: - Test Execution","Lotte Morales","UNKNOWN (System.LinkTypes.Related)","2805009","5.5_009_RunRevenueGeneration","Smoke Test August 28, 2026","2863234","Failed","Lotte Morales",""
"2824775","[PERF] Vantagepoint:2026.4: Kleinfelder: Quarterly Release Performance Test","Vantagepoint","2824777","[PERF] Vantagepoint: 2026.4: Kleinfelder: - Test Execution","Lotte Morales","UNKNOWN (System.LinkTypes.Related)","2805010","5.5_007_RunOverheadAllocation","Smoke Test August 28, 2026","2863234","Failed","Lotte Morales",""
"2824775","[PERF] Vantagepoint:2026.4: Kleinfelder: Quarterly Release Performance Test","Vantagepoint","2824777","[PERF] Vantagepoint: 2026.4: Kleinfelder: - Test Execution","Lotte Morales","UNKNOWN (System.LinkTypes.Related)","2805011","5.5_019_CreateBillingTerms","Smoke Test August 28, 2026","2863234","Passed","Lotte Morales",""
"2824775","[PERF] Vantagepoint:2026.4: Kleinfelder: Quarterly Release Performance Test","Vantagepoint","2824777","[PERF] Vantagepoint: 2026.4: Kleinfelder: - Test Execution","Lotte Morales","UNKNOWN (System.LinkTypes.Related)","2805012","5.5_010_CreateBillingGroup","Smoke Test August 28, 2026","2863234","Passed","Lotte Morales",""
"2824775","[PERF] Vantagepoint:2026.4: Kleinfelder: Quarterly Release Performance Test","Vantagepoint","2824777","[PERF] Vantagepoint: 2026.4: Kleinfelder: - Test Execution","Lotte Morales","UNKNOWN (System.LinkTypes.Related)","2805013","5.5_033_CreateCustomProposalProjectLookup","Smoke Test August 28, 2026","2863234","Passed","Lotte Morales",""
"2824775","[PERF] Vantagepoint:2026.4: Kleinfelder: Quarterly Release Performance Test","Vantagepoint","2824777","[PERF] Vantagepoint: 2026.4: Kleinfelder: - Test Execution","Lotte Morales","UNKNOWN (System.LinkTypes.Related)","2805014","5.5_041_CreateRole","Smoke Test August 28, 2026","2863234","Passed","Lotte Morales",""
"2824775","[PERF] Vantagepoint:2026.4: Kleinfelder: Quarterly Release Performance Test","Vantagepoint","2824777","[PERF] Vantagepoint: 2026.4: Kleinfelder: - Test Execution","Lotte Morales","UNKNOWN (System.LinkTypes.Related)","2805015","5.5_042_LinkUserToRole","Smoke Test August 28, 2026","2863234","Failed","Lotte Morales",""
"2824775","[PERF] Vantagepoint:2026.4: Kleinfelder: Quarterly Release Performance Test","Vantagepoint","2824777","[PERF] Vantagepoint: 2026.4: Kleinfelder: - Test Execution","Lotte Morales","UNKNOWN (System.LinkTypes.Related)","2805016","5.5_043_CreateBillingLaborRateTable","Smoke Test August 28, 2026","2863234","Passed","Lotte Morales",""
"2824775","[PERF] Vantagepoint:2026.4: Kleinfelder: Quarterly Release Performance Test","Vantagepoint","2824777","[PERF] Vantagepoint: 2026.4: Kleinfelder: - Test Execution","Lotte Morales","UNKNOWN (System.LinkTypes.Related)","2805018","6.0_055_AcceptQuantityPurchaseOrderLineItems","Smoke Test August 28, 2026","2863234","Passed","Lotte Morales",""
"2824775","[PERF] Vantagepoint:2026.4: Kleinfelder: Quarterly Release Performance Test","Vantagepoint","2824777","[PERF] Vantagepoint: 2026.4: Kleinfelder: - Test Execution","Lotte Morales","UNKNOWN (System.LinkTypes.Related)","2805019","6.0_051_ItemReviewLoadAllItems","Smoke Test August 28, 2026","2863234","Passed","Lotte Morales",""
"2824775","[PERF] Vantagepoint:2026.4: Kleinfelder: Quarterly Release Performance Test","Vantagepoint","2824777","[PERF] Vantagepoint: 2026.4: Kleinfelder: - Test Execution","Lotte Morales","UNKNOWN (System.LinkTypes.Related)","2805020","6.0_053_UpdateProjectPlanTabs","Smoke Test August 28, 2026","2863234","Passed","Lotte Morales",""
"2824775","[PERF] Vantagepoint:2026.4: Kleinfelder: Quarterly Release Performance Test","Vantagepoint","2824777","[PERF] Vantagepoint: 2026.4: Kleinfelder: - Test Execution","Lotte Morales","UNKNOWN (System.LinkTypes.Related)","2805021","6.0_054_CreateProjectWithPreawardNumber","Smoke Test August 28, 2026","2863234","Passed","Lotte Morales",""
"2824775","[PERF] Vantagepoint:2026.4: Kleinfelder: Quarterly Release Performance Test","Vantagepoint","2824777","[PERF] Vantagepoint: 2026.4: Kleinfelder: - Test Execution","Lotte Morales","UNKNOWN (System.LinkTypes.Related)","2805022","6.0_052_CreateInvoiceTemplates","Smoke Test August 28, 2026","2863234","Failed","Lotte Morales",""
"2824775","[PERF] Vantagepoint:2026.4: Kleinfelder: Quarterly Release Performance Test","Vantagepoint","2824777","[PERF] Vantagepoint: 2026.4: Kleinfelder: - Test Execution","Lotte Morales","UNKNOWN (System.LinkTypes.Related)","2805023","6.0_050_CreatePersonalDashboards","Smoke Test August 28, 2026","2863234","Passed","Lotte Morales",""
"2824775","[PERF] Vantagepoint:2026.4: Kleinfelder: Quarterly Release Performance Test","Vantagepoint","2824777","[PERF] Vantagepoint: 2026.4: Kleinfelder: - Test Execution","Lotte Morales","UNKNOWN (System.LinkTypes.Related)","2805024","6.5_058_DocumentDeliveryChannels","Smoke Test August 28, 2026","2863234","Passed","Lotte Morales",""
"2824775","[PERF] Vantagepoint:2026.4: Kleinfelder: Quarterly Release Performance Test","Vantagepoint","2824777","[PERF] Vantagepoint: 2026.4: Kleinfelder: - Test Execution","Lotte Morales","UNKNOWN (System.LinkTypes.Related)","2805025","6.5_060_VoidedInvoiceBiller","Smoke Test August 28, 2026","2863234","Failed","Lotte Morales",""
"2824775","[PERF] Vantagepoint:2026.4: Kleinfelder: Quarterly Release Performance Test","Vantagepoint","2824777","[PERF] Vantagepoint: 2026.4: Kleinfelder: - Test Execution","Lotte Morales","UNKNOWN (System.LinkTypes.Related)","2805026","6.5_061_TimesheetFrequencyCostStructure","Smoke Test August 28, 2026","2863234","Passed","Lotte Morales",""
"2824775","[PERF] Vantagepoint:2026.4: Kleinfelder: Quarterly Release Performance Test","Vantagepoint","2824777","[PERF] Vantagepoint: 2026.4: Kleinfelder: - Test Execution","Lotte Morales","UNKNOWN (System.LinkTypes.Related)","2805027","6.5_062_VoidedInvoiceProjectManager","Smoke Test August 28, 2026","2863234","Passed","Lotte Morales",""
"2824775","[PERF] Vantagepoint:2026.4: Kleinfelder: Quarterly Release Performance Test","Vantagepoint","2824777","[PERF] Vantagepoint: 2026.4: Kleinfelder: - Test Execution","Lotte Morales","UNKNOWN (System.LinkTypes.Related)","2805028","6.5_063_ProjectRequestApprovalProcessingCenter","Smoke Test August 28, 2026","2863234","Passed","Lotte Morales",""
"2824775","[PERF] Vantagepoint:2026.4: Kleinfelder: Quarterly Release Performance Test","Vantagepoint","2824777","[PERF] Vantagepoint: 2026.4: Kleinfelder: - Test Execution","Lotte Morales","UNKNOWN (System.LinkTypes.Related)","2805029","6.5_065_NavigationBarMyHub","Smoke Test August 28, 2026","2863234","Passed","Lotte Morales",""
"2824775","[PERF] Vantagepoint:2026.4: Kleinfelder: Quarterly Release Performance Test","Vantagepoint","2824777","[PERF] Vantagepoint: 2026.4: Kleinfelder: - Test Execution","Lotte Morales","UNKNOWN (System.LinkTypes.Related)","2805030","6.5_066_EmployeeSearchReports","Smoke Test August 28, 2026","2863234","Failed","Lotte Morales",""
"2824775","[PERF] Vantagepoint:2026.4: Kleinfelder: Quarterly Release Performance Test","Vantagepoint","2824777","[PERF] Vantagepoint: 2026.4: Kleinfelder: - Test Execution","Lotte Morales","UNKNOWN (System.LinkTypes.Related)","2805031","6.5_059_GeneralLedgerGroups","Smoke Test August 28, 2026","2863234","Passed","Lotte Morales",""
"2824775","[PERF] Vantagepoint:2026.4: Kleinfelder: Quarterly Release Performance Test","Vantagepoint","2824777","[PERF] Vantagepoint: 2026.4: Kleinfelder: - Test Execution","Lotte Morales","UNKNOWN (System.LinkTypes.Related)","2805032","7.0_064_ProjectListViewExplicitSave","Smoke Test August 28, 2026","2863234","Passed","Lotte Morales",""
"2824775","[PERF] Vantagepoint:2026.4: Kleinfelder: Quarterly Release Performance Test","Vantagepoint","2824777","[PERF] Vantagepoint: 2026.4: Kleinfelder: - Test Execution","Lotte Morales","UNKNOWN (System.LinkTypes.Related)","2805033","7.0_046_RunOfficeEarningsReport","Smoke Test August 28, 2026","2863234","Failed","Lotte Morales",""
"2824775","[PERF] Vantagepoint:2026.4: Kleinfelder: Quarterly Release Performance Test","Vantagepoint","2824777","[PERF] Vantagepoint: 2026.4: Kleinfelder: - Test Execution","Lotte Morales","UNKNOWN (System.LinkTypes.Related)","2805035","7.1_069_ProjectEarningsReportBiller","Smoke Test August 28, 2026","2863234","Failed","Lotte Morales",""
"2824775","[PERF] Vantagepoint:2026.4: Kleinfelder: Quarterly Release Performance Test","Vantagepoint","2824777","[PERF] Vantagepoint: 2026.4: Kleinfelder: - Test Execution","Lotte Morales","UNKNOWN (System.LinkTypes.Related)","2805036","7.1_070_CreateMiscellaneousExpensesTransactions","Smoke Test August 28, 2026","2863234","Passed","Lotte Morales",""
"2824775","[PERF] Vantagepoint:2026.4: Kleinfelder: Quarterly Release Performance Test","Vantagepoint","2824777","[PERF] Vantagepoint: 2026.4: Kleinfelder: - Test Execution","Lotte Morales","UNKNOWN (System.LinkTypes.Related)","2805037","7.2_071_CollectionsForecastBaseline","Smoke Test August 28, 2026","2863234","Passed","Lotte Morales",""
"2824775","[PERF] Vantagepoint:2026.4: Kleinfelder: Quarterly Release Performance Test","Vantagepoint","2824777","[PERF] Vantagepoint: 2026.4: Kleinfelder: - Test Execution","Lotte Morales","UNKNOWN (System.LinkTypes.Related)","2805038","7.2_072_CollectionsForecastMonthly","Smoke Test August 28, 2026","2863234","Failed","Lotte Morales",""
"2824775","[PERF] Vantagepoint:2026.4: Kleinfelder: Quarterly Release Performance Test","Vantagepoint","2824777","[PERF] Vantagepoint: 2026.4: Kleinfelder: - Test Execution","Lotte Morales","UNKNOWN (System.LinkTypes.Related)","2805039","7.2_073_CollectionsForecastWeekly","Smoke Test August 28, 2026","2863234","Passed","Lotte Morales",""
"2824775","[PERF] Vantagepoint:2026.4: Kleinfelder: Quarterly Release Performance Test","Vantagepoint","2824777","[PERF] Vantagepoint: 2026.4: Kleinfelder: - Test Execution","Lotte Morales","UNKNOWN (System.LinkTypes.Related)","2805041","2025.1_074_CreateClarityDashpart","Smoke Test August 28, 2026","2863234","Failed","Lotte Morales",""
"2824775","[PERF] Vantagepoint:2026.4: Kleinfelder: Quarterly Release Performance Test","Vantagepoint","2824777","[PERF] Vantagepoint: 2026.4: Kleinfelder: - Test Execution","Lotte Morales","UNKNOWN (System.LinkTypes.Related)","2805042","2025.1_075_DocumentManagementUnder300Records","Smoke Test August 28, 2026","2863234","Failed","Lotte Morales",""
"2824775","[PERF] Vantagepoint:2026.4: Kleinfelder: Quarterly Release Performance Test","Vantagepoint","2824777","[PERF] Vantagepoint: 2026.4: Kleinfelder: - Test Execution","Lotte Morales","UNKNOWN (System.LinkTypes.Related)","2805043","2025.1_076_DocumentManagement300To600Records","Smoke Test August 28, 2026","2863234","Failed","Lotte Morales",""
"2824775","[PERF] Vantagepoint:2026.4: Kleinfelder: Quarterly Release Performance Test","Vantagepoint","2824777","[PERF] Vantagepoint: 2026.4: Kleinfelder: - Test Execution","Lotte Morales","UNKNOWN (System.LinkTypes.Related)","2805044","2025.1_077_DocumentManagementOver600Records","Smoke Test August 28, 2026","2863234","Failed","Lotte Morales",""
"2824775","[PERF] Vantagepoint:2026.4: Kleinfelder: Quarterly Release Performance Test","Vantagepoint","2824777","[PERF] Vantagepoint: 2026.4: Kleinfelder: - Test Execution","Lotte Morales","UNKNOWN (System.LinkTypes.Related)","2805045","2025.3_078_ProjectCrossHubSearching","Smoke Test August 28, 2026","2863234","Passed","Lotte Morales",""
"2824775","[PERF] Vantagepoint:2026.4: Kleinfelder: Quarterly Release Performance Test","Vantagepoint","2824777","[PERF] Vantagepoint: 2026.4: Kleinfelder: - Test Execution","Lotte Morales","UNKNOWN (System.LinkTypes.Related)","2805046","2025.3_079_BillingTermsListView","Smoke Test August 28, 2026","2863234","Passed","Lotte Morales",""
"2824775","[PERF] Vantagepoint:2026.4: Kleinfelder: Quarterly Release Performance Test","Vantagepoint","2824777","[PERF] Vantagepoint: 2026.4: Kleinfelder: - Test Execution","Lotte Morales","UNKNOWN (System.LinkTypes.Related)","2776949","5.5_034_CreatePurchaseOrderSubmit","VP 2026.4 August 29 Run","2863235","Unspecified","Lotte Morales",""
"2824775","[PERF] Vantagepoint:2026.4: Kleinfelder: Quarterly Release Performance Test","Vantagepoint","2824777","[PERF] Vantagepoint: 2026.4: Kleinfelder: - Test Execution","Lotte Morales","UNKNOWN (System.LinkTypes.Related)","2776999","5.5_022_MultipleLoginsToTimesheets","VP 2026.4 August 29 Run","2863235","Unspecified","Lotte Morales",""
"2824775","[PERF] Vantagepoint:2026.4: Kleinfelder: Quarterly Release Performance Test","Vantagepoint","2824777","[PERF] Vantagepoint: 2026.4: Kleinfelder: - Test Execution","Lotte Morales","UNKNOWN (System.LinkTypes.Related)","2804966","5.5_022_MultipleLoginsToTimesheets","VP 2026.4 August 29 Run","2863235","Unspecified","Lotte Morales",""
"2824775","[PERF] Vantagepoint:2026.4: Kleinfelder: Quarterly Release Performance Test","Vantagepoint","2824777","[PERF] Vantagepoint: 2026.4: Kleinfelder: - Test Execution","Lotte Morales","UNKNOWN (System.LinkTypes.Related)","2804967","5.5_047_UpdateTimesheetHoursUnits","VP 2026.4 August 29 Run","2863235","Unspecified","Lotte Morales",""
"2824775","[PERF] Vantagepoint:2026.4: Kleinfelder: Quarterly Release Performance Test","Vantagepoint","2824777","[PERF] Vantagepoint: 2026.4: Kleinfelder: - Test Execution","Lotte Morales","UNKNOWN (System.LinkTypes.Related)","2804968","5.5_005_UpdateSubmitTimesheets","VP 2026.4 August 29 Run","2863235","Unspecified","Lotte Morales",""
"2824775","[PERF] Vantagepoint:2026.4: Kleinfelder: Quarterly Release Performance Test","Vantagepoint","2824777","[PERF] Vantagepoint: 2026.4: Kleinfelder: - Test Execution","Lotte Morales","UNKNOWN (System.LinkTypes.Related)","2804969","5.5_026_CreateExpenseReport","VP 2026.4 August 29 Run","2863235","Unspecified","Lotte Morales",""
"2824775","[PERF] Vantagepoint:2026.4: Kleinfelder: Quarterly Release Performance Test","Vantagepoint","2824777","[PERF] Vantagepoint: 2026.4: Kleinfelder: - Test Execution","Lotte Morales","UNKNOWN (System.LinkTypes.Related)","2804970","5.5_023_ApprovalCenterTimesheetExpense","VP 2026.4 August 29 Run","2863235","Unspecified","Lotte Morales",""
"2824775","[PERF] Vantagepoint:2026.4: Kleinfelder: Quarterly Release Performance Test","Vantagepoint","2824777","[PERF] Vantagepoint: 2026.4: Kleinfelder: - Test Execution","Lotte Morales","UNKNOWN (System.LinkTypes.Related)","2804971","5.5_024_DashboardAccountDetailBase","VP 2026.4 August 29 Run","2863235","Unspecified","Lotte Morales",""
"2824775","[PERF] Vantagepoint:2026.4: Kleinfelder: Quarterly Release Performance Test","Vantagepoint","2824777","[PERF] Vantagepoint: 2026.4: Kleinfelder: - Test Execution","Lotte Morales","UNKNOWN (System.LinkTypes.Related)","2804972","5.5_004_DashboardProjectBase","VP 2026.4 August 29 Run","2863235","Unspecified","Lotte Morales",""
"2824775","[PERF] Vantagepoint:2026.4: Kleinfelder: Quarterly Release Performance Test","Vantagepoint","2824777","[PERF] Vantagepoint: 2026.4: Kleinfelder: - Test Execution","Lotte Morales","UNKNOWN (System.LinkTypes.Related)","2804973","5.5_025_DashboardARDetailBase","VP 2026.4 August 29 Run","2863235","Unspecified","Lotte Morales",""
"2824775","[PERF] Vantagepoint:2026.4: Kleinfelder: Quarterly Release Performance Test","Vantagepoint","2824777","[PERF] Vantagepoint: 2026.4: Kleinfelder: - Test Execution","Lotte Morales","UNKNOWN (System.LinkTypes.Related)","2804974","5.5_036_ProjectViewChangeScale","VP 2026.4 August 29 Run","2863235","Unspecified","Lotte Morales",""
"2824775","[PERF] Vantagepoint:2026.4: Kleinfelder: Quarterly Release Performance Test","Vantagepoint","2824777","[PERF] Vantagepoint: 2026.4: Kleinfelder: - Test Execution","Lotte Morales","UNKNOWN (System.LinkTypes.Related)","2804975","5.5_029_ResourceViewAddAssignment","VP 2026.4 August 29 Run","2863235","Unspecified","Lotte Morales",""
"2824775","[PERF] Vantagepoint:2026.4: Kleinfelder: Quarterly Release Performance Test","Vantagepoint","2824777","[PERF] Vantagepoint: 2026.4: Kleinfelder: - Test Execution","Lotte Morales","UNKNOWN (System.LinkTypes.Related)","2804976","5.5_039_ResourceViewApplyProjectFilter","VP 2026.4 August 29 Run","2863235","Unspecified","Lotte Morales",""
"2824775","[PERF] Vantagepoint:2026.4: Kleinfelder: Quarterly Release Performance Test","Vantagepoint","2824777","[PERF] Vantagepoint: 2026.4: Kleinfelder: - Test Execution","Lotte Morales","UNKNOWN (System.LinkTypes.Related)","2804977","5.5_038_ReferenceNewEmployeeSearchFields","VP 2026.4 August 29 Run","2863235","Unspecified","Lotte Morales",""
"2824775","[PERF] Vantagepoint:2026.4: Kleinfelder: Quarterly Release Performance Test","Vantagepoint","2824777","[PERF] Vantagepoint: 2026.4: Kleinfelder: - Test Execution","Lotte Morales","UNKNOWN (System.LinkTypes.Related)","2804978","5.5_044_ApplyNewEmployeeSearchFields","VP 2026.4 August 29 Run","2863235","Unspecified","Lotte Morales",""
"2824775","[PERF] Vantagepoint:2026.4: Kleinfelder: Quarterly Release Performance Test","Vantagepoint","2824777","[PERF] Vantagepoint: 2026.4: Kleinfelder: - Test Execution","Lotte Morales","UNKNOWN (System.LinkTypes.Related)","2804979","5.5_020_ApplySavedSearchResourceView","VP 2026.4 August 29 Run","2863235","Unspecified","Lotte Morales",""
"2824775","[PERF] Vantagepoint:2026.4: Kleinfelder: Quarterly Release Performance Test","Vantagepoint","2824777","[PERF] Vantagepoint: 2026.4: Kleinfelder: - Test Execution","Lotte Morales","UNKNOWN (System.LinkTypes.Related)","2804980","5.5_021_AddingPhasesTasksEPSG","VP 2026.4 August 29 Run","2863235","Unspecified","Lotte Morales",""
"2824775","[PERF] Vantagepoint:2026.4: Kleinfelder: Quarterly Release Performance Test","Vantagepoint","2824777","[PERF] Vantagepoint: 2026.4: Kleinfelder: - Test Execution","Lotte Morales","UNKNOWN (System.LinkTypes.Related)","2804981","5.5_032_CreateProjectFromAnother","VP 2026.4 August 29 Run","2863235","Unspecified","Lotte Morales",""
"2824775","[PERF] Vantagepoint:2026.4: Kleinfelder: Quarterly Release Performance Test","Vantagepoint","2824777","[PERF] Vantagepoint: 2026.4: Kleinfelder: - Test Execution","Lotte Morales","UNKNOWN (System.LinkTypes.Related)","2804982","5.5_002_ProjectSwitchListViewEdit","VP 2026.4 August 29 Run","2863235","Unspecified","Lotte Morales",""
"2824775","[PERF] Vantagepoint:2026.4: Kleinfelder: Quarterly Release Performance Test","Vantagepoint","2824777","[PERF] Vantagepoint: 2026.4: Kleinfelder: - Test Execution","Lotte Morales","UNKNOWN (System.LinkTypes.Related)","2804983","5.5_016_CreateEmployee","VP 2026.4 August 29 Run","2863235","Unspecified","Lotte Morales",""
"2824775","[PERF] Vantagepoint:2026.4: Kleinfelder: Quarterly Release Performance Test","Vantagepoint","2824777","[PERF] Vantagepoint: 2026.4: Kleinfelder: - Test Execution","Lotte Morales","UNKNOWN (System.LinkTypes.Related)","2804984","5.5_013_EmployeeSwitchListViewEdit","VP 2026.4 August 29 Run","2863235","Unspecified","Lotte Morales",""
"2824775","[PERF] Vantagepoint:2026.4: Kleinfelder: Quarterly Release Performance Test","Vantagepoint","2824777","[PERF] Vantagepoint: 2026.4: Kleinfelder: - Test Execution","Lotte Morales","UNKNOWN (System.LinkTypes.Related)","2804985","5.5_003_CreateActivity","VP 2026.4 August 29 Run","2863235","Unspecified","Lotte Morales",""
"2824775","[PERF] Vantagepoint:2026.4: Kleinfelder: Quarterly Release Performance Test","Vantagepoint","2824777","[PERF] Vantagepoint: 2026.4: Kleinfelder: - Test Execution","Lotte Morales","UNKNOWN (System.LinkTypes.Related)","2804986","5.5_015_ContactSwitchListViewEdit","VP 2026.4 August 29 Run","2863235","Unspecified","Lotte Morales",""
"2824775","[PERF] Vantagepoint:2026.4: Kleinfelder: Quarterly Release Performance Test","Vantagepoint","2824777","[PERF] Vantagepoint: 2026.4: Kleinfelder: - Test Execution","Lotte Morales","UNKNOWN (System.LinkTypes.Related)","2804987","5.5_018_FirmSwitchListViewEdit","VP 2026.4 August 29 Run","2863235","Unspecified","Lotte Morales",""
"2824775","[PERF] Vantagepoint:2026.4: Kleinfelder: Quarterly Release Performance Test","Vantagepoint","2824777","[PERF] Vantagepoint: 2026.4: Kleinfelder: - Test Execution","Lotte Morales","UNKNOWN (System.LinkTypes.Related)","2804988","5.5_014_RetrieveClientsOutstandingAR","VP 2026.4 August 29 Run","2863235","Unspecified","Lotte Morales",""
"2824775","[PERF] Vantagepoint:2026.4: Kleinfelder: Quarterly Release Performance Test","Vantagepoint","2824777","[PERF] Vantagepoint: 2026.4: Kleinfelder: - Test Execution","Lotte Morales","UNKNOWN (System.LinkTypes.Related)","2804989","5.5_017_RetrieveVouchersActiveVendors","VP 2026.4 August 29 Run","2863235","Unspecified","Lotte Morales",""
"2824775","[PERF] Vantagepoint:2026.4: Kleinfelder: Quarterly Release Performance Test","Vantagepoint","2824777","[PERF] Vantagepoint: 2026.4: Kleinfelder: - Test Execution","Lotte Morales","UNKNOWN (System.LinkTypes.Related)","2804990","5.5_049_CreateAPVoucherTransactions","VP 2026.4 August 29 Run","2863235","Unspecified","Lotte Morales",""
"2824775","[PERF] Vantagepoint:2026.4: Kleinfelder: Quarterly Release Performance Test","Vantagepoint","2824777","[PERF] Vantagepoint: 2026.4: Kleinfelder: - Test Execution","Lotte Morales","UNKNOWN (System.LinkTypes.Related)","2804991","5.5_012_CreateVendorPaymentRun","VP 2026.4 August 29 Run","2863235","Unspecified","Lotte Morales",""
"2824775","[PERF] Vantagepoint:2026.4: Kleinfelder: Quarterly Release Performance Test","Vantagepoint","2824777","[PERF] Vantagepoint: 2026.4: Kleinfelder: - Test Execution","Lotte Morales","UNKNOWN (System.LinkTypes.Related)","2804992","5.5_045_CreateEmployeePaymentRun","VP 2026.4 August 29 Run","2863235","Unspecified","Lotte Morales",""
"2824775","[PERF] Vantagepoint:2026.4: Kleinfelder: Quarterly Release Performance Test","Vantagepoint","2824777","[PERF] Vantagepoint: 2026.4: Kleinfelder: - Test Execution","Lotte Morales","UNKNOWN (System.LinkTypes.Related)","2804993","5.5_057_RunBatchBilling","VP 2026.4 August 29 Run","2863235","Unspecified","Lotte Morales",""
"2824775","[PERF] Vantagepoint:2026.4: Kleinfelder: Quarterly Release Performance Test","Vantagepoint","2824777","[PERF] Vantagepoint: 2026.4: Kleinfelder: - Test Execution","Lotte Morales","UNKNOWN (System.LinkTypes.Related)","2804994","5.5_011_PreviewInvoiceInteractiveBilling","VP 2026.4 August 29 Run","2863235","Unspecified","Lotte Morales",""
"2824775","[PERF] Vantagepoint:2026.4: Kleinfelder: Quarterly Release Performance Test","Vantagepoint","2824777","[PERF] Vantagepoint: 2026.4: Kleinfelder: - Test Execution","Lotte Morales","UNKNOWN (System.LinkTypes.Related)","2804995","5.5_048_CreateCashReceiptTransactions","VP 2026.4 August 29 Run","2863235","Unspecified","Lotte Morales",""
"2824775","[PERF] Vantagepoint:2026.4: Kleinfelder: Quarterly Release Performance Test","Vantagepoint","2824777","[PERF] Vantagepoint: 2026.4: Kleinfelder: - Test Execution","Lotte Morales","UNKNOWN (System.LinkTypes.Related)","2804996","5.5_034_CreatePurchaseOrderSubmit","VP 2026.4 August 29 Run","2863235","Unspecified","Lotte Morales",""
"2824775","[PERF] Vantagepoint:2026.4: Kleinfelder: Quarterly Release Performance Test","Vantagepoint","2824777","[PERF] Vantagepoint: 2026.4: Kleinfelder: - Test Execution","Lotte Morales","UNKNOWN (System.LinkTypes.Related)","2804997","5.5_035_CreateItemInPurchaseOrder","VP 2026.4 August 29 Run","2863235","Unspecified","Lotte Morales",""
"2824775","[PERF] Vantagepoint:2026.4: Kleinfelder: Quarterly Release Performance Test","Vantagepoint","2824777","[PERF] Vantagepoint: 2026.4: Kleinfelder: - Test Execution","Lotte Morales","UNKNOWN (System.LinkTypes.Related)","2804998","5.5_067_CreatePurchaseRequisitionSubmit","VP 2026.4 August 29 Run","2863235","Unspecified","Lotte Morales",""
"2824775","[PERF] Vantagepoint:2026.4: Kleinfelder: Quarterly Release Performance Test","Vantagepoint","2824777","[PERF] Vantagepoint: 2026.4: Kleinfelder: - Test Execution","Lotte Morales","UNKNOWN (System.LinkTypes.Related)","2804999","5.5_028_RunProjectEarningsReport","VP 2026.4 August 29 Run","2863235","Unspecified","Lotte Morales",""
"2824775","[PERF] Vantagepoint:2026.4: Kleinfelder: Quarterly Release Performance Test","Vantagepoint","2824777","[PERF] Vantagepoint: 2026.4: Kleinfelder: - Test Execution","Lotte Morales","UNKNOWN (System.LinkTypes.Related)","2805000","5.5_056_RunProjectEarningsReportSummary","VP 2026.4 August 29 Run","2863235","Unspecified","Lotte Morales",""
"2824775","[PERF] Vantagepoint:2026.4: Kleinfelder: Quarterly Release Performance Test","Vantagepoint","2824777","[PERF] Vantagepoint: 2026.4: Kleinfelder: - Test Execution","Lotte Morales","UNKNOWN (System.LinkTypes.Related)","2805001","5.5_040_RunGeneralLedgerReport","VP 2026.4 August 29 Run","2863235","Unspecified","Lotte Morales",""
"2824775","[PERF] Vantagepoint:2026.4: Kleinfelder: Quarterly Release Performance Test","Vantagepoint","2824777","[PERF] Vantagepoint: 2026.4: Kleinfelder: - Test Execution","Lotte Morales","UNKNOWN (System.LinkTypes.Related)","2805002","5.5_068_RunGeneralLedgerReportSummary","VP 2026.4 August 29 Run","2863235","Unspecified","Lotte Morales",""
"2824775","[PERF] Vantagepoint:2026.4: Kleinfelder: Quarterly Release Performance Test","Vantagepoint","2824777","[PERF] Vantagepoint: 2026.4: Kleinfelder: - Test Execution","Lotte Morales","UNKNOWN (System.LinkTypes.Related)","2805003","5.5_027_RunAccountingReport","VP 2026.4 August 29 Run","2863235","Unspecified","Lotte Morales",""
"2824775","[PERF] Vantagepoint:2026.4: Kleinfelder: Quarterly Release Performance Test","Vantagepoint","2824777","[PERF] Vantagepoint: 2026.4: Kleinfelder: - Test Execution","Lotte Morales","UNKNOWN (System.LinkTypes.Related)","2805004","5.5_037_RunAccountsPayableReport","VP 2026.4 August 29 Run","2863235","Unspecified","Lotte Morales",""
"2824775","[PERF] Vantagepoint:2026.4: Kleinfelder: Quarterly Release Performance Test","Vantagepoint","2824777","[PERF] Vantagepoint: 2026.4: Kleinfelder: - Test Execution","Lotte Morales","UNKNOWN (System.LinkTypes.Related)","2805005","5.5_006_RunAccountsReceivableReport","VP 2026.4 August 29 Run","2863235","Unspecified","Lotte Morales",""
"2824775","[PERF] Vantagepoint:2026.4: Kleinfelder: Quarterly Release Performance Test","Vantagepoint","2824777","[PERF] Vantagepoint: 2026.4: Kleinfelder: - Test Execution","Lotte Morales","UNKNOWN (System.LinkTypes.Related)","2805006","5.5_030_RunBillingReport","VP 2026.4 August 29 Run","2863235","Unspecified","Lotte Morales",""
"2824775","[PERF] Vantagepoint:2026.4: Kleinfelder: Quarterly Release Performance Test","Vantagepoint","2824777","[PERF] Vantagepoint: 2026.4: Kleinfelder: - Test Execution","Lotte Morales","UNKNOWN (System.LinkTypes.Related)","2805007","5.5_008_RunResourcePlanningReport","VP 2026.4 August 29 Run","2863235","Unspecified","Lotte Morales",""
"2824775","[PERF] Vantagepoint:2026.4: Kleinfelder: Quarterly Release Performance Test","Vantagepoint","2824777","[PERF] Vantagepoint: 2026.4: Kleinfelder: - Test Execution","Lotte Morales","UNKNOWN (System.LinkTypes.Related)","2805008","5.5_031_CreatePayrollPaymentRunAll","VP 2026.4 August 29 Run","2863235","Unspecified","Lotte Morales",""
"2824775","[PERF] Vantagepoint:2026.4: Kleinfelder: Quarterly Release Performance Test","Vantagepoint","2824777","[PERF] Vantagepoint: 2026.4: Kleinfelder: - Test Execution","Lotte Morales","UNKNOWN (System.LinkTypes.Related)","2805009","5.5_009_RunRevenueGeneration","VP 2026.4 August 29 Run","2863235","Unspecified","Lotte Morales",""
"2824775","[PERF] Vantagepoint:2026.4: Kleinfelder: Quarterly Release Performance Test","Vantagepoint","2824777","[PERF] Vantagepoint: 2026.4: Kleinfelder: - Test Execution","Lotte Morales","UNKNOWN (System.LinkTypes.Related)","2805010","5.5_007_RunOverheadAllocation","VP 2026.4 August 29 Run","2863235","Unspecified","Lotte Morales",""
"2824775","[PERF] Vantagepoint:2026.4: Kleinfelder: Quarterly Release Performance Test","Vantagepoint","2824777","[PERF] Vantagepoint: 2026.4: Kleinfelder: - Test Execution","Lotte Morales","UNKNOWN (System.LinkTypes.Related)","2805011","5.5_019_CreateBillingTerms","VP 2026.4 August 29 Run","2863235","Unspecified","Lotte Morales",""
"2824775","[PERF] Vantagepoint:2026.4: Kleinfelder: Quarterly Release Performance Test","Vantagepoint","2824777","[PERF] Vantagepoint: 2026.4: Kleinfelder: - Test Execution","Lotte Morales","UNKNOWN (System.LinkTypes.Related)","2805012","5.5_010_CreateBillingGroup","VP 2026.4 August 29 Run","2863235","Unspecified","Lotte Morales",""
"2824775","[PERF] Vantagepoint:2026.4: Kleinfelder: Quarterly Release Performance Test","Vantagepoint","2824777","[PERF] Vantagepoint: 2026.4: Kleinfelder: - Test Execution","Lotte Morales","UNKNOWN (System.LinkTypes.Related)","2805013","5.5_033_CreateCustomProposalProjectLookup","VP 2026.4 August 29 Run","2863235","Unspecified","Lotte Morales",""
"2824775","[PERF] Vantagepoint:2026.4: Kleinfelder: Quarterly Release Performance Test","Vantagepoint","2824777","[PERF] Vantagepoint: 2026.4: Kleinfelder: - Test Execution","Lotte Morales","UNKNOWN (System.LinkTypes.Related)","2805014","5.5_041_CreateRole","VP 2026.4 August 29 Run","2863235","Unspecified","Lotte Morales",""
"2824775","[PERF] Vantagepoint:2026.4: Kleinfelder: Quarterly Release Performance Test","Vantagepoint","2824777","[PERF] Vantagepoint: 2026.4: Kleinfelder: - Test Execution","Lotte Morales","UNKNOWN (System.LinkTypes.Related)","2805015","5.5_042_LinkUserToRole","VP 2026.4 August 29 Run","2863235","Unspecified","Lotte Morales",""
"2824775","[PERF] Vantagepoint:2026.4: Kleinfelder: Quarterly Release Performance Test","Vantagepoint","2824777","[PERF] Vantagepoint: 2026.4: Kleinfelder: - Test Execution","Lotte Morales","UNKNOWN (System.LinkTypes.Related)","2805016","5.5_043_CreateBillingLaborRateTable","VP 2026.4 August 29 Run","2863235","Unspecified","Lotte Morales",""
"2824775","[PERF] Vantagepoint:2026.4: Kleinfelder: Quarterly Release Performance Test","Vantagepoint","2824777","[PERF] Vantagepoint: 2026.4: Kleinfelder: - Test Execution","Lotte Morales","UNKNOWN (System.LinkTypes.Related)","2805018","6.0_055_AcceptQuantityPurchaseOrderLineItems","VP 2026.4 August 29 Run","2863235","Unspecified","Lotte Morales",""
"2824775","[PERF] Vantagepoint:2026.4: Kleinfelder: Quarterly Release Performance Test","Vantagepoint","2824777","[PERF] Vantagepoint: 2026.4: Kleinfelder: - Test Execution","Lotte Morales","UNKNOWN (System.LinkTypes.Related)","2805019","6.0_051_ItemReviewLoadAllItems","VP 2026.4 August 29 Run","2863235","Unspecified","Lotte Morales",""
"2824775","[PERF] Vantagepoint:2026.4: Kleinfelder: Quarterly Release Performance Test","Vantagepoint","2824777","[PERF] Vantagepoint: 2026.4: Kleinfelder: - Test Execution","Lotte Morales","UNKNOWN (System.LinkTypes.Related)","2805020","6.0_053_UpdateProjectPlanTabs","VP 2026.4 August 29 Run","2863235","Unspecified","Lotte Morales",""
"2824775","[PERF] Vantagepoint:2026.4: Kleinfelder: Quarterly Release Performance Test","Vantagepoint","2824777","[PERF] Vantagepoint: 2026.4: Kleinfelder: - Test Execution","Lotte Morales","UNKNOWN (System.LinkTypes.Related)","2805021","6.0_054_CreateProjectWithPreawardNumber","VP 2026.4 August 29 Run","2863235","Unspecified","Lotte Morales",""
"2824775","[PERF] Vantagepoint:2026.4: Kleinfelder: Quarterly Release Performance Test","Vantagepoint","2824777","[PERF] Vantagepoint: 2026.4: Kleinfelder: - Test Execution","Lotte Morales","UNKNOWN (System.LinkTypes.Related)","2805022","6.0_052_CreateInvoiceTemplates","VP 2026.4 August 29 Run","2863235","Unspecified","Lotte Morales",""
"2824775","[PERF] Vantagepoint:2026.4: Kleinfelder: Quarterly Release Performance Test","Vantagepoint","2824777","[PERF] Vantagepoint: 2026.4: Kleinfelder: - Test Execution","Lotte Morales","UNKNOWN (System.LinkTypes.Related)","2805023","6.0_050_CreatePersonalDashboards","VP 2026.4 August 29 Run","2863235","Unspecified","Lotte Morales",""
"2824775","[PERF] Vantagepoint:2026.4: Kleinfelder: Quarterly Release Performance Test","Vantagepoint","2824777","[PERF] Vantagepoint: 2026.4: Kleinfelder: - Test Execution","Lotte Morales","UNKNOWN (System.LinkTypes.Related)","2805024","6.5_058_DocumentDeliveryChannels","VP 2026.4 August 29 Run","2863235","Unspecified","Lotte Morales",""
"2824775","[PERF] Vantagepoint:2026.4: Kleinfelder: Quarterly Release Performance Test","Vantagepoint","2824777","[PERF] Vantagepoint: 2026.4: Kleinfelder: - Test Execution","Lotte Morales","UNKNOWN (System.LinkTypes.Related)","2805025","6.5_060_VoidedInvoiceBiller","VP 2026.4 August 29 Run","2863235","Unspecified","Lotte Morales",""
"2824775","[PERF] Vantagepoint:2026.4: Kleinfelder: Quarterly Release Performance Test","Vantagepoint","2824777","[PERF] Vantagepoint: 2026.4: Kleinfelder: - Test Execution","Lotte Morales","UNKNOWN (System.LinkTypes.Related)","2805026","6.5_061_TimesheetFrequencyCostStructure","VP 2026.4 August 29 Run","2863235","Unspecified","Lotte Morales",""
"2824775","[PERF] Vantagepoint:2026.4: Kleinfelder: Quarterly Release Performance Test","Vantagepoint","2824777","[PERF] Vantagepoint: 2026.4: Kleinfelder: - Test Execution","Lotte Morales","UNKNOWN (System.LinkTypes.Related)","2805027","6.5_062_VoidedInvoiceProjectManager","VP 2026.4 August 29 Run","2863235","Unspecified","Lotte Morales",""
"2824775","[PERF] Vantagepoint:2026.4: Kleinfelder: Quarterly Release Performance Test","Vantagepoint","2824777","[PERF] Vantagepoint: 2026.4: Kleinfelder: - Test Execution","Lotte Morales","UNKNOWN (System.LinkTypes.Related)","2805028","6.5_063_ProjectRequestApprovalProcessingCenter","VP 2026.4 August 29 Run","2863235","Unspecified","Lotte Morales",""
"2824775","[PERF] Vantagepoint:2026.4: Kleinfelder: Quarterly Release Performance Test","Vantagepoint","2824777","[PERF] Vantagepoint: 2026.4: Kleinfelder: - Test Execution","Lotte Morales","UNKNOWN (System.LinkTypes.Related)","2805029","6.5_065_NavigationBarMyHub","VP 2026.4 August 29 Run","2863235","Unspecified","Lotte Morales",""
"2824775","[PERF] Vantagepoint:2026.4: Kleinfelder: Quarterly Release Performance Test","Vantagepoint","2824777","[PERF] Vantagepoint: 2026.4: Kleinfelder: - Test Execution","Lotte Morales","UNKNOWN (System.LinkTypes.Related)","2805030","6.5_066_EmployeeSearchReports","VP 2026.4 August 29 Run","2863235","Unspecified","Lotte Morales",""
"2824775","[PERF] Vantagepoint:2026.4: Kleinfelder: Quarterly Release Performance Test","Vantagepoint","2824777","[PERF] Vantagepoint: 2026.4: Kleinfelder: - Test Execution","Lotte Morales","UNKNOWN (System.LinkTypes.Related)","2805031","6.5_059_GeneralLedgerGroups","VP 2026.4 August 29 Run","2863235","Unspecified","Lotte Morales",""
"2824775","[PERF] Vantagepoint:2026.4: Kleinfelder: Quarterly Release Performance Test","Vantagepoint","2824777","[PERF] Vantagepoint: 2026.4: Kleinfelder: - Test Execution","Lotte Morales","UNKNOWN (System.LinkTypes.Related)","2805032","7.0_064_ProjectListViewExplicitSave","VP 2026.4 August 29 Run","2863235","Unspecified","Lotte Morales",""
"2824775","[PERF] Vantagepoint:2026.4: Kleinfelder: Quarterly Release Performance Test","Vantagepoint","2824777","[PERF] Vantagepoint: 2026.4: Kleinfelder: - Test Execution","Lotte Morales","UNKNOWN (System.LinkTypes.Related)","2805033","7.0_046_RunOfficeEarningsReport","VP 2026.4 August 29 Run","2863235","Unspecified","Lotte Morales",""
"2824775","[PERF] Vantagepoint:2026.4: Kleinfelder: Quarterly Release Performance Test","Vantagepoint","2824777","[PERF] Vantagepoint: 2026.4: Kleinfelder: - Test Execution","Lotte Morales","UNKNOWN (System.LinkTypes.Related)","2805035","7.1_069_ProjectEarningsReportBiller","VP 2026.4 August 29 Run","2863235","Unspecified","Lotte Morales",""
"2824775","[PERF] Vantagepoint:2026.4: Kleinfelder: Quarterly Release Performance Test","Vantagepoint","2824777","[PERF] Vantagepoint: 2026.4: Kleinfelder: - Test Execution","Lotte Morales","UNKNOWN (System.LinkTypes.Related)","2805036","7.1_070_CreateMiscellaneousExpensesTransactions","VP 2026.4 August 29 Run","2863235","Unspecified","Lotte Morales",""
"2824775","[PERF] Vantagepoint:2026.4: Kleinfelder: Quarterly Release Performance Test","Vantagepoint","2824777","[PERF] Vantagepoint: 2026.4: Kleinfelder: - Test Execution","Lotte Morales","UNKNOWN (System.LinkTypes.Related)","2805037","7.2_071_CollectionsForecastBaseline","VP 2026.4 August 29 Run","2863235","Unspecified","Lotte Morales",""
"2824775","[PERF] Vantagepoint:2026.4: Kleinfelder: Quarterly Release Performance Test","Vantagepoint","2824777","[PERF] Vantagepoint: 2026.4: Kleinfelder: - Test Execution","Lotte Morales","UNKNOWN (System.LinkTypes.Related)","2805038","7.2_072_CollectionsForecastMonthly","VP 2026.4 August 29 Run","2863235","Unspecified","Lotte Morales",""
"2824775","[PERF] Vantagepoint:2026.4: Kleinfelder: Quarterly Release Performance Test","Vantagepoint","2824777","[PERF] Vantagepoint: 2026.4: Kleinfelder: - Test Execution","Lotte Morales","UNKNOWN (System.LinkTypes.Related)","2805039","7.2_073_CollectionsForecastWeekly","VP 2026.4 August 29 Run","2863235","Unspecified","Lotte Morales",""
"2824775","[PERF] Vantagepoint:2026.4: Kleinfelder: Quarterly Release Performance Test","Vantagepoint","2824777","[PERF] Vantagepoint: 2026.4: Kleinfelder: - Test Execution","Lotte Morales","UNKNOWN (System.LinkTypes.Related)","2805041","2025.1_074_CreateClarityDashpart","VP 2026.4 August 29 Run","2863235","Unspecified","Lotte Morales",""
"2824775","[PERF] Vantagepoint:2026.4: Kleinfelder: Quarterly Release Performance Test","Vantagepoint","2824777","[PERF] Vantagepoint: 2026.4: Kleinfelder: - Test Execution","Lotte Morales","UNKNOWN (System.LinkTypes.Related)","2805042","2025.1_075_DocumentManagementUnder300Records","VP 2026.4 August 29 Run","2863235","Unspecified","Lotte Morales",""
"2824775","[PERF] Vantagepoint:2026.4: Kleinfelder: Quarterly Release Performance Test","Vantagepoint","2824777","[PERF] Vantagepoint: 2026.4: Kleinfelder: - Test Execution","Lotte Morales","UNKNOWN (System.LinkTypes.Related)","2805043","2025.1_076_DocumentManagement300To600Records","VP 2026.4 August 29 Run","2863235","Unspecified","Lotte Morales",""
"2824775","[PERF] Vantagepoint:2026.4: Kleinfelder: Quarterly Release Performance Test","Vantagepoint","2824777","[PERF] Vantagepoint: 2026.4: Kleinfelder: - Test Execution","Lotte Morales","UNKNOWN (System.LinkTypes.Related)","2805044","2025.1_077_DocumentManagementOver600Records","VP 2026.4 August 29 Run","2863235","Unspecified","Lotte Morales",""
"2824775","[PERF] Vantagepoint:2026.4: Kleinfelder: Quarterly Release Performance Test","Vantagepoint","2824777","[PERF] Vantagepoint: 2026.4: Kleinfelder: - Test Execution","Lotte Morales","UNKNOWN (System.LinkTypes.Related)","2805045","2025.3_078_ProjectCrossHubSearching","VP 2026.4 August 29 Run","2863235","Unspecified","Lotte Morales",""
"2824775","[PERF] Vantagepoint:2026.4: Kleinfelder: Quarterly Release Performance Test","Vantagepoint","2824777","[PERF] Vantagepoint: 2026.4: Kleinfelder: - Test Execution","Lotte Morales","UNKNOWN (System.LinkTypes.Related)","2805046","2025.3_079_BillingTermsListView","VP 2026.4 August 29 Run","2863235","Unspecified","Lotte Morales",""
"2824775","[PERF] Vantagepoint:2026.4: Kleinfelder: Quarterly Release Performance Test","Vantagepoint","2824777","[PERF] Vantagepoint: 2026.4: Kleinfelder: - Test Execution","Lotte Morales","Tests (correct)","2776949","5.5_034_CreatePurchaseOrderSubmit","VP 2026.4 First Weekend Run","2872598","Failed","Lotte Morales",""
"2824775","[PERF] Vantagepoint:2026.4: Kleinfelder: Quarterly Release Performance Test","Vantagepoint","2824777","[PERF] Vantagepoint: 2026.4: Kleinfelder: - Test Execution","Lotte Morales","Tests (correct)","2804972","5.5_004_DashboardProjectBase","VP 2026.4 First Weekend Run","2872598","Failed","Lotte Morales",""
"2824775","[PERF] Vantagepoint:2026.4: Kleinfelder: Quarterly Release Performance Test","Vantagepoint","2824777","[PERF] Vantagepoint: 2026.4: Kleinfelder: - Test Execution","Lotte Morales","Tests (correct)","2804973","5.5_025_DashboardARDetailBase","VP 2026.4 First Weekend Run","2872598","Failed","Lotte Morales",""
"2824775","[PERF] Vantagepoint:2026.4: Kleinfelder: Quarterly Release Performance Test","Vantagepoint","2824777","[PERF] Vantagepoint: 2026.4: Kleinfelder: - Test Execution","Lotte Morales","Tests (correct)","2804996","5.5_034_CreatePurchaseOrderSubmit","VP 2026.4 First Weekend Run","2872598","Failed","Lotte Morales",""
"2824775","[PERF] Vantagepoint:2026.4: Kleinfelder: Quarterly Release Performance Test","Vantagepoint","2824777","[PERF] Vantagepoint: 2026.4: Kleinfelder: - Test Execution","Lotte Morales","Tests (correct)","2804997","5.5_035_CreateItemInPurchaseOrder","VP 2026.4 First Weekend Run","2872598","Failed","Lotte Morales",""
"2824775","[PERF] Vantagepoint:2026.4: Kleinfelder: Quarterly Release Performance Test","Vantagepoint","2824777","[PERF] Vantagepoint: 2026.4: Kleinfelder: - Test Execution","Lotte Morales","Tests (correct)","2805000","5.5_056_RunProjectEarningsReportSummary","VP 2026.4 First Weekend Run","2872598","Failed","Lotte Morales",""
"2824775","[PERF] Vantagepoint:2026.4: Kleinfelder: Quarterly Release Performance Test","Vantagepoint","2824777","[PERF] Vantagepoint: 2026.4: Kleinfelder: - Test Execution","Lotte Morales","Tests (correct)","2805005","5.5_006_RunAccountsReceivableReport","VP 2026.4 First Weekend Run","2872598","Failed","Lotte Morales",""
"2824775","[PERF] Vantagepoint:2026.4: Kleinfelder: Quarterly Release Performance Test","Vantagepoint","2824777","[PERF] Vantagepoint: 2026.4: Kleinfelder: - Test Execution","Lotte Morales","Tests (correct)","2805007","5.5_008_RunResourcePlanningReport","VP 2026.4 First Weekend Run","2872598","Failed","Lotte Morales",""
"2824775","[PERF] Vantagepoint:2026.4: Kleinfelder: Quarterly Release Performance Test","Vantagepoint","2824777","[PERF] Vantagepoint: 2026.4: Kleinfelder: - Test Execution","Lotte Morales","Tests (correct)","2805008","5.5_031_CreatePayrollPaymentRunAll","VP 2026.4 First Weekend Run","2872598","Failed","Lotte Morales",""
"2824775","[PERF] Vantagepoint:2026.4: Kleinfelder: Quarterly Release Performance Test","Vantagepoint","2824777","[PERF] Vantagepoint: 2026.4: Kleinfelder: - Test Execution","Lotte Morales","Tests (correct)","2805015","5.5_042_LinkUserToRole","VP 2026.4 First Weekend Run","2872598","Failed","Lotte Morales",""
"2824775","[PERF] Vantagepoint:2026.4: Kleinfelder: Quarterly Release Performance Test","Vantagepoint","2824777","[PERF] Vantagepoint: 2026.4: Kleinfelder: - Test Execution","Lotte Morales","Tests (correct)","2805022","6.0_052_CreateInvoiceTemplates","VP 2026.4 First Weekend Run","2872598","Failed","Lotte Morales",""
"2824775","[PERF] Vantagepoint:2026.4: Kleinfelder: Quarterly Release Performance Test","Vantagepoint","2824777","[PERF] Vantagepoint: 2026.4: Kleinfelder: - Test Execution","Lotte Morales","Tests (correct)","2805025","6.5_060_VoidedInvoiceBiller","VP 2026.4 First Weekend Run","2872598","Failed","Lotte Morales",""
"2824775","[PERF] Vantagepoint:2026.4: Kleinfelder: Quarterly Release Performance Test","Vantagepoint","2824777","[PERF] Vantagepoint: 2026.4: Kleinfelder: - Test Execution","Lotte Morales","Tests (correct)","2805033","7.0_046_RunOfficeEarningsReport","VP 2026.4 First Weekend Run","2872598","Failed","Lotte Morales",""
"2824775","[PERF] Vantagepoint:2026.4: Kleinfelder: Quarterly Release Performance Test","Vantagepoint","2824777","[PERF] Vantagepoint: 2026.4: Kleinfelder: - Test Execution","Lotte Morales","Tests (correct)","2805035","7.1_069_ProjectEarningsReportBiller","VP 2026.4 First Weekend Run","2872598","Failed","Lotte Morales",""
"2824775","[PERF] Vantagepoint:2026.4: Kleinfelder: Quarterly Release Performance Test","Vantagepoint","2824777","[PERF] Vantagepoint: 2026.4: Kleinfelder: - Test Execution","Lotte Morales","Tests (correct)","2805038","7.2_072_CollectionsForecastMonthly","VP 2026.4 First Weekend Run","2872598","Failed","Lotte Morales",""
"2824775","[PERF] Vantagepoint:2026.4: Kleinfelder: Quarterly Release Performance Test","Vantagepoint","2824777","[PERF] Vantagepoint: 2026.4: Kleinfelder: - Test Execution","Lotte Morales","Tests (correct)","2805042","2025.1_075_DocumentManagementUnder300Records","VP 2026.4 First Weekend Run","2872598","Failed","Lotte Morales",""
"2824775","[PERF] Vantagepoint:2026.4: Kleinfelder: Quarterly Release Performance Test","Vantagepoint","2824777","[PERF] Vantagepoint: 2026.4: Kleinfelder: - Test Execution","Lotte Morales","Tests (correct)","2805043","2025.1_076_DocumentManagement300To600Records","VP 2026.4 First Weekend Run","2872598","Failed","Lotte Morales",""
"2824775","[PERF] Vantagepoint:2026.4: Kleinfelder: Quarterly Release Performance Test","Vantagepoint","2824777","[PERF] Vantagepoint: 2026.4: Kleinfelder: - Test Execution","Lotte Morales","Tests (correct)","2805044","2025.1_077_DocumentManagementOver600Records","VP 2026.4 First Weekend Run","2872598","Failed","Lotte Morales",""
"2824775","[PERF] Vantagepoint:2026.4: Kleinfelder: Quarterly Release Performance Test","Vantagepoint","2824777","[PERF] Vantagepoint: 2026.4: Kleinfelder: - Test Execution","Lotte Morales","Tests (correct)","2804969","5.5_026_CreateExpenseReport","VP 2026.4 September 12 Weekend Run","2875813","Failed","Lotte Morales",""
"2824775","[PERF] Vantagepoint:2026.4: Kleinfelder: Quarterly Release Performance Test","Vantagepoint","2824777","[PERF] Vantagepoint: 2026.4: Kleinfelder: - Test Execution","Lotte Morales","Tests (correct)","2804971","5.5_024_DashboardAccountDetailBase","VP 2026.4 September 12 Weekend Run","2875813","Failed","Lotte Morales",""
"2824775","[PERF] Vantagepoint:2026.4: Kleinfelder: Quarterly Release Performance Test","Vantagepoint","2824777","[PERF] Vantagepoint: 2026.4: Kleinfelder: - Test Execution","Lotte Morales","Tests (correct)","2804972","5.5_004_DashboardProjectBase","VP 2026.4 September 12 Weekend Run","2875813","Failed","Lotte Morales",""
"2824775","[PERF] Vantagepoint:2026.4: Kleinfelder: Quarterly Release Performance Test","Vantagepoint","2824777","[PERF] Vantagepoint: 2026.4: Kleinfelder: - Test Execution","Lotte Morales","Tests (correct)","2804973","5.5_025_DashboardARDetailBase","VP 2026.4 September 12 Weekend Run","2875813","Failed","Lotte Morales",""
"2824775","[PERF] Vantagepoint:2026.4: Kleinfelder: Quarterly Release Performance Test","Vantagepoint","2824777","[PERF] Vantagepoint: 2026.4: Kleinfelder: - Test Execution","Lotte Morales","Tests (correct)","2804984","5.5_013_EmployeeSwitchListViewEdit","VP 2026.4 September 12 Weekend Run","2875813","Failed","Lotte Morales",""
"2824775","[PERF] Vantagepoint:2026.4: Kleinfelder: Quarterly Release Performance Test","Vantagepoint","2824777","[PERF] Vantagepoint: 2026.4: Kleinfelder: - Test Execution","Lotte Morales","Tests (correct)","2805005","5.5_006_RunAccountsReceivableReport","VP 2026.4 September 12 Weekend Run","2875813","Failed","Lotte Morales",""
"2824775","[PERF] Vantagepoint:2026.4: Kleinfelder: Quarterly Release Performance Test","Vantagepoint","2824777","[PERF] Vantagepoint: 2026.4: Kleinfelder: - Test Execution","Lotte Morales","Tests (correct)","2805006","5.5_030_RunBillingReport","VP 2026.4 September 12 Weekend Run","2875813","Failed","Lotte Morales",""
"2824775","[PERF] Vantagepoint:2026.4: Kleinfelder: Quarterly Release Performance Test","Vantagepoint","2824777","[PERF] Vantagepoint: 2026.4: Kleinfelder: - Test Execution","Lotte Morales","Tests (correct)","2805007","5.5_008_RunResourcePlanningReport","VP 2026.4 September 12 Weekend Run","2875813","Failed","Lotte Morales",""
"2824775","[PERF] Vantagepoint:2026.4: Kleinfelder: Quarterly Release Performance Test","Vantagepoint","2824777","[PERF] Vantagepoint: 2026.4: Kleinfelder: - Test Execution","Lotte Morales","Tests (correct)","2805008","5.5_031_CreatePayrollPaymentRunAll","VP 2026.4 September 12 Weekend Run","2875813","Failed","Lotte Morales",""
"2824775","[PERF] Vantagepoint:2026.4: Kleinfelder: Quarterly Release Performance Test","Vantagepoint","2824777","[PERF] Vantagepoint: 2026.4: Kleinfelder: - Test Execution","Lotte Morales","Tests (correct)","2805015","5.5_042_LinkUserToRole","VP 2026.4 September 12 Weekend Run","2875813","Failed","Lotte Morales",""
"2824775","[PERF] Vantagepoint:2026.4: Kleinfelder: Quarterly Release Performance Test","Vantagepoint","2824777","[PERF] Vantagepoint: 2026.4: Kleinfelder: - Test Execution","Lotte Morales","Tests (correct)","2805024","6.5_058_DocumentDeliveryChannels","VP 2026.4 September 12 Weekend Run","2875813","Failed","Lotte Morales",""
"2824775","[PERF] Vantagepoint:2026.4: Kleinfelder: Quarterly Release Performance Test","Vantagepoint","2824777","[PERF] Vantagepoint: 2026.4: Kleinfelder: - Test Execution","Lotte Morales","Tests (correct)","2805025","6.5_060_VoidedInvoiceBiller","VP 2026.4 September 12 Weekend Run","2875813","Failed","Lotte Morales",""
"2824775","[PERF] Vantagepoint:2026.4: Kleinfelder: Quarterly Release Performance Test","Vantagepoint","2824777","[PERF] Vantagepoint: 2026.4: Kleinfelder: - Test Execution","Lotte Morales","Tests (correct)","2805026","6.5_061_TimesheetFrequencyCostStructure","VP 2026.4 September 12 Weekend Run","2875813","Failed","Lotte Morales",""
"2824775","[PERF] Vantagepoint:2026.4: Kleinfelder: Quarterly Release Performance Test","Vantagepoint","2824777","[PERF] Vantagepoint: 2026.4: Kleinfelder: - Test Execution","Lotte Morales","Tests (correct)","2805030","6.5_066_EmployeeSearchReports","VP 2026.4 September 12 Weekend Run","2875813","Failed","Lotte Morales",""
"2824775","[PERF] Vantagepoint:2026.4: Kleinfelder: Quarterly Release Performance Test","Vantagepoint","2824777","[PERF] Vantagepoint: 2026.4: Kleinfelder: - Test Execution","Lotte Morales","Tests (correct)","2805037","7.2_071_CollectionsForecastBaseline","VP 2026.4 September 12 Weekend Run","2875813","Failed","Lotte Morales",""
"2824775","[PERF] Vantagepoint:2026.4: Kleinfelder: Quarterly Release Performance Test","Vantagepoint","2824777","[PERF] Vantagepoint: 2026.4: Kleinfelder: - Test Execution","Lotte Morales","Tests (correct)","2805038","7.2_072_CollectionsForecastMonthly","VP 2026.4 September 12 Weekend Run","2875813","Failed","Lotte Morales",""
"2824775","[PERF] Vantagepoint:2026.4: Kleinfelder: Quarterly Release Performance Test","Vantagepoint","2824777","[PERF] Vantagepoint: 2026.4: Kleinfelder: - Test Execution","Lotte Morales","Tests (correct)","2805039","7.2_073_CollectionsForecastWeekly","VP 2026.4 September 12 Weekend Run","2875813","Failed","Lotte Morales",""
"2824775","[PERF] Vantagepoint:2026.4: Kleinfelder: Quarterly Release Performance Test","Vantagepoint","2824777","[PERF] Vantagepoint: 2026.4: Kleinfelder: - Test Execution","Lotte Morales","Tests (correct)","2805041","2025.1_074_CreateClarityDashpart","VP 2026.4 September 12 Weekend Run","2875813","Failed","Lotte Morales",""
"2824775","[PERF] Vantagepoint:2026.4: Kleinfelder: Quarterly Release Performance Test","Vantagepoint","2824777","[PERF] Vantagepoint: 2026.4: Kleinfelder: - Test Execution","Lotte Morales","Tests (correct)","2805042","2025.1_075_DocumentManagementUnder300Records","VP 2026.4 September 12 Weekend Run","2875813","Failed","Lotte Morales",""
"2824775","[PERF] Vantagepoint:2026.4: Kleinfelder: Quarterly Release Performance Test","Vantagepoint","2824777","[PERF] Vantagepoint: 2026.4: Kleinfelder: - Test Execution","Lotte Morales","Tests (correct)","2805043","2025.1_076_DocumentManagement300To600Records","VP 2026.4 September 12 Weekend Run","2875813","Failed","Lotte Morales",""
"2824775","[PERF] Vantagepoint:2026.4: Kleinfelder: Quarterly Release Performance Test","Vantagepoint","2824777","[PERF] Vantagepoint: 2026.4: Kleinfelder: - Test Execution","Lotte Morales","Tests (correct)","2805044","2025.1_077_DocumentManagementOver600Records","VP 2026.4 September 12 Weekend Run","2875813","Failed","Lotte Morales",""
"2869975","[PERF] Vantagepoint:2026.4: Kleinfelder: Load Testing - Windows/SQL Server 2025","Vantagepoint","2869979","[PERF] Vantagepoint:2026.4: Kleinfelder: Load Testing - Windows/SQL Server 2025 - Execution","Lotte Morales","Tests (correct)","2804972","5.5_004_DashboardProjectBase","VP 2026.3 August 11 SQL2025 Run","2850715","Failed","Lotte Morales",""
"2869975","[PERF] Vantagepoint:2026.4: Kleinfelder: Load Testing - Windows/SQL Server 2025","Vantagepoint","2869979","[PERF] Vantagepoint:2026.4: Kleinfelder: Load Testing - Windows/SQL Server 2025 - Execution","Lotte Morales","Tests (correct)","2804991","5.5_012_CreateVendorPaymentRun","VP 2026.3 August 11 SQL2025 Run","2850715","Failed","Lotte Morales",""
"2869975","[PERF] Vantagepoint:2026.4: Kleinfelder: Load Testing - Windows/SQL Server 2025","Vantagepoint","2869979","[PERF] Vantagepoint:2026.4: Kleinfelder: Load Testing - Windows/SQL Server 2025 - Execution","Lotte Morales","Tests (correct)","2804994","5.5_011_PreviewInvoiceInteractiveBilling","VP 2026.3 August 11 SQL2025 Run","2850715","Failed","Lotte Morales",""
"2869975","[PERF] Vantagepoint:2026.4: Kleinfelder: Load Testing - Windows/SQL Server 2025","Vantagepoint","2869979","[PERF] Vantagepoint:2026.4: Kleinfelder: Load Testing - Windows/SQL Server 2025 - Execution","Lotte Morales","Tests (correct)","2805005","5.5_006_RunAccountsReceivableReport","VP 2026.3 August 11 SQL2025 Run","2850715","Failed","Lotte Morales",""
"2869975","[PERF] Vantagepoint:2026.4: Kleinfelder: Load Testing - Windows/SQL Server 2025","Vantagepoint","2869979","[PERF] Vantagepoint:2026.4: Kleinfelder: Load Testing - Windows/SQL Server 2025 - Execution","Lotte Morales","Tests (correct)","2805007","5.5_008_RunResourcePlanningReport","VP 2026.3 August 11 SQL2025 Run","2850715","Failed","Lotte Morales",""
"2869975","[PERF] Vantagepoint:2026.4: Kleinfelder: Load Testing - Windows/SQL Server 2025","Vantagepoint","2869979","[PERF] Vantagepoint:2026.4: Kleinfelder: Load Testing - Windows/SQL Server 2025 - Execution","Lotte Morales","Tests (correct)","2805035","7.1_069_ProjectEarningsReportBiller","VP 2026.3 August 11 SQL2025 Run","2850715","Failed","Lotte Morales",""
"2869975","[PERF] Vantagepoint:2026.4: Kleinfelder: Load Testing - Windows/SQL Server 2025","Vantagepoint","2869979","[PERF] Vantagepoint:2026.4: Kleinfelder: Load Testing - Windows/SQL Server 2025 - Execution","Lotte Morales","Tests (correct)","2805037","7.2_071_CollectionsForecastBaseline","VP 2026.3 August 11 SQL2025 Run","2850715","Failed","Lotte Morales",""
"2869975","[PERF] Vantagepoint:2026.4: Kleinfelder: Load Testing - Windows/SQL Server 2025","Vantagepoint","2869979","[PERF] Vantagepoint:2026.4: Kleinfelder: Load Testing - Windows/SQL Server 2025 - Execution","Lotte Morales","Tests (correct)","2805038","7.2_072_CollectionsForecastMonthly","VP 2026.3 August 11 SQL2025 Run","2850715","Failed","Lotte Morales",""
"2869975","[PERF] Vantagepoint:2026.4: Kleinfelder: Load Testing - Windows/SQL Server 2025","Vantagepoint","2869979","[PERF] Vantagepoint:2026.4: Kleinfelder: Load Testing - Windows/SQL Server 2025 - Execution","Lotte Morales","Tests (correct)","2805039","7.2_073_CollectionsForecastWeekly","VP 2026.3 August 11 SQL2025 Run","2850715","Failed","Lotte Morales",""
"2869975","[PERF] Vantagepoint:2026.4: Kleinfelder: Load Testing - Windows/SQL Server 2025","Vantagepoint","2869979","[PERF] Vantagepoint:2026.4: Kleinfelder: Load Testing - Windows/SQL Server 2025 - Execution","Lotte Morales","Tests (correct)","2805042","2025.1_075_DocumentManagementUnder300Records","VP 2026.3 August 11 SQL2025 Run","2850715","Failed","Lotte Morales",""
"2869975","[PERF] Vantagepoint:2026.4: Kleinfelder: Load Testing - Windows/SQL Server 2025","Vantagepoint","2869979","[PERF] Vantagepoint:2026.4: Kleinfelder: Load Testing - Windows/SQL Server 2025 - Execution","Lotte Morales","Tests (correct)","2805043","2025.1_076_DocumentManagement300To600Records","VP 2026.3 August 11 SQL2025 Run","2850715","Failed","Lotte Morales",""
"2869975","[PERF] Vantagepoint:2026.4: Kleinfelder: Load Testing - Windows/SQL Server 2025","Vantagepoint","2869979","[PERF] Vantagepoint:2026.4: Kleinfelder: Load Testing - Windows/SQL Server 2025 - Execution","Lotte Morales","Tests (correct)","2805044","2025.1_077_DocumentManagementOver600Records","VP 2026.3 August 11 SQL2025 Run","2850715","Failed","Lotte Morales",""
"2869975","[PERF] Vantagepoint:2026.4: Kleinfelder: Load Testing - Windows/SQL Server 2025","Vantagepoint","2869979","[PERF] Vantagepoint:2026.4: Kleinfelder: Load Testing - Windows/SQL Server 2025 - Execution","Lotte Morales","Tests (correct)","2804969","5.5_026_CreateExpenseReport","VP 2026.3 August 12 SQL2025 Run","2850716","Failed","Lotte Morales",""
"2869975","[PERF] Vantagepoint:2026.4: Kleinfelder: Load Testing - Windows/SQL Server 2025","Vantagepoint","2869979","[PERF] Vantagepoint:2026.4: Kleinfelder: Load Testing - Windows/SQL Server 2025 - Execution","Lotte Morales","Tests (correct)","2804971","5.5_024_DashboardAccountDetailBase","VP 2026.3 August 12 SQL2025 Run","2850716","Failed","Lotte Morales",""
"2869975","[PERF] Vantagepoint:2026.4: Kleinfelder: Load Testing - Windows/SQL Server 2025","Vantagepoint","2869979","[PERF] Vantagepoint:2026.4: Kleinfelder: Load Testing - Windows/SQL Server 2025 - Execution","Lotte Morales","Tests (correct)","2804973","5.5_025_DashboardARDetailBase","VP 2026.3 August 12 SQL2025 Run","2850716","Failed","Lotte Morales",""
"2869975","[PERF] Vantagepoint:2026.4: Kleinfelder: Load Testing - Windows/SQL Server 2025","Vantagepoint","2869979","[PERF] Vantagepoint:2026.4: Kleinfelder: Load Testing - Windows/SQL Server 2025 - Execution","Lotte Morales","Tests (correct)","2804988","5.5_014_RetrieveClientsOutstandingAR","VP 2026.3 August 12 SQL2025 Run","2850716","Failed","Lotte Morales",""
"2869975","[PERF] Vantagepoint:2026.4: Kleinfelder: Load Testing - Windows/SQL Server 2025","Vantagepoint","2869979","[PERF] Vantagepoint:2026.4: Kleinfelder: Load Testing - Windows/SQL Server 2025 - Execution","Lotte Morales","Tests (correct)","2804999","5.5_028_RunProjectEarningsReport","VP 2026.3 August 12 SQL2025 Run","2850716","Failed","Lotte Morales",""
"2869975","[PERF] Vantagepoint:2026.4: Kleinfelder: Load Testing - Windows/SQL Server 2025","Vantagepoint","2869979","[PERF] Vantagepoint:2026.4: Kleinfelder: Load Testing - Windows/SQL Server 2025 - Execution","Lotte Morales","Tests (correct)","2805003","5.5_027_RunAccountingReport","VP 2026.3 August 12 SQL2025 Run","2850716","Failed","Lotte Morales",""
"2869975","[PERF] Vantagepoint:2026.4: Kleinfelder: Load Testing - Windows/SQL Server 2025","Vantagepoint","2869979","[PERF] Vantagepoint:2026.4: Kleinfelder: Load Testing - Windows/SQL Server 2025 - Execution","Lotte Morales","Tests (correct)","2776949","5.5_034_CreatePurchaseOrderSubmit","VP 2026.3 August 13 SQL2025 Run","2850717","Failed","Lotte Morales",""
"2869975","[PERF] Vantagepoint:2026.4: Kleinfelder: Load Testing - Windows/SQL Server 2025","Vantagepoint","2869979","[PERF] Vantagepoint:2026.4: Kleinfelder: Load Testing - Windows/SQL Server 2025 - Execution","Lotte Morales","Tests (correct)","2804992","5.5_045_CreateEmployeePaymentRun","VP 2026.3 August 13 SQL2025 Run","2850717","Failed","Lotte Morales",""
"2869975","[PERF] Vantagepoint:2026.4: Kleinfelder: Load Testing - Windows/SQL Server 2025","Vantagepoint","2869979","[PERF] Vantagepoint:2026.4: Kleinfelder: Load Testing - Windows/SQL Server 2025 - Execution","Lotte Morales","Tests (correct)","2804993","5.5_057_RunBatchBilling","VP 2026.3 August 13 SQL2025 Run","2850717","Failed","Lotte Morales",""
"2869975","[PERF] Vantagepoint:2026.4: Kleinfelder: Load Testing - Windows/SQL Server 2025","Vantagepoint","2869979","[PERF] Vantagepoint:2026.4: Kleinfelder: Load Testing - Windows/SQL Server 2025 - Execution","Lotte Morales","Tests (correct)","2804996","5.5_034_CreatePurchaseOrderSubmit","VP 2026.3 August 13 SQL2025 Run","2850717","Failed","Lotte Morales",""
"2869975","[PERF] Vantagepoint:2026.4: Kleinfelder: Load Testing - Windows/SQL Server 2025","Vantagepoint","2869979","[PERF] Vantagepoint:2026.4: Kleinfelder: Load Testing - Windows/SQL Server 2025 - Execution","Lotte Morales","Tests (correct)","2804997","5.5_035_CreateItemInPurchaseOrder","VP 2026.3 August 13 SQL2025 Run","2850717","Failed","Lotte Morales",""
"2869975","[PERF] Vantagepoint:2026.4: Kleinfelder: Load Testing - Windows/SQL Server 2025","Vantagepoint","2869979","[PERF] Vantagepoint:2026.4: Kleinfelder: Load Testing - Windows/SQL Server 2025 - Execution","Lotte Morales","Tests (correct)","2804998","5.5_067_CreatePurchaseRequisitionSubmit","VP 2026.3 August 13 SQL2025 Run","2850717","Failed","Lotte Morales",""
"2869975","[PERF] Vantagepoint:2026.4: Kleinfelder: Load Testing - Windows/SQL Server 2025","Vantagepoint","2869979","[PERF] Vantagepoint:2026.4: Kleinfelder: Load Testing - Windows/SQL Server 2025 - Execution","Lotte Morales","Tests (correct)","2805000","5.5_056_RunProjectEarningsReportSummary","VP 2026.3 August 13 SQL2025 Run","2850717","Failed","Lotte Morales",""
"2869975","[PERF] Vantagepoint:2026.4: Kleinfelder: Load Testing - Windows/SQL Server 2025","Vantagepoint","2869979","[PERF] Vantagepoint:2026.4: Kleinfelder: Load Testing - Windows/SQL Server 2025 - Execution","Lotte Morales","Tests (correct)","2805001","5.5_040_RunGeneralLedgerReport","VP 2026.3 August 13 SQL2025 Run","2850717","Failed","Lotte Morales",""
"2869975","[PERF] Vantagepoint:2026.4: Kleinfelder: Load Testing - Windows/SQL Server 2025","Vantagepoint","2869979","[PERF] Vantagepoint:2026.4: Kleinfelder: Load Testing - Windows/SQL Server 2025 - Execution","Lotte Morales","Tests (correct)","2805002","5.5_068_RunGeneralLedgerReportSummary","VP 2026.3 August 13 SQL2025 Run","2850717","Failed","Lotte Morales",""
"2869975","[PERF] Vantagepoint:2026.4: Kleinfelder: Load Testing - Windows/SQL Server 2025","Vantagepoint","2869979","[PERF] Vantagepoint:2026.4: Kleinfelder: Load Testing - Windows/SQL Server 2025 - Execution","Lotte Morales","Tests (correct)","2805004","5.5_037_RunAccountsPayableReport","VP 2026.3 August 13 SQL2025 Run","2850717","Failed","Lotte Morales",""
"2869975","[PERF] Vantagepoint:2026.4: Kleinfelder: Load Testing - Windows/SQL Server 2025","Vantagepoint","2869979","[PERF] Vantagepoint:2026.4: Kleinfelder: Load Testing - Windows/SQL Server 2025 - Execution","Lotte Morales","Tests (correct)","2805006","5.5_030_RunBillingReport","VP 2026.3 August 13 SQL2025 Run","2850717","Failed","Lotte Morales",""
"2869975","[PERF] Vantagepoint:2026.4: Kleinfelder: Load Testing - Windows/SQL Server 2025","Vantagepoint","2869979","[PERF] Vantagepoint:2026.4: Kleinfelder: Load Testing - Windows/SQL Server 2025 - Execution","Lotte Morales","Tests (correct)","2805008","5.5_031_CreatePayrollPaymentRunAll","VP 2026.3 August 13 SQL2025 Run","2850717","Failed","Lotte Morales",""
"2869975","[PERF] Vantagepoint:2026.4: Kleinfelder: Load Testing - Windows/SQL Server 2025","Vantagepoint","2869979","[PERF] Vantagepoint:2026.4: Kleinfelder: Load Testing - Windows/SQL Server 2025 - Execution","Lotte Morales","Tests (correct)","2805014","5.5_041_CreateRole","VP 2026.3 August 13 SQL2025 Run","2850717","Failed","Lotte Morales",""
"2869975","[PERF] Vantagepoint:2026.4: Kleinfelder: Load Testing - Windows/SQL Server 2025","Vantagepoint","2869979","[PERF] Vantagepoint:2026.4: Kleinfelder: Load Testing - Windows/SQL Server 2025 - Execution","Lotte Morales","Tests (correct)","2805015","5.5_042_LinkUserToRole","VP 2026.3 August 13 SQL2025 Run","2850717","Failed","Lotte Morales",""
"2869975","[PERF] Vantagepoint:2026.4: Kleinfelder: Load Testing - Windows/SQL Server 2025","Vantagepoint","2869979","[PERF] Vantagepoint:2026.4: Kleinfelder: Load Testing - Windows/SQL Server 2025 - Execution","Lotte Morales","Tests (correct)","2805028","6.5_063_ProjectRequestApprovalProcessingCenter","VP 2026.3 August 13 SQL2025 Run","2850717","Failed","Lotte Morales",""
"2869975","[PERF] Vantagepoint:2026.4: Kleinfelder: Load Testing - Windows/SQL Server 2025","Vantagepoint","2869979","[PERF] Vantagepoint:2026.4: Kleinfelder: Load Testing - Windows/SQL Server 2025 - Execution","Lotte Morales","Tests (correct)","2805033","7.0_046_RunOfficeEarningsReport","VP 2026.3 August 13 SQL2025 Run","2850717","Failed","Lotte Morales",""
